This is XeTeX, Version 3.141592653-2.6-0.999995 (TeX Live 2023/Debian) (preloaded format=xetex 2026.9.6)  10 OCT 2026 21:54
entering extended mode
 restricted \write18 enabled.
 %&-line parsing enabled.
**akjv-two_Default_GEN-GLO_ptxp.tex
(/work/projects/_PTXprint/akjv-two/local/ptxprint/Default/akjv-two_Default_GEN-GLO_ptxp.tex (/usr/share/ptx2pdf/texmacros/paratext2.tex This is xetex "0" "999995"
\@ndhooks=\toks13
\st@rtptxhooks=\toks14
\@ndptxhooks=\toks15
\@nithooks=\toks16
\@idhooks=\toks17
\@veryparhooks=\toks18
\@veryparstarthooks=\toks19
\p@rstylehooks=\toks20
\p@rnum=\count28
 (/usr/share/ptx2pdf/texmacros/ptx-constants.tex) (/usr/share/ptx2pdf/texmacros/ptx-utility.tex
\s@vedeofdepth=\count29
\usedm@rks=\toks21
) (/usr/share/ptx2pdf/texmacros/ptx-tracing.tex
\TRACEcount=\count30
 Tracing routines registered for: A b B C c ch cov d dP D De Df Dh Ds dm dmp dmc e eg eb ebi eh et f fp F Fe g G gI h hv H i imt I j m mx M ma n nS o oh orn p pt P per s sa sb spv ss sP sc sC sh sk sko S t tim T u V v x) (/usr/share/ptx2pdf/texmacros/ptx-diglot.tex
\diglotDbgJoinboxes=\count31
\r@a@trialdepth=\count32
\GrowUnprintableLimit=\count277
 Special penalty dgl@tPenColSwap is -10002 Special penalty dgl@tPenInternalRpt is -10003 Special penalty dgl@tPenLtrialEnd is -10004 Special penalty dgl@tPenRtrialEnd is -10005 Special penalty dgl@tPenOverrun is -10006
\diglotLho@ks=\toks22
\diglotRho@ks=\toks23
\FontSizeUnitL=\dimen20
\FontSizeUnitR=\dimen21
\le@dingunitL=\dimen22
\le@dingunitR=\dimen23
\onel@neunitL=\dimen24
\onel@neunitR=\dimen25
\verticalsp@ceunitL=\dimen26
\verticalsp@ceunitR=\dimen27
\IndentUnitL=\dimen28
\IndentUnitR=\dimen29
\p@rlinesgone-L=\count33
\p@rlinesgone-R=\count34
\curr@djparL=\count35
\curr@djparR=\count36
\p@rnumL=\count37
\p@rnumR=\count38
\@numcutsL=\count39
\@numcutsR=\count40
\dropped@ther@linesL=\count41
\dropped@ther@linesR=\count42
\n@xtpartialNrml=\box20
\n@xtpartialRev=\box21
\wholeL=\box22
\partialL=\box23
\excessL=\box24
\excessR=\box25
\wholeR=\box26
\partialR=\box27
\trialbox=\box28
\savedpenalty=\count43
\tmpcount=\count44
\curactivecols=\count45
\Lboxpenalty=\count46
\Rboxpenalty=\count47
\partialLpenalty=\count48
\partialRpenalty=\count49
\endtri@lpen@lty=\count50
\chunkpenalty=\count51
\lastchunkpenalty=\count52
\@bls=\dimen30
\tri@ldelta=\dimen31
\unprint@ble=\count53
\columnLwidth=\dimen32
\columnRwidth=\dimen33
\availhtL=\dimen34
\availhtR=\dimen35
\availht@com=\dimen36
\chunkDelta=\dimen37
\p@geChunkDelta=\dimen38
\baselineDelta=\dimen39
\baselineDeltaL=\dimen40
\baselineDeltaR=\dimen41
\thisjointDelta=\dimen42
\cumulativeDeltaL=\count54
\cumulativeDeltaR=\count55
\cumulativeDelta=\count56
\adjustp@ge=\dimen43
\@ftergalleyskip=\dimen44
\Lht=\dimen45
\Rht=\dimen46
\TempDim=\dimen47
\Lbox=\box29
\Rbox=\box30
\MaxPages=\count57
\topchunk=\box31
\botchunk=\box32
\notechunk=\box33
\triall@@pcount=\count58
) (/usr/share/ptx2pdf/texmacros/ptx-para-style.tex
\l@stparbadness=\count59
\c@rrentcols=\count60
\headingtopspace=\skip18
\headingmidspace=\skip19
\he@dingbox=\box34
\upwardsHackDiff=\dimen48
\lastdepth=\dimen49
\dropped@ther@lines=\count61
\p@rlocs=\write0
\readp@rlocs=\read1
\prev@y=\count62
\this@y=\count63
\thing@y=\count64
\tmp@lines=\count65
\thispar@lines=\count66
\p@rlinesgoneMonoglot=\count67
\pr@vdelay=\count68
\th@sdelay=\count69
\j@nkbox=\box35
\tmpctsb@x=\box36
\ch@pterwd=\dimen50
\ch@pterdp=\dimen51
\ch@pterbox=\box37
\ch@pternote=\box38
\str@tbox=\box39
\tagCount=\count70
) (/usr/share/ptx2pdf/texmacros/ptx-char-style.tex
\f@ntl@g=\write1
\end@box@run=\toks24
\start@box@run=\toks25
\minfontsize=\dimen52
\ulb@x=\box40
\n@tenesting=\count71
\p@ranesting=\count72
) (/usr/share/ptx2pdf/texmacros/ptx-milestone-style.tex
\tmpt@ks=\toks26
\it@mcount=\count73
\afterwordpages=\count74
\num@rgs=\count75
\ISBNfontdim=\dimen53
) (/usr/share/ptx2pdf/texmacros/ptx-note-style.tex
\n@tecl@sses=\toks27
\n@teid=\count76
\AboveNoteSpace=\dimen54
\InterNoteSpace=\dimen55
\NoteCallerWidth=\dimen56
\NoteCallerSpace=\dimen57
\n@tedepth=\dimen58
\fmc@unt=\count77
\he@dingnotes=\box41
\t@blenotes=\box42
\n@tetmp=\box43
\d@note=\toks28
\currn@tetparnum=\count78
\endn@teclasses=\toks29
\plac@ndnotes=\toks30
\f@@tstrut=\box44
\AboveStudyNoteSpace=\dimen59
\AboveEndNoteSpace=\dimen60
\n@tewidth=\dimen61
\lastnoteinterlinepenalty=\count79
\lastnoteparpenalty=\count80
\lastnotewidowpenalty=\count81
\lastnoteclubpenalty=\count82
\earlynoteinterlinepen@lty=\count83
\internoteskip=\skip20
\noteRag=\skip21
\xr@fbox=\box45
\XrefB@x=\box46
\XrefSkip=\dimen62
\tracingonce=\count84
) (/usr/share/ptx2pdf/texmacros/ptx-stylesheet.tex
\pstr@t=\box47
\dropnumbersize=\dimen63
\dropnumberraise=\dimen64
\v@rsehooks=\toks31
\prev@rsehooks=\toks32
\gr@btoks=\toks33
\styl@sheet=\read2
\origb@selineskip=\dimen65
 Special penalty book@ndpenalty is -10007 Special penalty sect@ndpenalty is -10008
\t@stread=\read3
\AdjListPath=\toks34
\PicListPath=\toks35
\TrigListPath=\toks36
\PtxFilePath=\toks37
\do@ctive=\toks38
ch> DefineActiveChar: 91
ch> DefineActiveChar: 40
\usfm@major=\count85
\usfm@minor=\count86
\c@th@@ks=\toks39
\afterh@@ks=\toks40
\FontSizeUnit=\dimen66
\IndentUnit=\dimen67
\PaperWidth=\dimen68
\PaperHeight=\dimen69
\MarginUnit=\dimen70
\BindingGutter=\dimen71
\TitleColumns=\count87
\IntroColumns=\count88
\BodyColumns=\count89
\le@dingunit=\dimen72
\onel@neunit=\dimen73
\verticalsp@ceunit=\dimen74
\topm@rgin=\dimen75
\bottomm@rgin=\dimen76
\bmg@p=\dimen77
\textwidth=\dimen78
\textheight=\dimen79
\colwidth=\dimen80
\ExtraRMargin=\dimen81
\gutter=\dimen82
\XrefNotesWidth=\dimen83
\XrefNotesMargin=\dimen84
) (/usr/share/ptx2pdf/texmacros/ptx-periph.tex
\periphdepth=\count90
\an@nymousperiphs=\count91
) (/usr/share/ptx2pdf/texmacros/ptx-attribute.tex) (/usr/share/ptx2pdf/texmacros/ptx-references.tex
\c@untA=\count92
\c@untB=\count93
\oddhead=\toks41
\evenhead=\toks42
\titleoddhead=\toks43
\titleevenhead=\toks44
\noVoddhead=\toks45
\noVevenhead=\toks46
\oddfoot=\toks47
\evenfoot=\toks48
\titleevenfoot=\toks49
\titleoddfoot=\toks50
\noVoddfoot=\toks51
\noVevenfoot=\toks52
) (/usr/share/ptx2pdf/texmacros/ptx-cropmarks.tex
\topcr@p=\box48
\bottomcr@p=\box49
\pdfcropwidth=\dimen85
\pdfcropheight=\dimen86
\tabheight=\dimen87
\tabwidth=\dimen88
\TabsStart=\dimen89
\TabsEnd=\dimen90
\NumTabs=\count94
\gp@boxN=\box50
\gp@boxL=\box51
\gp@boxR=\box52
\b@rder=\box53
\instopcr@p=\box54
\insbottomcr@p=\box55
\sp@newidth=\dimen91
\bl@eds=\dimen92
\h@nge=\dimen93
) (/usr/share/ptx2pdf/texmacros/ptx-toc.tex
\t@cfile=\write2
\l@tfile=\write3
\tocc@l=\count95
\t@ccount=\count96
\l@drsbox=\box56
) (/usr/share/ptx2pdf/texmacros/ptx-tables.tex
\t@bleinserts=\box57
\s@vedm@rks=\toks53
\s@vedmarkcount=\count97
\t@blehsize=\dimen94
\cellb@x=\box58
\t@talwidth=\dimen95
\trmargin=\dimen96
\linec@unt=\count98
\lct@mp=\count99
\sp@re=\dimen97
\exc@ss=\dimen98
\thr@shold=\dimen99
\nth@line=\count100
\tabler@ws=\count101
\maxtablec@l=\count102
\tablec@l=\count103
\@col=\count104
\@row=\count105
\allocatedtablec@ls=\count106
) (/usr/share/ptx2pdf/texmacros/ptx-triggers.tex
\trigg@rchecks=\toks54
) (/usr/share/ptx2pdf/texmacros/ptx-adj-list.tex
\@djparindex=\count107
\@djlist=\read4
\curr@djpar=\count108
) (/usr/share/ptx2pdf/texmacros/ptx-pic-list.tex
\p@clistsuff=\count109
\p@clistentries=\count110
\p@clistused=\count111
\p@cusecheck=\toks55
\p@clist=\read5
) (/usr/share/ptx2pdf/texmacros/ptx-cutouts.tex
\@numcuts=\count112
\@parshapelines=\count113
\@index=\count114
\@line=\count115
\@after=\count116
\@until=\count117
\@width=\dimen100
\@indent=\dimen101
\@hsize=\dimen102
) (/usr/share/ptx2pdf/texmacros/ptx-callers.tex
\c@llernum=\count118
\numc@llers=\count119
\n@tepages=\write4
\n@tepagetest=\read6
\AutoCallerStartChar=\count120
\AutoCallerNumChars=\count121
) (/usr/share/ptx2pdf/texmacros/ptx-figure.tex
\bottomins=\insert252
\verybottomins=\insert251
\topleftins=\insert250
\toprightins=\insert249
\bottomleftins=\insert248
\bottomrightins=\insert247
\tmpcountB=\count122
\c@ptionbox=\box59
\FigCreditPadding=\dimen103
\FigCreditOverEdgeV=\dimen104
\FigCreditOverEdgeH=\dimen105
\PicPath=\toks56
\newpicb@x=\box60
\picb@x=\box61
\picb@xR=\box62
\wholepagepic=\box63
\p@ramnumber=\count123
\notim@gecount=\count124
\p@cinswid=\dimen106
\p@cwidth=\dimen107
\p@cheight=\dimen108
\p@chshift=\dimen109
\otherinsht=\dimen110
\picl@ctest=\read7
\picp@ges=\write5
\onship@ut=\toks57
) (/usr/share/ptx2pdf/texmacros/ptxplus-character-kerning.tex
\quotekernamount=\dimen111
ch> DefineActiveChar: 8216
ch> DefineActiveChar: 8217
ch> DefineActiveChar: 8220
ch> DefineActiveChar: 8221
) (/usr/share/ptx2pdf/texmacros/ptx-unicode.tex
\KclassVir=\XeTeXcharclass4
\KclassCM=\XeTeXcharclass5
\KclassNum=\XeTeXcharclass6
\KclassArabL=\XeTeXcharclass7
\KclassArabR=\XeTeXcharclass8
\KclassArabD=\XeTeXcharclass9
\KclassArabU=\XeTeXcharclass10
\KclassIgnore=\XeTeXcharclass11
) (/usr/share/ptx2pdf/texmacros/ptx-extended.tex
\extb@x=\box64
\extchunkb@x=\box65
\sid@barnotes=\box66
\old@bx=\toks58
\feintb@xnum=\count125
\sb@rwidth=\dimen112
\sb@rchunkh@ight=\dimen113
\sb@rus@dheightl=\dimen114
\sb@rus@dheightr=\dimen115
) (/usr/share/ptx2pdf/texmacros/ptx-borders.tex
\b@rderbox=\box67
\minblackline=\dimen116
\mincolourline=\dimen117
\minwhiteline=\dimen118
\mingreyline=\dimen119
\TextBorderMode=\count126
) (/usr/share/ptx2pdf/texmacros/ptx-labels.tex) (/usr/share/ptx2pdf/texmacros/ptx-output.tex Special penalty b@ckuppenalty is -10009
\aftergalleyskip=\dimen120
\RHruleposition=\dimen121
\t@xttrialheight=\dimen122
\partial=\box68
\ornXFids=\count127
\ornXobjects=\box69
\bookendbox=\box70
\galley=\box71
\galleypenalty=\count128
\trialheight=\dimen123
\lastd@pth=\dimen124
\s@vedpage=\box72
\availht=\dimen125
\shortavail=\dimen126
\colhtA=\dimen127
\colhtB=\dimen128
\colA=\box73
\colB=\box74
\loopcount=\count129
\availA=\dimen129
\availB=\dimen130
\b@lbestavail=\dimen131
\b@lbestdiff=\dimen132
\t@vailht=\dimen133
\sh@vedim=\dimen134
\sh@venotes=\toks59
\tmp@everypar=\toks60
\coln@tebox=\box75
\n@tesbox=\box76
\n@tesoverrun=\box77
\bestavailht=\dimen135
\und@rfill=\dimen136
\columnshift=\dimen137
\ruleshift=\dimen138
\ColumnGutterRuleSkip=\dimen139
\RuleThickness=\dimen140
\StudyColumnGutterRuleSkip=\dimen141
\t@mpfile=\read8
\colhtC=\dimen142
\colC=\box78
) (/usr/share/ptx2pdf/texmacros/ptx-plugins.tex (/usr/share/ptx2pdf/texmacros/cover.tex) (/usr/share/ptx2pdf/texmacros/ornaments.tex
\OrnamentUnit=\dimen143
\pdf@xunit=\dimen144
\pdf@yunit=\dimen145
\tmptoks=\toks61
\theornament=\box79
\theorngroup=\box80
\orn@strings=\count130
\fill@target=\dimen146
\orn@seq@num=\count131
\mult@count=\count132
\fill@fixed=\dimen147
\fill@stretch=\dimen148
\fill@mult=\dimen149
\fill@mult@min=\dimen150
\fill@mult@min@used=\dimen151
\mult@classes=\toks62
\best@score=\count133
\best@adjust=\dimen152
\best@stretch=\dimen153
\orn@bdr@bot=\box81
\orn@bdr@left=\box82
\orn@bdr@right=\box83
\orn@bdr@top=\box84
)) (/usr/share/ptx2pdf/texmacros/marginnotes.tex
\m@rginnotes=\write6
\m@rginboxes=\box85
\marginnotesgap=\dimen154
\marginnoteswidth=\dimen155
\pcount=\count134
)
\pdfp@ges=\count135
\whichp@ge=\count136
\im@gecount=\count137
\totalp@ges=\count138
\badspacepenalty=\count139
) (/usr/share/ptx2pdf/texmacros/ptx-ptxprint.tex
ch> DefineActiveChar: 65004
ch> DefineActiveChar: 65005
) Reading Paratext stylesheet "standardborders.sty" ()... [\bdr-Vectorian10inside [\bdr-Vectorian15inside [\bdr-Vectorian20inside [\bdr-Vectorian10outside [\bdr-Vectorian5outside [\bdr-Han10inside [\bdr-Han15inside [\bdr-Han15outside [\bdr-Vectorian1 [\bdr-Vectorian2 [\bdr-Vectorian3 [\bdr-Vectorian4 [\bdr-v88 [\bdr-v88out [\bdr-v88r [\bdr-v88c [\bdr-v86c [\bdr-v86out [\bdr-v85r [\bdr-v85 [\bdr-v85out [\bdr-vrule5 [\bdr-vrule10 [\bdr-vrule12 [\bdr-vrule15 [\bdr-vrule20 [\bdr-VectorianRule1 [\cat:VectorianRule1|zrule [\bdr-VectorianRule2 [\cat:VectorianRule2|zrule [\bdr-VectorianRule3 [\cat:VectorianRule3|zrule [\bdr-VectorianRule4 [\cat:VectorianRule4|zrule [\bdr-VectorianRule3m [\cat:VectorianRule3m|zrule [\bdr-VectorianRule3b [\cat:VectorianRule3b|zrule [\bdr-VectorianRule85 [\cat:VectorianRule85|zrule [\bdr-VectorianRule85v [\cat:VectorianRule85v|zrule [\bdr-VectorianRule85s [\cat:VectorianRule85s|zrule [\bdr-VectorianRule86 [\cat:VectorianRule86|zrule [\bdr-VectorianRule87 [\cat:VectorianRule87|zrule [\bdr-VectorianRule88 [\cat:VectorianRule88|zrule [\bdr-VectorianRule89 [\cat:VectorianRule89|zrule [\bdr-hrule5 [\bdr-hrule8 [\bdr-HanRule62 [\cat:HanRule62|zrule [\bdr-HanRule62v [\cat:HanRule62v|zrule [\bdr-HanRule35 [\cat:HanRule35|zrule [\bdr-HanRule47 [\cat:HanRule47|zrule [\bdr-Han1 [\bdr-Han2 [\bdr-Han3 [\bdr-Han4 [\bdr-Han5 [\bdr-Han6 [\bdr-mapedge [\bdr-MapEdge1 [\bdr-MapEdge2 [\bdr-MapEdge3 [\bdr-MapEdge4 [\bdr-MapEdge5 [\bdr-MapEdge6 [\bdr-MapEdge7 [\bdr-MapEdge8 [\bdr-MapEdge9 [\bdr-MapEdge10 [\bdr-MapEdge11 [\bdr-MapEdge12 [\bdr-MapEdge13 [\bdr-MapEdge14 [\bdr-MapEdge15 [\cat:MapEdge1|fig [\cat:MapEdge2|fig [\cat:MapEdge3|fig [\cat:MapEdge4|fig [\cat:MapEdge5|fig [\cat:MapEdge6|fig [\cat:MapEdge7|fig [\cat:MapEdge8|fig [\cat:MapEdge9|fig [\cat:MapEdge10|fig [\cat:MapEdge11|fig [\cat:MapEdge12|fig [\cat:MapEdge13|fig [\cat:MapEdge14|fig [\cat:MapEdge15|fig
Reading optional file "pgflibrarypgfhan.code.tex"
 (/usr/share/ptx2pdf/texmacros/contrib/ornaments/pgflibrarypgfhan.code.tex 2020/04/03 1.0 pgflibraryhan.code.tex)
Reading optional file "pgflibraryvectorian.code.tex"
 (/usr/share/ptx2pdf/texmacros/contrib/ornaments/pgflibraryvectorian.code.tex 2020/04/06 1.1 pgflibraryvectorian.code.tex) Reading Paratext stylesheet "usfm_sb.sty" ()... [\id ] [\usfm ] [\ide ] [\h ] [\h1 ] [\h2 ] [\h3 ] [\toc1 ] [\toc2 ] [\toc3 ] [\toca1 ] [\toca2 ] [\toca3 ] [\rem ] [\sts ] [\restore ] [\imt ] [\imt1 ] [\imt2 ] [\imt3 ] [\imt4 ] [\imte ] [\imte1 ] [\imte2 ] [\is ] [\is1 ] [\is2 ] [\iot ] [\io ] [\io1 ] [\io2 ] [\io3 ] [\io4 ] [\ior ] [\ip ] [\im ] [\ipi ] [\imi ] [\ili ] [\ili1 ] [\ili2 ] [\ipq ] [\imq ] [\ipr ] [\ib ] [\iq ] [\iq1 ] [\iq2 ] [\iq3 ] [\iex ] [\iqt ] [\ie ] [\c ] [\ca ] [\cp ] [\cl ] [\cd ] [\v ] [\va ] [\vp ] [\p ] [\m ] [\po ] [\pr ] [\cls ] [\pmo ] [\pm ] [\pmc ] [\pmr ] [\pi ] [\pi1 ] [\pi2 ] [\pi3 ] [\pc ] [\mi ] [\nb ] [\q ] [\q1 ] [\q2 ] [\q3 ] [\q4 ] [\qc ] [\qr ] [\qs ] [\qa ] [\qac ] [\qm ] [\qm1 ] [\qm2 ] [\qm3 ] [\qd ] [\b ] [\mt ] [\mt1 ] [\mt2 ] [\mt3 ] [\mt4 ] [\mte ] [\mte1 ] [\mte2 ] [\ms ] [\mse ] [\ms1 ] [\ms2 ] [\ms2e ] [\ms3 ] [\ms3e ] [\mr ] [\s ] [\s1 ] [\s1e ] [\s2 ] [\s2e ] [\s3 ] [\s3e ] [\s4 ] [\s4e ] [\sr ] [\r ] [\sp ] [\d ] [\sd ] [\sd1 ] [\sd2 ] [\sd3 ] [\sd4 ] [\tr ] [\th1 ] [\th2 ] [\th3 ] [\th4 ] [\th5 ] [\th6 ] [\th7 ] [\th8 ] [\tc1 ] [\tc2 ] [\tc3 ] [\tc4 ] [\tc5 ] [\tc6 ] [\tc7 ] [\tc8 ] [\thc1 ] [\thc2 ] [\thc3 ] [\thc4 ] [\thc5 ] [\thc6 ] [\thc7 ] [\thc8 ] [\tcc1 ] [\tcc2 ] [\tcc3 ] [\tcc4 ] [\tcc5 ] [\tcc6 ] [\tcc7 ] [\tcc8 ] [\thr1 ] [\thr2 ] [\thr3 ] [\thr4 ] [\thr5 ] [\thr6 ] [\thr7 ] [\thr8 ] [\tcr1 ] [\tcr2 ] [\tcr3 ] [\tcr4 ] [\tcr5 ] [\tcr6 ] [\tcr7 ] [\tcr8 ] [\lh ] [\li ] [\li1 ] [\li2 ] [\li3 ] [\li4 ] [\lf ] [\lim ] [\lim1 ] [\lim2 ] [\lim3 ] [\lim4 ] [\litl ] [\lik ] [\liv ] [\liv1 ] [\liv2 ] [\liv3 ] [\liv4 ] [\f
\note-f=\insert246
\noteb@x-f=\box86
\notesave1-f=\box87
\notesave2-f=\box88
\notesave3-f=\box89
\refn@te-f=\count140
 ] [\fe
\note-fe=\insert245
\noteb@x-fe=\box90
\notesave1-fe=\box91
\notesave2-fe=\box92
\notesave3-fe=\box93
\refn@te-fe=\count141
 ] [\fr ] [\ft ] [\fk ] [\fq ] [\fqa ] [\fl ] [\fw ] [\fp ] [\fs ] [\fv ] [\fdc ] [\fm ] [\x
\note-x=\insert244
\noteb@x-x=\box94
\notesave1-x=\box95
\notesave2-x=\box96
\notesave3-x=\box97
\refn@te-x=\count142
 ] [\xo ] [\xop ] [\xt ] [\xta ] [\xk ] [\xq ] [\xot ] [\xnt ] [\xdc ] [\rq ] [\ef
\note-ef=\insert243
\noteb@x-ef=\box98
\notesave1-ef=\box99
\notesave2-ef=\box100
\notesave3-ef=\box101
\refn@te-ef=\count143
 ] [\ex
\note-ex=\insert242
\noteb@x-ex=\box102
\notesave1-ex=\box103
\notesave2-ex=\box104
\notesave3-ex=\box105
\refn@te-ex=\count144
 ] [\esb ] [\esbe ] [\erq ] [\erqe ] [\cat ] [\qt ] [\nd ] [\tl ] [\dc ] [\bk ] [\sig ] [\pn ] [\png ] [\addpn ] [\wj ] [\k ] [\sls ] [\ord ] [\add ] [\lit ] [\no ] [\it ] [\bd ] [\bdit ] [\em ] [\sc ] [\sup ] [\pb ] [\fig ] [\jmp ] [\pro ] [\rb ] [\w ] [\wh ] [\wg ] [\wa ] [\ndx ] [\periph ] [\p1 ] [\p2 ] [\k1 ] [\k2 ] [\xtSee ] [\xtSeeAlso ] [\qt-s ] [\qt1-s ] [\qt2-s ] [\qt3-s ] [\qt4-s ] [\qt5-s ] [\ts-s ] [\ph ] [\ph1 ] [\ph2 ] [\ph3 ] [\phi ] [\tr1 ] [\tr2 ] [\ps ] [\psi ] [\wr ] [\pub ] [\toc ] [\pref ] [\intro ] [\conc ] [\glo ] [\idx ] [\maps ] [\cov ] [\spine ] [\pubinfo ] [\zpa-xb ] [\zpa-xc ] [\zpa-xv ] [\zpa-d ] Reading Paratext stylesheet "ptx2pdf.sty" ()... [\k [\imt [\imt1 [\imt2 [\imt3 [\imt4 [\imte [\imte1 [\imte2 [\is [\is1 [\is2 [\iot [\io1 [\io2 [\io3 [\io4 [\ip [\im [\ipi [\imi [\ili [\ili1 [\ili2 [\ipq [\imq [\ipr [\ib [\iq [\iq1 [\iq2 [\iq3 [\iex [\ie [\mt [\mt1 [\mt2 [\mt3 [\mt4 [\p [\m [\ms [\b [\ib [\pi [\pi1 [\pi2 [\pi3 [\pc [\mi [\nb [\pn [\nd [\r [\s [\s1 [\s1e [\s2 [\s2e [\s3 [\s3e [\s4 [\s4e [\sr [\d [\lh [\li [\li1 [\li2 [\li3 [\li4 [\pb [\q [\q1 [\q2 [\q3 [\q4 [\qc [\qr [\pi [\pi1 [\pi2 [\pi3 [\tr [\p1 [\p2 [\v [\f [\fr [\fp ] [\fq [\fqa [\fk [\ft [\fv [\fm [\fdc [\x [\xo [\xq [\xk [\xdc [\xot [\xnt [\xt [\iqt [\pmo [\pm [\pmc [\qs [\rq [\pro [\wr [\wh [\wg [\wl ] [\fig [\periph [\rem [\rb ] [\it [\sc [\no [\bd [\bdit [\em [\cat [\err ] [\inc ] [\vrs ] [\ref ] [\refnp ] [\rep ] [\mod ] [\qt-s [\ampersand ] [\asterisk ] [\circumflex ] [\dollar ] [\dopagenums ] [\zfooter ] [\hash ] [\nopagenums ] [\percent ] [\resetpagenums ] [\space ] [\zNeedOddPage ] [\zNeedEvenPage ] [\zNeedQuadPage ] [\xtd ] [\xtl ] [\xtn ] [\xts ] [\xtr ] [\xti ] [\gloss|rb ] [\zthumbtab ] [\cat:colophon|esb [\zimagecopyrights ] [\zfiga ] [\zpdf ] [\zifvarset ] [\zifhook ] [\ztruetext ] [\zfalsetext ] [\ztoc ] [\zfillsignature ] [\zvar ] [\zgetperiph ] [\zISBNbarcode ] [\x-credit [\Dark|x-credit [\Light|x-credit [\None|x-credit [\toc3 [\zbl ] [\zrule ] [\zmakeinsert ] [\zrule ] [\zmvm ] [\zqrcode ] [\zgap ] [\zsetref ] [\vid ] [\zlabel ] [\zpage ] [\zref ] [\zcustommark ] [\zcustomtopmark ] [\zcustombotmark ] [\zcustomfirstmark ] [\zornament ] [\textborder [\id:INT|textborder [\id:GLO|textborder [\id:GLO|p ] [\strong-s ] [\strong-s+li ] [\strong-s+m ] [\wg+strong-s ] [\wh+strong-s ] [\wl+strong-s ] [\xt+strong-s ] [\k+strong-s ] [\cat:toc|tr [\cat:lot|tr [\cat:toc|tc1 [\cat:lot|tc1 [\cat:box|esb [\zglm ] [\zpmkr ] [\th1 [\th2 [\th3 [\th4 [\th5 [\th6 [\th7 [\th8 [\tc1 [\cat:toc|tc1 [\tc2 [\tc3 [\tc4 [\tc5 [\tc6 [\tc7 [\tc8 [\toc1 [\toc2 [\toc3 [\ldrs ] [\cat:coverwhole|esb [\cat:coverspine|esb [\cat:coverfront|esb [\cat:coverback|esb [\cat:coverback|m ] [\cat:ISBNbox|esb [\zcolsync ] [\zlistentry ] [\cat:coverfront|mt1 ] [\cat:coverfront|mt2 ] [\cat:coverspine|mt1 ] [\cat:coverspine|mt2 ] [\cat:titlebox|esb [\cat:headingsbox|esb [\zbn ] [\zbn2 ] Reading Paratext stylesheet "../../../shared/ptxprint/Default/ptxprint.sty" ()... [\+maj ] [\add [\c [\cat:coverfront|esb [\cat:coverfront|mt1 [\cat:coverfront|mt2 [\mt3 [\nb [\p [\zmaj ]
\intercharskip=\skip22
 (/work/projects/_PTXprint/akjv-two/local/ptxprint/Default/akjv-two_Default_GEN-GLO_ptxp.notepages)
\openout4 = `akjv-two_Default_GEN-GLO_ptxp.notepages'.

\langund=\language1
 snippet 1 ptxfile akjv-two_Default_GEN-GLO_ptxp_FRT.SFM monoglot,
Baselineskip for p was undefined, now set  to 13.99988pt(13.99988pt)
 lineskiplimit=-10.49991pt
\baselineskip =13.99988pt, topskip=13.99988pt
\openout0 = `akjv-two_Default_GEN-GLO_ptxp.parlocs'.

 (/work/projects/_PTXprint/akjv-two/local/ptxprint/Default/akjv-two_Default_GEN-GLO_ptxp.delayed)
\endn@te-fe=\box106
\savecolinsert@tLcol=\box107
\savecolinsert@tLchunk=\box108
\savecolinsert@tLnxtpg=\box109
\savecolinsert@tRcol=\box110
\savecolinsert@tRchunk=\box111
\savecolinsert@tRnxtpg=\box112
\savecolinsert@bLcol=\box113
\savecolinsert@bLchunk=\box114
\savecolinsert@bLnxtpg=\box115
\savecolinsert@bRcol=\box116
\savecolinsert@bRchunk=\box117
\savecolinsert@bRnxtpg=\box118
\savebottominscol=\box119
\savebottominschunk=\box120
\savebottominsnxtpg=\box121
\saveverybottominscol=\box122
\saveverybottominschunk=\box123
\saveverybottominsnxtpg=\box124
\savetopinscol=\box125
\savetopinschunk=\box126
\savetopinsnxtpg=\box127
 [\cat:toc|tc1 ] [\cat:toc|tc2 ] [\cat:toc|tc3 ] [\cat:toc|tc4 ]
(no adjustment list "../../../shared/ptxprint/Default/AdjLists/akjv-two_Default_GEN-GLO_ptxp_FRT.SFM.adj" found)
(no picture list "akjv-two_Default_GEN-GLO_ptxp_FRT.SFM.piclist" found)
 (/work/projects/_PTXprint/akjv-two/local/ptxprint/Default/akjv-two_Default_GEN-GLO_ptxp.picpages)
\openout5 = `akjv-two_Default_GEN-GLO_ptxp.picpages'.

Reading optional file "akjv-two_Default_GEN-GLO_ptxp.marginnotes"
 (/work/projects/_PTXprint/akjv-two/local/ptxprint/Default/akjv-two_Default_GEN-GLO_ptxp.marginnotes) (/work/projects/_PTXprint/akjv-two/local/ptxprint/Default/akjv-two_Default_GEN-GLO_ptxp_FRT.SFM pagebreak
Underfill[A]: [-1] ht=178.40439pt, space=503.99754pt, baseline=13.99988pt
 [-1
\openout6 = `akjv-two_Default_GEN-GLO_ptxp.marginnotes'.

] pagebreak
Underfill[A]: [-2] ht=246.13316pt, space=503.99754pt, baseline=13.99988pt
 [-2] pagebreak
Underfill[A]: [-1] ht=55.99951pt, space=503.99754pt, baseline=13.99988pt
 [-1]) Blank page for 3 [-2] ptxfile 01GENakjv-two-Default.USFM monoglot,
(no adjustment list "../../../shared/ptxprint/Default/AdjLists/01GENakjv-two-Default.USFM.adj" found)
(no picture list "01GENakjv-two-Default.USFM.piclist" found)
 (./01GENakjv-two-Default.USFM First chapter for GEN [1] [2] [3]
Underfill[A]: [4] ht=475.99585pt, space=503.99754pt, baseline=13.99988pt
Underfill[B]: [4] ht=475.99585pt, space=503.99754pt, baseline=13.99988pt
 [4]
Underfill[A]: [5] ht=489.99573pt, space=503.99754pt, baseline=13.99988pt
Underfill[B]: [5] ht=489.99573pt, space=503.99754pt, baseline=13.99988pt
 [5]
Underfill[A]: [6] ht=405.99646pt, space=503.99754pt, baseline=13.99988pt
Underfill[B]: [6] ht=405.99646pt, space=503.99754pt, baseline=13.99988pt
 [6] [7]
Underfill[A]: [8] ht=391.99658pt, space=503.99754pt, baseline=13.99988pt
Underfill[B]: [8] ht=391.99658pt, space=503.99754pt, baseline=13.99988pt
 [8]
Underfill[A]: [9] ht=489.99573pt, space=503.99754pt, baseline=13.99988pt
Underfill[B]: [9] ht=489.99573pt, space=503.99754pt, baseline=13.99988pt
 [9] [10] [11]
Underfill[A]: [12] ht=475.99585pt, space=503.99754pt, baseline=13.99988pt
Underfill[B]: [12] ht=475.99585pt, space=503.99754pt, baseline=13.99988pt
 [12]
Underfill[A]: [13] ht=475.99585pt, space=503.99754pt, baseline=13.99988pt
Underfill[B]: [13] ht=475.99585pt, space=503.99754pt, baseline=13.99988pt
 [13]
Underfill[A]: [14] ht=377.9967pt, space=503.99754pt, baseline=13.99988pt
Underfill[B]: [14] ht=377.9967pt, space=503.99754pt, baseline=13.99988pt
 [14]
Underfill[A]: [15] ht=489.99573pt, space=503.99754pt, baseline=13.99988pt
Underfill[B]: [15] ht=489.99573pt, space=503.99754pt, baseline=13.99988pt
 [15]
Underfill[A]: [16] ht=475.99585pt, space=503.99754pt, baseline=13.99988pt
Underfill[B]: [16] ht=475.99585pt, space=503.99754pt, baseline=13.99988pt
 [16]
Underfill[A]: [17] ht=461.99597pt, space=503.99754pt, baseline=13.99988pt
Underfill[B]: [17] ht=461.99597pt, space=503.99754pt, baseline=13.99988pt
 [17]
Underfill[A]: [18] ht=475.99585pt, space=503.99754pt, baseline=13.99988pt
Underfill[B]: [18] ht=475.99585pt, space=503.99754pt, baseline=13.99988pt
 [18]
Underfill[A]: [19] ht=433.99622pt, space=503.99754pt, baseline=13.99988pt
Underfill[B]: [19] ht=433.99622pt, space=503.99754pt, baseline=13.99988pt
 [19]
Underfill[A]: [20] ht=475.99585pt, space=503.99754pt, baseline=13.99988pt
Underfill[B]: [20] ht=475.99585pt, space=503.99754pt, baseline=13.99988pt
 [20] [21] [22]
Underfill[A]: [23] ht=433.99622pt, space=503.99754pt, baseline=13.99988pt
Underfill[B]: [23] ht=433.99622pt, space=503.99754pt, baseline=13.99988pt
 [23]
Underfill[A]: [24] ht=489.99573pt, space=503.99754pt, baseline=13.99988pt
Underfill[B]: [24] ht=489.99573pt, space=503.99754pt, baseline=13.99988pt
 [24]
Underfill[A]: [25] ht=475.99585pt, space=503.99754pt, baseline=13.99988pt
Underfill[B]: [25] ht=475.99585pt, space=503.99754pt, baseline=13.99988pt
 [25]
Underfill[A]: [26] ht=489.99573pt, space=503.99754pt, baseline=13.99988pt
Underfill[B]: [26] ht=489.99573pt, space=503.99754pt, baseline=13.99988pt
 [26] [27]
Underfill[A]: [28] ht=489.99573pt, space=503.99754pt, baseline=13.99988pt
Underfill[B]: [28] ht=489.99573pt, space=503.99754pt, baseline=13.99988pt
 [28]
Underfill[A]: [29] ht=475.99585pt, space=503.99754pt, baseline=13.99988pt
Underfill[B]: [29] ht=475.99585pt, space=503.99754pt, baseline=13.99988pt
 [29]
Underfill[A]: [30] ht=489.99573pt, space=503.99754pt, baseline=13.99988pt
Underfill[B]: [30] ht=489.99573pt, space=503.99754pt, baseline=13.99988pt
 [30] [31]
Underfill[A]: [32] ht=433.99622pt, space=503.99754pt, baseline=13.99988pt
Underfill[B]: [32] ht=433.99622pt, space=503.99754pt, baseline=13.99988pt
 [32]
Underfill[A]: [33] ht=489.99573pt, space=503.99754pt, baseline=13.99988pt
Underfill[B]: [33] ht=489.99573pt, space=503.99754pt, baseline=13.99988pt
 [33]
Underfill[A]: [34] ht=433.99622pt, space=503.99754pt, baseline=13.99988pt
Underfill[B]: [34] ht=433.99622pt, space=503.99754pt, baseline=13.99988pt
 [34] [35]
Underfill[A]: [36] ht=391.99658pt, space=503.99754pt, baseline=13.99988pt
Underfill[B]: [36] ht=391.99658pt, space=503.99754pt, baseline=13.99988pt
 [36] [37] [38]
Underfill[A]: [39] ht=461.99597pt, space=503.99754pt, baseline=13.99988pt
Underfill[B]: [39] ht=461.99597pt, space=503.99754pt, baseline=13.99988pt
 [39] [40] [41]
Underfill[A]: [42] ht=489.99573pt, space=503.99754pt, baseline=13.99988pt
Underfill[B]: [42] ht=489.99573pt, space=503.99754pt, baseline=13.99988pt
 [42]
Underfill[A]: [43] ht=475.99585pt, space=503.99754pt, baseline=13.99988pt
Underfill[B]: [43] ht=475.99585pt, space=503.99754pt, baseline=13.99988pt
 [43] [44]
Underfill[A]: [45] ht=321.9972pt, space=503.99754pt, baseline=13.99988pt
Underfill[B]: [45] ht=321.9972pt, space=503.99754pt, baseline=13.99988pt
 [45] [46]
Underfill[A]: [47] ht=475.99585pt, space=503.99754pt, baseline=13.99988pt
Underfill[B]: [47] ht=475.99585pt, space=503.99754pt, baseline=13.99988pt
 [47] [48]
Underfill[A]: [49] ht=405.99646pt, space=503.99754pt, baseline=13.99988pt
Underfill[B]: [49] ht=405.99646pt, space=503.99754pt, baseline=13.99988pt
 [49]
Underfill[A]: [50] ht=489.99573pt, space=503.99754pt, baseline=13.99988pt
Underfill[B]: [50] ht=489.99573pt, space=503.99754pt, baseline=13.99988pt
 [50]
Underfill[A]: [51] ht=461.99597pt, space=503.99754pt, baseline=13.99988pt
Underfill[B]: [51] ht=461.99597pt, space=503.99754pt, baseline=13.99988pt
 [51] [52]
Underfill[A]: [53] ht=489.99573pt, space=503.99754pt, baseline=13.99988pt
Underfill[B]: [53] ht=489.99573pt, space=503.99754pt, baseline=13.99988pt
 [53]
Underfill[A]: [54] ht=489.99573pt, space=503.99754pt, baseline=13.99988pt
Underfill[B]: [54] ht=489.99573pt, space=503.99754pt, baseline=13.99988pt
 [54]
Underfill[A]: [55] ht=475.99585pt, space=503.99754pt, baseline=13.99988pt
Underfill[B]: [55] ht=475.99585pt, space=503.99754pt, baseline=13.99988pt
 [55] [56]
Underfill[A]: [57] ht=447.9961pt, space=503.99754pt, baseline=13.99988pt
Underfill[B]: [57] ht=447.9961pt, space=503.99754pt, baseline=13.99988pt
 [57] [58] [59]
Underfill[A]: [60] ht=489.99573pt, space=503.99754pt, baseline=13.99988pt
Underfill[B]: [60] ht=489.99573pt, space=503.99754pt, baseline=13.99988pt
 [60]
Underfill[A]: [61] ht=475.99585pt, space=503.99754pt, baseline=13.99988pt
Underfill[B]: [61] ht=475.99585pt, space=503.99754pt, baseline=13.99988pt
 [61]
Underfill[A]: [62] ht=489.99573pt, space=503.99754pt, baseline=13.99988pt
Underfill[B]: [62] ht=489.99573pt, space=503.99754pt, baseline=13.99988pt
 [62]
Underfill[A]: [63] ht=475.99585pt, space=503.99754pt, baseline=13.99988pt
Underfill[B]: [63] ht=475.99585pt, space=503.99754pt, baseline=13.99988pt
 [63]
Underfill[A]: [64] ht=489.99573pt, space=503.99754pt, baseline=13.99988pt
Underfill[B]: [64] ht=489.99573pt, space=503.99754pt, baseline=13.99988pt
 [64]
Underfill[A]: [65] ht=475.99585pt, space=503.99754pt, baseline=13.99988pt
Underfill[B]: [65] ht=475.99585pt, space=503.99754pt, baseline=13.99988pt
 [65]
Underfill[A]: [66] ht=433.99622pt, space=503.99754pt, baseline=13.99988pt
Underfill[B]: [66] ht=433.99622pt, space=503.99754pt, baseline=13.99988pt
 [66] [67]
Underfill[A]: [68] ht=461.99597pt, space=503.99754pt, baseline=13.99988pt
Underfill[B]: [68] ht=461.99597pt, space=503.99754pt, baseline=13.99988pt
 [68] [69]
Underfill[A]: [70] ht=489.99573pt, space=503.99754pt, baseline=13.99988pt
Underfill[B]: [70] ht=489.99573pt, space=503.99754pt, baseline=13.99988pt
 [70]
Underfill[A]: [71] ht=489.99573pt, space=503.99754pt, baseline=13.99988pt
Underfill[B]: [71] ht=489.99573pt, space=503.99754pt, baseline=13.99988pt
 [71]
Underfill[A]: [72] ht=489.99573pt, space=503.99754pt, baseline=13.99988pt
Underfill[B]: [72] ht=489.99573pt, space=503.99754pt, baseline=13.99988pt
 [72]
Underfill[A]: [73] ht=489.99573pt, space=503.99754pt, baseline=13.99988pt
Underfill[B]: [73] ht=489.99573pt, space=503.99754pt, baseline=13.99988pt
 [73]
Underfill[A]: [74] ht=447.9961pt, space=503.99754pt, baseline=13.99988pt
Underfill[B]: [74] ht=447.9961pt, space=503.99754pt, baseline=13.99988pt
 [74]
Underfill[A]: [75] ht=405.99646pt, space=503.99754pt, baseline=13.99988pt
Underfill[B]: [75] ht=405.99646pt, space=503.99754pt, baseline=13.99988pt
 [75]
Underfill[A]: [76] ht=419.99634pt, space=503.99754pt, baseline=13.99988pt
Underfill[B]: [76] ht=419.99634pt, space=503.99754pt, baseline=13.99988pt
 [76]
Underfill[A]: [77] ht=489.99573pt, space=503.99754pt, baseline=13.99988pt
Underfill[B]: [77] ht=489.99573pt, space=503.99754pt, baseline=13.99988pt
 [77]
Underfill[A]: [78] ht=475.99585pt, space=503.99754pt, baseline=13.99988pt
Underfill[B]: [78] ht=475.99585pt, space=503.99754pt, baseline=13.99988pt
 [78] [79] [80]
Underfill[A]: [81] ht=489.99573pt, space=503.99754pt, baseline=13.99988pt
Underfill[B]: [81] ht=489.99573pt, space=503.99754pt, baseline=13.99988pt
 [81]
Underfill[A]: [82] ht=461.99597pt, space=503.99754pt, baseline=13.99988pt
Underfill[B]: [82] ht=461.99597pt, space=503.99754pt, baseline=13.99988pt
 [82] [83]
Underfill[A]: [84] ht=475.99585pt, space=503.99754pt, baseline=13.99988pt
Underfill[B]: [84] ht=475.99585pt, space=503.99754pt, baseline=13.99988pt
 [84]
Underfill[A]: [85] ht=447.9961pt, space=503.99754pt, baseline=13.99988pt
Underfill[B]: [85] ht=447.9961pt, space=503.99754pt, baseline=13.99988pt
 [85]
Underfill[A]: [86] ht=447.9961pt, space=503.99754pt, baseline=13.99988pt
Underfill[B]: [86] ht=447.9961pt, space=503.99754pt, baseline=13.99988pt
 [86]
Underfill[A]: [87] ht=391.99658pt, space=503.99754pt, baseline=13.99988pt
Underfill[B]: [87] ht=391.99658pt, space=503.99754pt, baseline=13.99988pt
 [87] [88]
Underfill[A]: [89] ht=489.99573pt, space=503.99754pt, baseline=13.99988pt
Underfill[B]: [89] ht=489.99573pt, space=503.99754pt, baseline=13.99988pt
 [89] [90]
Underfill[A]: [91] ht=419.99634pt, space=503.99754pt, baseline=13.99988pt
Underfill[B]: [91] ht=419.99634pt, space=503.99754pt, baseline=13.99988pt
 [91]
Underfill[A]: [92] ht=475.99585pt, space=503.99754pt, baseline=13.99988pt
Underfill[B]: [92] ht=475.99585pt, space=503.99754pt, baseline=13.99988pt
 [92] [93])
Underfill[B]: [94] ht=447.9961pt, space=461.99597pt, baseline=13.99988pt
 [94] ptxfile 02EXOakjv-two-Default.USFM monoglot,
(no adjustment list "../../../shared/ptxprint/Default/AdjLists/02EXOakjv-two-Default.USFM.adj" found)
(no picture list "02EXOakjv-two-Default.USFM.piclist" found)
 (./02EXOakjv-two-Default.USFM First chapter for EXO
Underfill[A]: [95] ht=363.99683pt, space=433.99815pt, baseline=13.99988pt
Underfill[B]: [95] ht=363.99683pt, space=433.99815pt, baseline=13.99988pt
 [95]
Underfill[A]: [96] ht=461.99597pt, space=503.99754pt, baseline=13.99988pt
Underfill[B]: [96] ht=461.99597pt, space=503.99754pt, baseline=13.99988pt
 [96] [97] [98] [99] [100]
Underfill[A]: [101] ht=335.99707pt, space=503.99754pt, baseline=13.99988pt
Underfill[B]: [101] ht=335.99707pt, space=503.99754pt, baseline=13.99988pt
 [101]
Underfill[A]: [102] ht=475.99585pt, space=503.99754pt, baseline=13.99988pt
Underfill[B]: [102] ht=475.99585pt, space=503.99754pt, baseline=13.99988pt
 [102]
Underfill[A]: [103] ht=489.99573pt, space=503.99754pt, baseline=13.99988pt
Underfill[B]: [103] ht=489.99573pt, space=503.99754pt, baseline=13.99988pt
 [103] [104]
Underfill[A]: [105] ht=475.99585pt, space=503.99754pt, baseline=13.99988pt
Underfill[B]: [105] ht=475.99585pt, space=503.99754pt, baseline=13.99988pt
 [105]
Underfill[A]: [106] ht=461.99597pt, space=503.99754pt, baseline=13.99988pt
Underfill[B]: [106] ht=461.99597pt, space=503.99754pt, baseline=13.99988pt
 [106] [107]
Underfill[A]: [108] ht=433.99622pt, space=503.99754pt, baseline=13.99988pt
Underfill[B]: [108] ht=433.99622pt, space=503.99754pt, baseline=13.99988pt
 [108]
Underfill[A]: [109] ht=475.99585pt, space=503.99754pt, baseline=13.99988pt
Underfill[B]: [109] ht=475.99585pt, space=503.99754pt, baseline=13.99988pt
 [109]
Underfill[A]: [110] ht=489.99573pt, space=503.99754pt, baseline=13.99988pt
Underfill[B]: [110] ht=489.99573pt, space=503.99754pt, baseline=13.99988pt
 [110]
Underfill[A]: [111] ht=489.99573pt, space=503.99754pt, baseline=13.99988pt
Underfill[B]: [111] ht=489.99573pt, space=503.99754pt, baseline=13.99988pt
 [111]
Underfill[A]: [112] ht=461.99597pt, space=503.99754pt, baseline=13.99988pt
Underfill[B]: [112] ht=461.99597pt, space=503.99754pt, baseline=13.99988pt
 [112] [113] [114]
Underfill[A]: [115] ht=475.99585pt, space=503.99754pt, baseline=13.99988pt
Underfill[B]: [115] ht=475.99585pt, space=503.99754pt, baseline=13.99988pt
 [115]
Underfill[A]: [116] ht=475.99585pt, space=503.99754pt, baseline=13.99988pt
Underfill[B]: [116] ht=475.99585pt, space=503.99754pt, baseline=13.99988pt
 [116]
Underfill[A]: [117] ht=489.99573pt, space=503.99754pt, baseline=13.99988pt
Underfill[B]: [117] ht=489.99573pt, space=503.99754pt, baseline=13.99988pt
 [117]
Underfill[A]: [118] ht=489.99573pt, space=503.99754pt, baseline=13.99988pt
Underfill[B]: [118] ht=489.99573pt, space=503.99754pt, baseline=13.99988pt
 [118]
Underfill[A]: [119] ht=475.99585pt, space=503.99754pt, baseline=13.99988pt
Underfill[B]: [119] ht=475.99585pt, space=503.99754pt, baseline=13.99988pt
 [119] [120]
Underfill[A]: [121] ht=475.99585pt, space=503.99754pt, baseline=13.99988pt
Underfill[B]: [121] ht=475.99585pt, space=503.99754pt, baseline=13.99988pt
 [121]
Underfill[A]: [122] ht=489.99573pt, space=503.99754pt, baseline=13.99988pt
Underfill[B]: [122] ht=489.99573pt, space=503.99754pt, baseline=13.99988pt
 [122]
Underfill[A]: [123] ht=489.99573pt, space=503.99754pt, baseline=13.99988pt
Underfill[B]: [123] ht=489.99573pt, space=503.99754pt, baseline=13.99988pt
 [123] [124]
Underfill[A]: [125] ht=475.99585pt, space=503.99754pt, baseline=13.99988pt
Underfill[B]: [125] ht=475.99585pt, space=503.99754pt, baseline=13.99988pt
 [125]
Underfill[A]: [126] ht=489.99573pt, space=503.99754pt, baseline=13.99988pt
Underfill[B]: [126] ht=489.99573pt, space=503.99754pt, baseline=13.99988pt
 [126] [127] [128] [129] [130]
Underfill[A]: [131] ht=489.99573pt, space=503.99754pt, baseline=13.99988pt
Underfill[B]: [131] ht=489.99573pt, space=503.99754pt, baseline=13.99988pt
 [131]
Underfill[A]: [132] ht=405.99646pt, space=503.99754pt, baseline=13.99988pt
Underfill[B]: [132] ht=405.99646pt, space=503.99754pt, baseline=13.99988pt
 [132]
Underfill[A]: [133] ht=489.99573pt, space=503.99754pt, baseline=13.99988pt
Underfill[B]: [133] ht=489.99573pt, space=503.99754pt, baseline=13.99988pt
 [133]
Underfill[A]: [134] ht=405.99646pt, space=503.99754pt, baseline=13.99988pt
Underfill[B]: [134] ht=405.99646pt, space=503.99754pt, baseline=13.99988pt
 [134]
Underfill[A]: [135] ht=405.99646pt, space=503.99754pt, baseline=13.99988pt
Underfill[B]: [135] ht=405.99646pt, space=503.99754pt, baseline=13.99988pt
 [135]
Underfill[A]: [136] ht=489.99573pt, space=503.99754pt, baseline=13.99988pt
Underfill[B]: [136] ht=489.99573pt, space=503.99754pt, baseline=13.99988pt
 [136]
Underfill[A]: [137] ht=475.99585pt, space=503.99754pt, baseline=13.99988pt
Underfill[B]: [137] ht=475.99585pt, space=503.99754pt, baseline=13.99988pt
 [137] [138]
Underfill[A]: [139] ht=489.99573pt, space=503.99754pt, baseline=13.99988pt
Underfill[B]: [139] ht=489.99573pt, space=503.99754pt, baseline=13.99988pt
 [139]
Underfill[A]: [140] ht=475.99585pt, space=503.99754pt, baseline=13.99988pt
Underfill[B]: [140] ht=475.99585pt, space=503.99754pt, baseline=13.99988pt
 [140]
Underfill[A]: [141] ht=377.9967pt, space=503.99754pt, baseline=13.99988pt
Underfill[B]: [141] ht=377.9967pt, space=503.99754pt, baseline=13.99988pt
 [141] [142]
Underfill[A]: [143] ht=461.99597pt, space=503.99754pt, baseline=13.99988pt
Underfill[B]: [143] ht=461.99597pt, space=503.99754pt, baseline=13.99988pt
 [143] [144] [145] [146]
Underfill[A]: [147] ht=433.99622pt, space=503.99754pt, baseline=13.99988pt
Underfill[B]: [147] ht=433.99622pt, space=503.99754pt, baseline=13.99988pt
 [147] [148]
Underfill[A]: [149] ht=433.99622pt, space=503.99754pt, baseline=13.99988pt
Underfill[B]: [149] ht=433.99622pt, space=503.99754pt, baseline=13.99988pt
 [149]
Underfill[A]: [150] ht=447.9961pt, space=503.99754pt, baseline=13.99988pt
Underfill[B]: [150] ht=447.9961pt, space=503.99754pt, baseline=13.99988pt
 [150]
Underfill[A]: [151] ht=475.99585pt, space=503.99754pt, baseline=13.99988pt
Underfill[B]: [151] ht=475.99585pt, space=503.99754pt, baseline=13.99988pt
 [151]
Underfill[A]: [152] ht=461.99597pt, space=503.99754pt, baseline=13.99988pt
Underfill[B]: [152] ht=461.99597pt, space=503.99754pt, baseline=13.99988pt
 [152] [153] [154]
Underfill[A]: [155] ht=489.99573pt, space=503.99754pt, baseline=13.99988pt
Underfill[B]: [155] ht=489.99573pt, space=503.99754pt, baseline=13.99988pt
 [155]
Underfill[A]: [156] ht=475.99585pt, space=503.99754pt, baseline=13.99988pt
Underfill[B]: [156] ht=475.99585pt, space=503.99754pt, baseline=13.99988pt
 [156]
Underfill[A]: [157] ht=461.99597pt, space=503.99754pt, baseline=13.99988pt
Underfill[B]: [157] ht=461.99597pt, space=503.99754pt, baseline=13.99988pt
 [157] [158]
Underfill[A]: [159] ht=447.9961pt, space=503.99754pt, baseline=13.99988pt
Underfill[B]: [159] ht=447.9961pt, space=503.99754pt, baseline=13.99988pt
 [159] [160]
Underfill[A]: [161] ht=391.99658pt, space=503.99754pt, baseline=13.99988pt
Underfill[B]: [161] ht=391.99658pt, space=503.99754pt, baseline=13.99988pt
 [161]
Underfill[A]: [162] ht=433.99622pt, space=503.99754pt, baseline=13.99988pt
Underfill[B]: [162] ht=433.99622pt, space=503.99754pt, baseline=13.99988pt
 [162]
Underfill[A]: [163] ht=489.99573pt, space=503.99754pt, baseline=13.99988pt
Underfill[B]: [163] ht=489.99573pt, space=503.99754pt, baseline=13.99988pt
 [163]
Underfill[A]: [164] ht=461.99597pt, space=503.99754pt, baseline=13.99988pt
Underfill[B]: [164] ht=461.99597pt, space=503.99754pt, baseline=13.99988pt
 [164] [165]
Underfill[A]: [166] ht=461.99597pt, space=503.99754pt, baseline=13.99988pt
Underfill[B]: [166] ht=461.99597pt, space=503.99754pt, baseline=13.99988pt
 [166] [167]
Underfill[A]: [168] ht=475.99585pt, space=503.99754pt, baseline=13.99988pt
Underfill[B]: [168] ht=475.99585pt, space=503.99754pt, baseline=13.99988pt
 [168]
Underfill[A]: [169] ht=433.99622pt, space=503.99754pt, baseline=13.99988pt
Underfill[B]: [169] ht=433.99622pt, space=503.99754pt, baseline=13.99988pt
 [169]
Underfill[A]: [170] ht=447.9961pt, space=503.99754pt, baseline=13.99988pt
Underfill[B]: [170] ht=447.9961pt, space=503.99754pt, baseline=13.99988pt
 [170]
Underfill[A]: [171] ht=433.99622pt, space=503.99754pt, baseline=13.99988pt
Underfill[B]: [171] ht=433.99622pt, space=503.99754pt, baseline=13.99988pt
 [171]
Underfill[A]: [172] ht=489.99573pt, space=503.99754pt, baseline=13.99988pt
Underfill[B]: [172] ht=489.99573pt, space=503.99754pt, baseline=13.99988pt
 [172]
Underfill[A]: [173] ht=489.99573pt, space=503.99754pt, baseline=13.99988pt
Underfill[B]: [173] ht=489.99573pt, space=503.99754pt, baseline=13.99988pt
 [173]) [174] ptxfile 03LEVakjv-two-Default.USFM monoglot,
(no adjustment list "../../../shared/ptxprint/Default/AdjLists/03LEVakjv-two-Default.USFM.adj" found)
(no picture list "03LEVakjv-two-Default.USFM.piclist" found)
 (./03LEVakjv-two-Default.USFM First chapter for LEV
Underfill[A]: [175] ht=349.99695pt, space=433.99815pt, baseline=13.99988pt
Underfill[B]: [175] ht=349.99695pt, space=433.99815pt, baseline=13.99988pt
 [175]
Underfill[A]: [176] ht=475.99585pt, space=503.99754pt, baseline=13.99988pt
Underfill[B]: [176] ht=475.99585pt, space=503.99754pt, baseline=13.99988pt
 [176]
Underfill[A]: [177] ht=489.99573pt, space=503.99754pt, baseline=13.99988pt
Underfill[B]: [177] ht=489.99573pt, space=503.99754pt, baseline=13.99988pt
 [177] [178]
Underfill[A]: [179] ht=475.99585pt, space=503.99754pt, baseline=13.99988pt
Underfill[B]: [179] ht=475.99585pt, space=503.99754pt, baseline=13.99988pt
 [179]
Underfill[A]: [180] ht=475.99585pt, space=503.99754pt, baseline=13.99988pt
Underfill[B]: [180] ht=475.99585pt, space=503.99754pt, baseline=13.99988pt
 [180]
Underfill[A]: [181] ht=489.99573pt, space=503.99754pt, baseline=13.99988pt
Underfill[B]: [181] ht=489.99573pt, space=503.99754pt, baseline=13.99988pt
 [181] [182] [183] [184] [185]
Underfill[A]: [186] ht=461.99597pt, space=503.99754pt, baseline=13.99988pt
Underfill[B]: [186] ht=461.99597pt, space=503.99754pt, baseline=13.99988pt
 [186] [187] [188]
Underfill[A]: [189] ht=461.99597pt, space=503.99754pt, baseline=13.99988pt
Underfill[B]: [189] ht=461.99597pt, space=503.99754pt, baseline=13.99988pt
 [189] [190] [191] [192] [193]
Underfill[A]: [194] ht=475.99585pt, space=503.99754pt, baseline=13.99988pt
Underfill[B]: [194] ht=475.99585pt, space=503.99754pt, baseline=13.99988pt
 [194] [195]
Underfill[A]: [196] ht=489.99573pt, space=503.99754pt, baseline=13.99988pt
Underfill[B]: [196] ht=489.99573pt, space=503.99754pt, baseline=13.99988pt
 [196] [197]
Underfill[A]: [198] ht=489.99573pt, space=503.99754pt, baseline=13.99988pt
Underfill[B]: [198] ht=489.99573pt, space=503.99754pt, baseline=13.99988pt
 [198]
Underfill[A]: [199] ht=461.99597pt, space=503.99754pt, baseline=13.99988pt
Underfill[B]: [199] ht=461.99597pt, space=503.99754pt, baseline=13.99988pt
 [199] [200] [201]
Underfill[A]: [202] ht=489.99573pt, space=503.99754pt, baseline=13.99988pt
Underfill[B]: [202] ht=489.99573pt, space=503.99754pt, baseline=13.99988pt
 [202]
Underfill[A]: [203] ht=433.99622pt, space=503.99754pt, baseline=13.99988pt
Underfill[B]: [203] ht=433.99622pt, space=503.99754pt, baseline=13.99988pt
 [203]
Underfill[A]: [204] ht=489.99573pt, space=503.99754pt, baseline=13.99988pt
Underfill[B]: [204] ht=489.99573pt, space=503.99754pt, baseline=13.99988pt
 [204]
Underfill[A]: [205] ht=475.99585pt, space=503.99754pt, baseline=13.99988pt
Underfill[B]: [205] ht=475.99585pt, space=503.99754pt, baseline=13.99988pt
 [205] [206]
Underfill[A]: [207] ht=447.9961pt, space=503.99754pt, baseline=13.99988pt
Underfill[B]: [207] ht=447.9961pt, space=503.99754pt, baseline=13.99988pt
 [207]
Underfill[A]: [208] ht=461.99597pt, space=503.99754pt, baseline=13.99988pt
Underfill[B]: [208] ht=461.99597pt, space=503.99754pt, baseline=13.99988pt
 [208]
Underfill[A]: [209] ht=405.99646pt, space=503.99754pt, baseline=13.99988pt
Underfill[B]: [209] ht=405.99646pt, space=503.99754pt, baseline=13.99988pt
 [209]
Underfill[A]: [210] ht=391.99658pt, space=503.99754pt, baseline=13.99988pt
Underfill[B]: [210] ht=391.99658pt, space=503.99754pt, baseline=13.99988pt
 [210] [211] [212] [213] [214] [215]
Underfill[A]: [216] ht=475.99585pt, space=503.99754pt, baseline=13.99988pt
Underfill[B]: [216] ht=475.99585pt, space=503.99754pt, baseline=13.99988pt
 [216] [217]
Underfill[A]: [218] ht=475.99585pt, space=503.99754pt, baseline=13.99988pt
Underfill[B]: [218] ht=475.99585pt, space=503.99754pt, baseline=13.99988pt
 [218]
Underfill[A]: [219] ht=475.99585pt, space=503.99754pt, baseline=13.99988pt
Underfill[B]: [219] ht=475.99585pt, space=503.99754pt, baseline=13.99988pt
 [219] [220]
Underfill[A]: [221] ht=475.99585pt, space=503.99754pt, baseline=13.99988pt
Underfill[B]: [221] ht=475.99585pt, space=503.99754pt, baseline=13.99988pt
 [221] [222] [223]
Underfill[A]: [224] ht=461.99597pt, space=503.99754pt, baseline=13.99988pt
Underfill[B]: [224] ht=461.99597pt, space=503.99754pt, baseline=13.99988pt
 [224] [225] [226]
Underfill[A]: [227] ht=447.9961pt, space=503.99754pt, baseline=13.99988pt
Underfill[B]: [227] ht=447.9961pt, space=503.99754pt, baseline=13.99988pt
 [227]
Underfill[A]: [228] ht=489.99573pt, space=503.99754pt, baseline=13.99988pt
Underfill[B]: [228] ht=489.99573pt, space=503.99754pt, baseline=13.99988pt
 [228] [229] [230]) [231] ptxfile 04NUMakjv-two-Default.USFM monoglot,
(no adjustment list "../../../shared/ptxprint/Default/AdjLists/04NUMakjv-two-Default.USFM.adj" found)
(no picture list "04NUMakjv-two-Default.USFM.piclist" found)
 (./04NUMakjv-two-Default.USFM First chapter for NUM
Underfill[A]: [232] ht=419.99634pt, space=433.99815pt, baseline=13.99988pt
Underfill[B]: [232] ht=419.99634pt, space=433.99815pt, baseline=13.99988pt
 [232] [233] [234] [235] [236]
Underfill[A]: [237] ht=461.99597pt, space=503.99754pt, baseline=13.99988pt
Underfill[B]: [237] ht=461.99597pt, space=503.99754pt, baseline=13.99988pt
 [237] [238] [239]
Underfill[A]: [240] ht=489.99573pt, space=503.99754pt, baseline=13.99988pt
Underfill[B]: [240] ht=489.99573pt, space=503.99754pt, baseline=13.99988pt
 [240]
Underfill[A]: [241] ht=489.99573pt, space=503.99754pt, baseline=13.99988pt
Underfill[B]: [241] ht=489.99573pt, space=503.99754pt, baseline=13.99988pt
 [241] [242]
Underfill[A]: [243] ht=489.99573pt, space=503.99754pt, baseline=13.99988pt
Underfill[B]: [243] ht=489.99573pt, space=503.99754pt, baseline=13.99988pt
 [243]
Underfill[A]: [244] ht=475.99585pt, space=503.99754pt, baseline=13.99988pt
Underfill[B]: [244] ht=475.99585pt, space=503.99754pt, baseline=13.99988pt
 [244]
Underfill[A]: [245] ht=489.99573pt, space=503.99754pt, baseline=13.99988pt
Underfill[B]: [245] ht=489.99573pt, space=503.99754pt, baseline=13.99988pt
 [245] [246]
Underfill[A]: [247] ht=447.9961pt, space=503.99754pt, baseline=13.99988pt
Underfill[B]: [247] ht=447.9961pt, space=503.99754pt, baseline=13.99988pt
 [247]
Underfill[A]: [248] ht=489.99573pt, space=503.99754pt, baseline=13.99988pt
Underfill[B]: [248] ht=489.99573pt, space=503.99754pt, baseline=13.99988pt
 [248]
Underfill[A]: [249] ht=475.99585pt, space=503.99754pt, baseline=13.99988pt
Underfill[B]: [249] ht=475.99585pt, space=503.99754pt, baseline=13.99988pt
 [249]
Underfill[A]: [250] ht=447.9961pt, space=503.99754pt, baseline=13.99988pt
Underfill[B]: [250] ht=447.9961pt, space=503.99754pt, baseline=13.99988pt
 [250]
Underfill[A]: [251] ht=475.99585pt, space=503.99754pt, baseline=13.99988pt
Underfill[B]: [251] ht=475.99585pt, space=503.99754pt, baseline=13.99988pt
 [251]
Underfill[A]: [252] ht=489.99573pt, space=503.99754pt, baseline=13.99988pt
Underfill[B]: [252] ht=489.99573pt, space=503.99754pt, baseline=13.99988pt
 [252] [253]
Underfill[A]: [254] ht=489.99573pt, space=503.99754pt, baseline=13.99988pt
Underfill[B]: [254] ht=489.99573pt, space=503.99754pt, baseline=13.99988pt
 [254]
Underfill[A]: [255] ht=475.99585pt, space=503.99754pt, baseline=13.99988pt
Underfill[B]: [255] ht=475.99585pt, space=503.99754pt, baseline=13.99988pt
 [255] [256] [257]
Underfill[A]: [258] ht=447.9961pt, space=503.99754pt, baseline=13.99988pt
Underfill[B]: [258] ht=447.9961pt, space=503.99754pt, baseline=13.99988pt
 [258] [259]
Underfill[A]: [260] ht=489.99573pt, space=503.99754pt, baseline=13.99988pt
Underfill[B]: [260] ht=489.99573pt, space=503.99754pt, baseline=13.99988pt
 [260] [261]
Underfill[A]: [262] ht=489.99573pt, space=503.99754pt, baseline=13.99988pt
Underfill[B]: [262] ht=489.99573pt, space=503.99754pt, baseline=13.99988pt
 [262] [263]
Underfill[A]: [264] ht=489.99573pt, space=503.99754pt, baseline=13.99988pt
Underfill[B]: [264] ht=489.99573pt, space=503.99754pt, baseline=13.99988pt
 [264]
Underfill[A]: [265] ht=447.9961pt, space=503.99754pt, baseline=13.99988pt
Underfill[B]: [265] ht=447.9961pt, space=503.99754pt, baseline=13.99988pt
 [265]
Underfill[A]: [266] ht=489.99573pt, space=503.99754pt, baseline=13.99988pt
Underfill[B]: [266] ht=489.99573pt, space=503.99754pt, baseline=13.99988pt
 [266]
Underfill[A]: [267] ht=433.99622pt, space=503.99754pt, baseline=13.99988pt
Underfill[B]: [267] ht=433.99622pt, space=503.99754pt, baseline=13.99988pt
 [267]
Underfill[A]: [268] ht=489.99573pt, space=503.99754pt, baseline=13.99988pt
Underfill[B]: [268] ht=489.99573pt, space=503.99754pt, baseline=13.99988pt
 [268] [269]
Underfill[A]: [270] ht=475.99585pt, space=503.99754pt, baseline=13.99988pt
Underfill[B]: [270] ht=475.99585pt, space=503.99754pt, baseline=13.99988pt
 [270]
Underfill[A]: [271] ht=489.99573pt, space=503.99754pt, baseline=13.99988pt
Underfill[B]: [271] ht=489.99573pt, space=503.99754pt, baseline=13.99988pt
 [271] [272]
Underfill[A]: [273] ht=461.99597pt, space=503.99754pt, baseline=13.99988pt
Underfill[B]: [273] ht=461.99597pt, space=503.99754pt, baseline=13.99988pt
 [273] [274] [275]
Underfill[A]: [276] ht=475.99585pt, space=503.99754pt, baseline=13.99988pt
Underfill[B]: [276] ht=475.99585pt, space=503.99754pt, baseline=13.99988pt
 [276]
Underfill[A]: [277] ht=489.99573pt, space=503.99754pt, baseline=13.99988pt
Underfill[B]: [277] ht=489.99573pt, space=503.99754pt, baseline=13.99988pt
 [277] [278] [279]
Underfill[A]: [280] ht=447.9961pt, space=503.99754pt, baseline=13.99988pt
Underfill[B]: [280] ht=447.9961pt, space=503.99754pt, baseline=13.99988pt
 [280]
Underfill[A]: [281] ht=489.99573pt, space=503.99754pt, baseline=13.99988pt
Underfill[B]: [281] ht=489.99573pt, space=503.99754pt, baseline=13.99988pt
 [281]
Underfill[A]: [282] ht=489.99573pt, space=503.99754pt, baseline=13.99988pt
Underfill[B]: [282] ht=489.99573pt, space=503.99754pt, baseline=13.99988pt
 [282]
Underfill[A]: [283] ht=405.99646pt, space=503.99754pt, baseline=13.99988pt
Underfill[B]: [283] ht=405.99646pt, space=503.99754pt, baseline=13.99988pt
 [283]
Underfill[A]: [284] ht=447.9961pt, space=503.99754pt, baseline=13.99988pt
Underfill[B]: [284] ht=447.9961pt, space=503.99754pt, baseline=13.99988pt
 [284]
Underfill[A]: [285] ht=405.99646pt, space=503.99754pt, baseline=13.99988pt
Underfill[B]: [285] ht=405.99646pt, space=503.99754pt, baseline=13.99988pt
 [285]
Underfill[A]: [286] ht=447.9961pt, space=503.99754pt, baseline=13.99988pt
Underfill[B]: [286] ht=447.9961pt, space=503.99754pt, baseline=13.99988pt
 [286]
Underfill[A]: [287] ht=433.99622pt, space=503.99754pt, baseline=13.99988pt
Underfill[B]: [287] ht=433.99622pt, space=503.99754pt, baseline=13.99988pt
 [287]
Underfill[A]: [288] ht=461.99597pt, space=503.99754pt, baseline=13.99988pt
Underfill[B]: [288] ht=461.99597pt, space=503.99754pt, baseline=13.99988pt
 [288] [289]
Underfill[A]: [290] ht=489.99573pt, space=503.99754pt, baseline=13.99988pt
Underfill[B]: [290] ht=489.99573pt, space=503.99754pt, baseline=13.99988pt
 [290] [291] [292]
Underfill[A]: [293] ht=489.99573pt, space=503.99754pt, baseline=13.99988pt
Underfill[B]: [293] ht=489.99573pt, space=503.99754pt, baseline=13.99988pt
 [293]
Underfill[A]: [294] ht=349.99695pt, space=503.99754pt, baseline=13.99988pt
Underfill[B]: [294] ht=349.99695pt, space=503.99754pt, baseline=13.99988pt
 [294]
Underfill[A]: [295] ht=461.99597pt, space=503.99754pt, baseline=13.99988pt
Underfill[B]: [295] ht=461.99597pt, space=503.99754pt, baseline=13.99988pt
 [295] [296] [297]
Underfill[A]: [298] ht=419.99634pt, space=503.99754pt, baseline=13.99988pt
Underfill[B]: [298] ht=419.99634pt, space=503.99754pt, baseline=13.99988pt
 [298]
Underfill[A]: [299] ht=461.99597pt, space=503.99754pt, baseline=13.99988pt
Underfill[B]: [299] ht=461.99597pt, space=503.99754pt, baseline=13.99988pt
 [299] [300] [301]
Underfill[A]: [302] ht=489.99573pt, space=503.99754pt, baseline=13.99988pt
Underfill[B]: [302] ht=489.99573pt, space=503.99754pt, baseline=13.99988pt
 [302]
Underfill[A]: [303] ht=489.99573pt, space=503.99754pt, baseline=13.99988pt
Underfill[B]: [303] ht=489.99573pt, space=503.99754pt, baseline=13.99988pt
 [303]
Underfill[A]: [304] ht=433.99622pt, space=503.99754pt, baseline=13.99988pt
Underfill[B]: [304] ht=433.99622pt, space=503.99754pt, baseline=13.99988pt
 [304]
Underfill[A]: [305] ht=489.99573pt, space=503.99754pt, baseline=13.99988pt
Underfill[B]: [305] ht=489.99573pt, space=503.99754pt, baseline=13.99988pt
 [305]
Underfill[A]: [306] ht=419.99634pt, space=503.99754pt, baseline=13.99988pt
Underfill[B]: [306] ht=419.99634pt, space=503.99754pt, baseline=13.99988pt
 [306]
Underfill[A]: [307] ht=405.99646pt, space=503.99754pt, baseline=13.99988pt
Underfill[B]: [307] ht=405.99646pt, space=503.99754pt, baseline=13.99988pt
 [307]
Underfill[A]: [308] ht=475.99585pt, space=503.99754pt, baseline=13.99988pt
Underfill[B]: [308] ht=475.99585pt, space=503.99754pt, baseline=13.99988pt
 [308] [309]
Underfill[A]: [310] ht=447.9961pt, space=503.99754pt, baseline=13.99988pt
Underfill[B]: [310] ht=447.9961pt, space=503.99754pt, baseline=13.99988pt
 [310]
Underfill[A]: [311] ht=461.99597pt, space=503.99754pt, baseline=13.99988pt
Underfill[B]: [311] ht=461.99597pt, space=503.99754pt, baseline=13.99988pt
 [311] [312]
Underfill[A]: [313] ht=489.99573pt, space=503.99754pt, baseline=13.99988pt
Underfill[B]: [313] ht=489.99573pt, space=503.99754pt, baseline=13.99988pt
 [313]) [314] ptxfile 05DEUakjv-two-Default.USFM monoglot,
(no adjustment list "../../../shared/ptxprint/Default/AdjLists/05DEUakjv-two-Default.USFM.adj" found)
(no picture list "05DEUakjv-two-Default.USFM.piclist" found)
 (./05DEUakjv-two-Default.USFM First chapter for DEU
Underfill[A]: [315] ht=405.99646pt, space=433.99815pt, baseline=13.99988pt
Underfill[B]: [315] ht=405.99646pt, space=433.99815pt, baseline=13.99988pt
 [315]
Underfill[A]: [316] ht=489.99573pt, space=503.99754pt, baseline=13.99988pt
Underfill[B]: [316] ht=489.99573pt, space=503.99754pt, baseline=13.99988pt
 [316]
Underfill[A]: [317] ht=475.99585pt, space=503.99754pt, baseline=13.99988pt
Underfill[B]: [317] ht=475.99585pt, space=503.99754pt, baseline=13.99988pt
 [317]
Underfill[A]: [318] ht=489.99573pt, space=503.99754pt, baseline=13.99988pt
Underfill[B]: [318] ht=489.99573pt, space=503.99754pt, baseline=13.99988pt
 [318] [319]
Underfill[A]: [320] ht=475.99585pt, space=503.99754pt, baseline=13.99988pt
Underfill[B]: [320] ht=475.99585pt, space=503.99754pt, baseline=13.99988pt
 [320]
Underfill[A]: [321] ht=489.99573pt, space=503.99754pt, baseline=13.99988pt
Underfill[B]: [321] ht=489.99573pt, space=503.99754pt, baseline=13.99988pt
 [321] [322]
Underfill[A]: [323] ht=475.99585pt, space=503.99754pt, baseline=13.99988pt
Underfill[B]: [323] ht=475.99585pt, space=503.99754pt, baseline=13.99988pt
 [323] [324]
Underfill[A]: [325] ht=489.99573pt, space=503.99754pt, baseline=13.99988pt
Underfill[B]: [325] ht=489.99573pt, space=503.99754pt, baseline=13.99988pt
 [325] [326]
Underfill[A]: [327] ht=489.99573pt, space=503.99754pt, baseline=13.99988pt
Underfill[B]: [327] ht=489.99573pt, space=503.99754pt, baseline=13.99988pt
 [327]
Underfill[A]: [328] ht=447.9961pt, space=503.99754pt, baseline=13.99988pt
Underfill[B]: [328] ht=447.9961pt, space=503.99754pt, baseline=13.99988pt
 [328]
Underfill[A]: [329] ht=447.9961pt, space=503.99754pt, baseline=13.99988pt
Underfill[B]: [329] ht=447.9961pt, space=503.99754pt, baseline=13.99988pt
 [329]
Underfill[A]: [330] ht=475.99585pt, space=503.99754pt, baseline=13.99988pt
Underfill[B]: [330] ht=475.99585pt, space=503.99754pt, baseline=13.99988pt
 [330]
Underfill[A]: [331] ht=489.99573pt, space=503.99754pt, baseline=13.99988pt
Underfill[B]: [331] ht=489.99573pt, space=503.99754pt, baseline=13.99988pt
 [331]
Underfill[A]: [332] ht=489.99573pt, space=503.99754pt, baseline=13.99988pt
Underfill[B]: [332] ht=489.99573pt, space=503.99754pt, baseline=13.99988pt
 [332]
Underfill[A]: [333] ht=489.99573pt, space=503.99754pt, baseline=13.99988pt
Underfill[B]: [333] ht=489.99573pt, space=503.99754pt, baseline=13.99988pt
 [333]
Underfill[A]: [334] ht=475.99585pt, space=503.99754pt, baseline=13.99988pt
Underfill[B]: [334] ht=475.99585pt, space=503.99754pt, baseline=13.99988pt
 [334] [335]
Underfill[A]: [336] ht=489.99573pt, space=503.99754pt, baseline=13.99988pt
Underfill[B]: [336] ht=489.99573pt, space=503.99754pt, baseline=13.99988pt
 [336]
Underfill[A]: [337] ht=461.99597pt, space=503.99754pt, baseline=13.99988pt
Underfill[B]: [337] ht=461.99597pt, space=503.99754pt, baseline=13.99988pt
 [337]
Underfill[A]: [338] ht=489.99573pt, space=503.99754pt, baseline=13.99988pt
Underfill[B]: [338] ht=489.99573pt, space=503.99754pt, baseline=13.99988pt
 [338]
Underfill[A]: [339] ht=433.99622pt, space=503.99754pt, baseline=13.99988pt
Underfill[B]: [339] ht=433.99622pt, space=503.99754pt, baseline=13.99988pt
 [339] [340] [341]
Underfill[A]: [342] ht=489.99573pt, space=503.99754pt, baseline=13.99988pt
Underfill[B]: [342] ht=489.99573pt, space=503.99754pt, baseline=13.99988pt
 [342]
Underfill[A]: [343] ht=461.99597pt, space=503.99754pt, baseline=13.99988pt
Underfill[B]: [343] ht=461.99597pt, space=503.99754pt, baseline=13.99988pt
 [343]
Underfill[A]: [344] ht=461.99597pt, space=503.99754pt, baseline=13.99988pt
Underfill[B]: [344] ht=461.99597pt, space=503.99754pt, baseline=13.99988pt
 [344]
Underfill[A]: [345] ht=475.99585pt, space=503.99754pt, baseline=13.99988pt
Underfill[B]: [345] ht=475.99585pt, space=503.99754pt, baseline=13.99988pt
 [345]
Underfill[A]: [346] ht=489.99573pt, space=503.99754pt, baseline=13.99988pt
Underfill[B]: [346] ht=489.99573pt, space=503.99754pt, baseline=13.99988pt
 [346]
Underfill[A]: [347] ht=461.99597pt, space=503.99754pt, baseline=13.99988pt
Underfill[B]: [347] ht=461.99597pt, space=503.99754pt, baseline=13.99988pt
 [347] [348]
Underfill[A]: [349] ht=489.99573pt, space=503.99754pt, baseline=13.99988pt
Underfill[B]: [349] ht=489.99573pt, space=503.99754pt, baseline=13.99988pt
 [349]
Underfill[A]: [350] ht=475.99585pt, space=503.99754pt, baseline=13.99988pt
Underfill[B]: [350] ht=475.99585pt, space=503.99754pt, baseline=13.99988pt
 [350]
Underfill[A]: [351] ht=489.99573pt, space=503.99754pt, baseline=13.99988pt
Underfill[B]: [351] ht=489.99573pt, space=503.99754pt, baseline=13.99988pt
 [351]
Underfill[A]: [352] ht=489.99573pt, space=503.99754pt, baseline=13.99988pt
Underfill[B]: [352] ht=489.99573pt, space=503.99754pt, baseline=13.99988pt
 [352] [353]
Underfill[A]: [354] ht=461.99597pt, space=503.99754pt, baseline=13.99988pt
Underfill[B]: [354] ht=461.99597pt, space=503.99754pt, baseline=13.99988pt
 [354]
Underfill[A]: [355] ht=461.99597pt, space=503.99754pt, baseline=13.99988pt
Underfill[B]: [355] ht=461.99597pt, space=503.99754pt, baseline=13.99988pt
 [355]
Underfill[A]: [356] ht=447.9961pt, space=503.99754pt, baseline=13.99988pt
Underfill[B]: [356] ht=447.9961pt, space=503.99754pt, baseline=13.99988pt
 [356] [357] [358] [359]
Underfill[A]: [360] ht=489.99573pt, space=503.99754pt, baseline=13.99988pt
Underfill[B]: [360] ht=489.99573pt, space=503.99754pt, baseline=13.99988pt
 [360]
Underfill[A]: [361] ht=433.99622pt, space=503.99754pt, baseline=13.99988pt
Underfill[B]: [361] ht=433.99622pt, space=503.99754pt, baseline=13.99988pt
 [361] [362] [363]
Underfill[A]: [364] ht=475.99585pt, space=503.99754pt, baseline=13.99988pt
Underfill[B]: [364] ht=475.99585pt, space=503.99754pt, baseline=13.99988pt
 [364]
Underfill[A]: [365] ht=489.99573pt, space=503.99754pt, baseline=13.99988pt
Underfill[B]: [365] ht=489.99573pt, space=503.99754pt, baseline=13.99988pt
 [365] [366] [367]
Underfill[A]: [368] ht=447.9961pt, space=503.99754pt, baseline=13.99988pt
Underfill[B]: [368] ht=447.9961pt, space=503.99754pt, baseline=13.99988pt
 [368] [369] [370]
Underfill[A]: [371] ht=489.99573pt, space=503.99754pt, baseline=13.99988pt
Underfill[B]: [371] ht=489.99573pt, space=503.99754pt, baseline=13.99988pt
 [371] [372] [373] [374]
Underfill[A]: [375] ht=489.99573pt, space=503.99754pt, baseline=13.99988pt
Underfill[B]: [375] ht=489.99573pt, space=503.99754pt, baseline=13.99988pt
 [375]
Underfill[A]: [376] ht=475.99585pt, space=503.99754pt, baseline=13.99988pt
Underfill[B]: [376] ht=475.99585pt, space=503.99754pt, baseline=13.99988pt
 [376]
Underfill[A]: [377] ht=475.99585pt, space=503.99754pt, baseline=13.99988pt
Underfill[B]: [377] ht=475.99585pt, space=503.99754pt, baseline=13.99988pt
 [377]
Underfill[A]: [378] ht=489.99573pt, space=503.99754pt, baseline=13.99988pt
Underfill[B]: [378] ht=489.99573pt, space=503.99754pt, baseline=13.99988pt
 [378]
Underfill[A]: [379] ht=489.99573pt, space=503.99754pt, baseline=13.99988pt
Underfill[B]: [379] ht=489.99573pt, space=503.99754pt, baseline=13.99988pt
 [379] [380]) [381] ptxfile 06JOSakjv-two-Default.USFM monoglot,
(no adjustment list "../../../shared/ptxprint/Default/AdjLists/06JOSakjv-two-Default.USFM.adj" found)
(no picture list "06JOSakjv-two-Default.USFM.piclist" found)
 (./06JOSakjv-two-Default.USFM First chapter for JOS [382]
Underfill[A]: [383] ht=489.99573pt, space=503.99754pt, baseline=13.99988pt
Underfill[B]: [383] ht=489.99573pt, space=503.99754pt, baseline=13.99988pt
 [383]
Underfill[A]: [384] ht=419.99634pt, space=503.99754pt, baseline=13.99988pt
Underfill[B]: [384] ht=419.99634pt, space=503.99754pt, baseline=13.99988pt
 [384] [385] [386]
Underfill[A]: [387] ht=419.99634pt, space=503.99754pt, baseline=13.99988pt
Underfill[B]: [387] ht=419.99634pt, space=503.99754pt, baseline=13.99988pt
 [387]
Underfill[A]: [388] ht=475.99585pt, space=503.99754pt, baseline=13.99988pt
Underfill[B]: [388] ht=475.99585pt, space=503.99754pt, baseline=13.99988pt
 [388] [389]
Underfill[A]: [390] ht=475.99585pt, space=503.99754pt, baseline=13.99988pt
Underfill[B]: [390] ht=475.99585pt, space=503.99754pt, baseline=13.99988pt
 [390] [391]
Underfill[A]: [392] ht=489.99573pt, space=503.99754pt, baseline=13.99988pt
Underfill[B]: [392] ht=489.99573pt, space=503.99754pt, baseline=13.99988pt
 [392] [393]
Underfill[A]: [394] ht=489.99573pt, space=503.99754pt, baseline=13.99988pt
Underfill[B]: [394] ht=489.99573pt, space=503.99754pt, baseline=13.99988pt
 [394]
Underfill[A]: [395] ht=489.99573pt, space=503.99754pt, baseline=13.99988pt
Underfill[B]: [395] ht=489.99573pt, space=503.99754pt, baseline=13.99988pt
 [395]
Underfill[A]: [396] ht=447.9961pt, space=503.99754pt, baseline=13.99988pt
Underfill[B]: [396] ht=447.9961pt, space=503.99754pt, baseline=13.99988pt
 [396]
Underfill[A]: [397] ht=475.99585pt, space=503.99754pt, baseline=13.99988pt
Underfill[B]: [397] ht=475.99585pt, space=503.99754pt, baseline=13.99988pt
 [397]
Underfill[A]: [398] ht=461.99597pt, space=503.99754pt, baseline=13.99988pt
Underfill[B]: [398] ht=461.99597pt, space=503.99754pt, baseline=13.99988pt
 [398]
Underfill[A]: [399] ht=461.99597pt, space=503.99754pt, baseline=13.99988pt
Underfill[B]: [399] ht=461.99597pt, space=503.99754pt, baseline=13.99988pt
 [399]
Underfill[A]: [400] ht=489.99573pt, space=503.99754pt, baseline=13.99988pt
Underfill[B]: [400] ht=489.99573pt, space=503.99754pt, baseline=13.99988pt
 [400]
Underfill[A]: [401] ht=433.99622pt, space=503.99754pt, baseline=13.99988pt
Underfill[B]: [401] ht=433.99622pt, space=503.99754pt, baseline=13.99988pt
 [401]
Underfill[A]: [402] ht=489.99573pt, space=503.99754pt, baseline=13.99988pt
Underfill[B]: [402] ht=489.99573pt, space=503.99754pt, baseline=13.99988pt
 [402] [403] [404] [405]
Underfill[A]: [406] ht=475.99585pt, space=503.99754pt, baseline=13.99988pt
Underfill[B]: [406] ht=475.99585pt, space=503.99754pt, baseline=13.99988pt
 [406] [407]
Underfill[A]: [408] ht=475.99585pt, space=503.99754pt, baseline=13.99988pt
Underfill[B]: [408] ht=475.99585pt, space=503.99754pt, baseline=13.99988pt
 [408]
Underfill[A]: [409] ht=489.99573pt, space=503.99754pt, baseline=13.99988pt
Underfill[B]: [409] ht=489.99573pt, space=503.99754pt, baseline=13.99988pt
 [409] [410] [411]
Underfill[A]: [412] ht=475.99585pt, space=503.99754pt, baseline=13.99988pt
Underfill[B]: [412] ht=475.99585pt, space=503.99754pt, baseline=13.99988pt
 [412]
Underfill[A]: [413] ht=461.99597pt, space=503.99754pt, baseline=13.99988pt
Underfill[B]: [413] ht=461.99597pt, space=503.99754pt, baseline=13.99988pt
 [413]
Underfill[A]: [414] ht=461.99597pt, space=503.99754pt, baseline=13.99988pt
Underfill[B]: [414] ht=461.99597pt, space=503.99754pt, baseline=13.99988pt
 [414] [415] [416]
Underfill[A]: [417] ht=475.99585pt, space=503.99754pt, baseline=13.99988pt
Underfill[B]: [417] ht=475.99585pt, space=503.99754pt, baseline=13.99988pt
 [417]
Underfill[A]: [418] ht=475.99585pt, space=503.99754pt, baseline=13.99988pt
Underfill[B]: [418] ht=475.99585pt, space=503.99754pt, baseline=13.99988pt
 [418]
Underfill[A]: [419] ht=349.99695pt, space=503.99754pt, baseline=13.99988pt
Underfill[B]: [419] ht=349.99695pt, space=503.99754pt, baseline=13.99988pt
 [419] [420]
Underfill[A]: [421] ht=489.99573pt, space=503.99754pt, baseline=13.99988pt
Underfill[B]: [421] ht=489.99573pt, space=503.99754pt, baseline=13.99988pt
 [421] [422] [423] [424] [425]
Underfill[A]: [426] ht=475.99585pt, space=503.99754pt, baseline=13.99988pt
Underfill[B]: [426] ht=475.99585pt, space=503.99754pt, baseline=13.99988pt
 [426]
Underfill[A]: [427] ht=475.99585pt, space=503.99754pt, baseline=13.99988pt
Underfill[B]: [427] ht=475.99585pt, space=503.99754pt, baseline=13.99988pt
 [427])
Underfill[B]: [428] ht=265.99768pt, space=293.99744pt, baseline=13.99988pt
 [428] ptxfile 07JDGakjv-two-Default.USFM monoglot,
(no adjustment list "../../../shared/ptxprint/Default/AdjLists/07JDGakjv-two-Default.USFM.adj" found)
(no picture list "07JDGakjv-two-Default.USFM.piclist" found)
 (./07JDGakjv-two-Default.USFM First chapter for JDG
Underfill[A]: [429] ht=307.99731pt, space=433.99815pt, baseline=13.99988pt
Underfill[B]: [429] ht=307.99731pt, space=433.99815pt, baseline=13.99988pt
 [429] [430] [431]
Underfill[A]: [432] ht=489.99573pt, space=503.99754pt, baseline=13.99988pt
Underfill[B]: [432] ht=489.99573pt, space=503.99754pt, baseline=13.99988pt
 [432]
Underfill[A]: [433] ht=489.99573pt, space=503.99754pt, baseline=13.99988pt
Underfill[B]: [433] ht=489.99573pt, space=503.99754pt, baseline=13.99988pt
 [433]
Underfill[A]: [434] ht=475.99585pt, space=503.99754pt, baseline=13.99988pt
Underfill[B]: [434] ht=475.99585pt, space=503.99754pt, baseline=13.99988pt
 [434]
Underfill[A]: [435] ht=489.99573pt, space=503.99754pt, baseline=13.99988pt
Underfill[B]: [435] ht=489.99573pt, space=503.99754pt, baseline=13.99988pt
 [435] [436]
Underfill[A]: [437] ht=447.9961pt, space=503.99754pt, baseline=13.99988pt
Underfill[B]: [437] ht=447.9961pt, space=503.99754pt, baseline=13.99988pt
 [437]
Underfill[A]: [438] ht=489.99573pt, space=503.99754pt, baseline=13.99988pt
Underfill[B]: [438] ht=489.99573pt, space=503.99754pt, baseline=13.99988pt
 [438] [439]
Underfill[A]: [440] ht=489.99573pt, space=503.99754pt, baseline=13.99988pt
Underfill[B]: [440] ht=489.99573pt, space=503.99754pt, baseline=13.99988pt
 [440] [441] [442]
Underfill[A]: [443] ht=475.99585pt, space=503.99754pt, baseline=13.99988pt
Underfill[B]: [443] ht=475.99585pt, space=503.99754pt, baseline=13.99988pt
 [443]
Underfill[A]: [444] ht=489.99573pt, space=503.99754pt, baseline=13.99988pt
Underfill[B]: [444] ht=489.99573pt, space=503.99754pt, baseline=13.99988pt
 [444] [445] [446]
Underfill[A]: [447] ht=475.99585pt, space=503.99754pt, baseline=13.99988pt
Underfill[B]: [447] ht=475.99585pt, space=503.99754pt, baseline=13.99988pt
 [447]
Underfill[A]: [448] ht=461.99597pt, space=503.99754pt, baseline=13.99988pt
Underfill[B]: [448] ht=461.99597pt, space=503.99754pt, baseline=13.99988pt
 [448] [449] [450] [451]
Underfill[A]: [452] ht=475.99585pt, space=503.99754pt, baseline=13.99988pt
Underfill[B]: [452] ht=475.99585pt, space=503.99754pt, baseline=13.99988pt
 [452]
Underfill[A]: [453] ht=489.99573pt, space=503.99754pt, baseline=13.99988pt
Underfill[B]: [453] ht=489.99573pt, space=503.99754pt, baseline=13.99988pt
 [453] [454]
Underfill[A]: [455] ht=489.99573pt, space=503.99754pt, baseline=13.99988pt
Underfill[B]: [455] ht=489.99573pt, space=503.99754pt, baseline=13.99988pt
 [455]
Underfill[A]: [456] ht=489.99573pt, space=503.99754pt, baseline=13.99988pt
Underfill[B]: [456] ht=489.99573pt, space=503.99754pt, baseline=13.99988pt
 [456] [457]
Underfill[A]: [458] ht=489.99573pt, space=503.99754pt, baseline=13.99988pt
Underfill[B]: [458] ht=489.99573pt, space=503.99754pt, baseline=13.99988pt
 [458]
Underfill[A]: [459] ht=475.99585pt, space=503.99754pt, baseline=13.99988pt
Underfill[B]: [459] ht=475.99585pt, space=503.99754pt, baseline=13.99988pt
 [459] [460]
Underfill[A]: [461] ht=475.99585pt, space=503.99754pt, baseline=13.99988pt
Underfill[B]: [461] ht=475.99585pt, space=503.99754pt, baseline=13.99988pt
 [461]
Underfill[A]: [462] ht=489.99573pt, space=503.99754pt, baseline=13.99988pt
Underfill[B]: [462] ht=489.99573pt, space=503.99754pt, baseline=13.99988pt
 [462]
Underfill[A]: [463] ht=475.99585pt, space=503.99754pt, baseline=13.99988pt
Underfill[B]: [463] ht=475.99585pt, space=503.99754pt, baseline=13.99988pt
 [463]
Underfill[A]: [464] ht=461.99597pt, space=503.99754pt, baseline=13.99988pt
Underfill[B]: [464] ht=461.99597pt, space=503.99754pt, baseline=13.99988pt
 [464]
Underfill[A]: [465] ht=461.99597pt, space=503.99754pt, baseline=13.99988pt
Underfill[B]: [465] ht=461.99597pt, space=503.99754pt, baseline=13.99988pt
 [465]
Underfill[A]: [466] ht=433.99622pt, space=503.99754pt, baseline=13.99988pt
Underfill[B]: [466] ht=433.99622pt, space=503.99754pt, baseline=13.99988pt
 [466] [467] [468]
Underfill[A]: [469] ht=489.99573pt, space=503.99754pt, baseline=13.99988pt
Underfill[B]: [469] ht=489.99573pt, space=503.99754pt, baseline=13.99988pt
 [469] [470]
Underfill[A]: [471] ht=461.99597pt, space=503.99754pt, baseline=13.99988pt
Underfill[B]: [471] ht=461.99597pt, space=503.99754pt, baseline=13.99988pt
 [471]
Underfill[A]: [472] ht=489.99573pt, space=503.99754pt, baseline=13.99988pt
Underfill[B]: [472] ht=489.99573pt, space=503.99754pt, baseline=13.99988pt
 [472]
Underfill[A]: [473] ht=489.99573pt, space=503.99754pt, baseline=13.99988pt
Underfill[B]: [473] ht=489.99573pt, space=503.99754pt, baseline=13.99988pt
 [473])
Underfill[B]: [474] ht=181.99841pt, space=209.99817pt, baseline=13.99988pt
 [474] ptxfile 08RUTakjv-two-Default.USFM monoglot,
(no adjustment list "../../../shared/ptxprint/Default/AdjLists/08RUTakjv-two-Default.USFM.adj" found)
(no picture list "08RUTakjv-two-Default.USFM.piclist" found)
 (./08RUTakjv-two-Default.USFM First chapter for RUT
Underfill[A]: [475] ht=391.99658pt, space=433.99815pt, baseline=13.99988pt
Underfill[B]: [475] ht=391.99658pt, space=433.99815pt, baseline=13.99988pt
 [475]
Underfill[A]: [476] ht=461.99597pt, space=503.99754pt, baseline=13.99988pt
Underfill[B]: [476] ht=461.99597pt, space=503.99754pt, baseline=13.99988pt
 [476] [477]
Underfill[A]: [478] ht=489.99573pt, space=503.99754pt, baseline=13.99988pt
Underfill[B]: [478] ht=489.99573pt, space=503.99754pt, baseline=13.99988pt
 [478] [479]
Underfill[A]: [480] ht=447.9961pt, space=503.99754pt, baseline=13.99988pt
Underfill[B]: [480] ht=447.9961pt, space=503.99754pt, baseline=13.99988pt
 [480])
Underfill[B]: [481] ht=83.99927pt, space=97.99915pt, baseline=13.99988pt
 [481] ptxfile 091SAakjv-two-Default.USFM monoglot,
(no adjustment list "../../../shared/ptxprint/Default/AdjLists/091SAakjv-two-Default.USFM.adj" found)
(no picture list "091SAakjv-two-Default.USFM.piclist" found)
 (./091SAakjv-two-Default.USFM First chapter for 1SA
Underfill[A]: [482] ht=405.99646pt, space=433.99815pt, baseline=13.99988pt
Underfill[B]: [482] ht=405.99646pt, space=433.99815pt, baseline=13.99988pt
 [482] [483]
Underfill[A]: [484] ht=489.99573pt, space=503.99754pt, baseline=13.99988pt
Underfill[B]: [484] ht=489.99573pt, space=503.99754pt, baseline=13.99988pt
 [484]
Underfill[A]: [485] ht=433.99622pt, space=503.99754pt, baseline=13.99988pt
Underfill[B]: [485] ht=433.99622pt, space=503.99754pt, baseline=13.99988pt
 [485]
Underfill[A]: [486] ht=461.99597pt, space=503.99754pt, baseline=13.99988pt
Underfill[B]: [486] ht=461.99597pt, space=503.99754pt, baseline=13.99988pt
 [486] [487]
Underfill[A]: [488] ht=475.99585pt, space=503.99754pt, baseline=13.99988pt
Underfill[B]: [488] ht=475.99585pt, space=503.99754pt, baseline=13.99988pt
 [488] [489]
Underfill[A]: [490] ht=461.99597pt, space=503.99754pt, baseline=13.99988pt
Underfill[B]: [490] ht=461.99597pt, space=503.99754pt, baseline=13.99988pt
 [490]
Underfill[A]: [491] ht=447.9961pt, space=503.99754pt, baseline=13.99988pt
Underfill[B]: [491] ht=447.9961pt, space=503.99754pt, baseline=13.99988pt
 [491]
Underfill[A]: [492] ht=475.99585pt, space=503.99754pt, baseline=13.99988pt
Underfill[B]: [492] ht=475.99585pt, space=503.99754pt, baseline=13.99988pt
 [492]
Underfill[A]: [493] ht=363.99683pt, space=503.99754pt, baseline=13.99988pt
Underfill[B]: [493] ht=363.99683pt, space=503.99754pt, baseline=13.99988pt
 [493] [494]
Underfill[A]: [495] ht=433.99622pt, space=503.99754pt, baseline=13.99988pt
Underfill[B]: [495] ht=433.99622pt, space=503.99754pt, baseline=13.99988pt
 [495] [496] [497] [498]
Underfill[A]: [499] ht=489.99573pt, space=503.99754pt, baseline=13.99988pt
Underfill[B]: [499] ht=489.99573pt, space=503.99754pt, baseline=13.99988pt
 [499]
Underfill[A]: [500] ht=461.99597pt, space=503.99754pt, baseline=13.99988pt
Underfill[B]: [500] ht=461.99597pt, space=503.99754pt, baseline=13.99988pt
 [500]
Underfill[A]: [501] ht=461.99597pt, space=503.99754pt, baseline=13.99988pt
Underfill[B]: [501] ht=461.99597pt, space=503.99754pt, baseline=13.99988pt
 [501]
Underfill[A]: [502] ht=461.99597pt, space=503.99754pt, baseline=13.99988pt
Underfill[B]: [502] ht=461.99597pt, space=503.99754pt, baseline=13.99988pt
 [502] [503] [504] [505] [506] [507]
Underfill[A]: [508] ht=391.99658pt, space=503.99754pt, baseline=13.99988pt
Underfill[B]: [508] ht=391.99658pt, space=503.99754pt, baseline=13.99988pt
 [508]
Underfill[A]: [509] ht=461.99597pt, space=503.99754pt, baseline=13.99988pt
Underfill[B]: [509] ht=461.99597pt, space=503.99754pt, baseline=13.99988pt
 [509]
Underfill[A]: [510] ht=461.99597pt, space=503.99754pt, baseline=13.99988pt
Underfill[B]: [510] ht=461.99597pt, space=503.99754pt, baseline=13.99988pt
 [510]
Underfill[A]: [511] ht=489.99573pt, space=503.99754pt, baseline=13.99988pt
Underfill[B]: [511] ht=489.99573pt, space=503.99754pt, baseline=13.99988pt
 [511]
Underfill[A]: [512] ht=447.9961pt, space=503.99754pt, baseline=13.99988pt
Underfill[B]: [512] ht=447.9961pt, space=503.99754pt, baseline=13.99988pt
 [512]
Underfill[A]: [513] ht=489.99573pt, space=503.99754pt, baseline=13.99988pt
Underfill[B]: [513] ht=489.99573pt, space=503.99754pt, baseline=13.99988pt
 [513]
Underfill[A]: [514] ht=489.99573pt, space=503.99754pt, baseline=13.99988pt
Underfill[B]: [514] ht=489.99573pt, space=503.99754pt, baseline=13.99988pt
 [514]
Underfill[A]: [515] ht=489.99573pt, space=503.99754pt, baseline=13.99988pt
Underfill[B]: [515] ht=489.99573pt, space=503.99754pt, baseline=13.99988pt
 [515]
Underfill[A]: [516] ht=461.99597pt, space=503.99754pt, baseline=13.99988pt
Underfill[B]: [516] ht=461.99597pt, space=503.99754pt, baseline=13.99988pt
 [516]
Underfill[A]: [517] ht=475.99585pt, space=503.99754pt, baseline=13.99988pt
Underfill[B]: [517] ht=475.99585pt, space=503.99754pt, baseline=13.99988pt
 [517]
Underfill[A]: [518] ht=475.99585pt, space=503.99754pt, baseline=13.99988pt
Underfill[B]: [518] ht=475.99585pt, space=503.99754pt, baseline=13.99988pt
 [518]
Underfill[A]: [519] ht=475.99585pt, space=503.99754pt, baseline=13.99988pt
Underfill[B]: [519] ht=475.99585pt, space=503.99754pt, baseline=13.99988pt
 [519]
Underfill[A]: [520] ht=489.99573pt, space=503.99754pt, baseline=13.99988pt
Underfill[B]: [520] ht=489.99573pt, space=503.99754pt, baseline=13.99988pt
 [520]
Underfill[A]: [521] ht=475.99585pt, space=503.99754pt, baseline=13.99988pt
Underfill[B]: [521] ht=475.99585pt, space=503.99754pt, baseline=13.99988pt
 [521]
Underfill[A]: [522] ht=489.99573pt, space=503.99754pt, baseline=13.99988pt
Underfill[B]: [522] ht=489.99573pt, space=503.99754pt, baseline=13.99988pt
 [522] [523]
Underfill[A]: [524] ht=461.99597pt, space=503.99754pt, baseline=13.99988pt
Underfill[B]: [524] ht=461.99597pt, space=503.99754pt, baseline=13.99988pt
 [524]
Underfill[A]: [525] ht=363.99683pt, space=503.99754pt, baseline=13.99988pt
Underfill[B]: [525] ht=363.99683pt, space=503.99754pt, baseline=13.99988pt
 [525]
Underfill[A]: [526] ht=447.9961pt, space=503.99754pt, baseline=13.99988pt
Underfill[B]: [526] ht=447.9961pt, space=503.99754pt, baseline=13.99988pt
 [526]
Underfill[A]: [527] ht=461.99597pt, space=503.99754pt, baseline=13.99988pt
Underfill[B]: [527] ht=461.99597pt, space=503.99754pt, baseline=13.99988pt
 [527] [528]
Underfill[A]: [529] ht=433.99622pt, space=503.99754pt, baseline=13.99988pt
Underfill[B]: [529] ht=433.99622pt, space=503.99754pt, baseline=13.99988pt
 [529] [530]
Underfill[A]: [531] ht=433.99622pt, space=503.99754pt, baseline=13.99988pt
Underfill[B]: [531] ht=433.99622pt, space=503.99754pt, baseline=13.99988pt
 [531]
Underfill[A]: [532] ht=461.99597pt, space=503.99754pt, baseline=13.99988pt
Underfill[B]: [532] ht=461.99597pt, space=503.99754pt, baseline=13.99988pt
 [532]
Underfill[A]: [533] ht=419.99634pt, space=503.99754pt, baseline=13.99988pt
Underfill[B]: [533] ht=419.99634pt, space=503.99754pt, baseline=13.99988pt
 [533]
Underfill[A]: [534] ht=419.99634pt, space=503.99754pt, baseline=13.99988pt
Underfill[B]: [534] ht=419.99634pt, space=503.99754pt, baseline=13.99988pt
 [534]
Underfill[A]: [535] ht=475.99585pt, space=503.99754pt, baseline=13.99988pt
Underfill[B]: [535] ht=475.99585pt, space=503.99754pt, baseline=13.99988pt
 [535] [536]
Underfill[A]: [537] ht=475.99585pt, space=503.99754pt, baseline=13.99988pt
Underfill[B]: [537] ht=475.99585pt, space=503.99754pt, baseline=13.99988pt
 [537] [538] [539] [540]
Underfill[A]: [541] ht=461.99597pt, space=503.99754pt, baseline=13.99988pt
Underfill[B]: [541] ht=461.99597pt, space=503.99754pt, baseline=13.99988pt
 [541])
Underfill[B]: [542] ht=335.99707pt, space=349.99695pt, baseline=13.99988pt
 [542] ptxfile 102SAakjv-two-Default.USFM monoglot,
(no adjustment list "../../../shared/ptxprint/Default/AdjLists/102SAakjv-two-Default.USFM.adj" found)
(no picture list "102SAakjv-two-Default.USFM.piclist" found)
 (./102SAakjv-two-Default.USFM First chapter for 2SA
Underfill[A]: [543] ht=377.9967pt, space=433.99815pt, baseline=13.99988pt
Underfill[B]: [543] ht=377.9967pt, space=433.99815pt, baseline=13.99988pt
 [543]
Underfill[A]: [544] ht=475.99585pt, space=503.99754pt, baseline=13.99988pt
Underfill[B]: [544] ht=475.99585pt, space=503.99754pt, baseline=13.99988pt
 [544]
Underfill[A]: [545] ht=447.9961pt, space=503.99754pt, baseline=13.99988pt
Underfill[B]: [545] ht=447.9961pt, space=503.99754pt, baseline=13.99988pt
 [545]
Underfill[A]: [546] ht=419.99634pt, space=503.99754pt, baseline=13.99988pt
Underfill[B]: [546] ht=419.99634pt, space=503.99754pt, baseline=13.99988pt
 [546]
Underfill[A]: [547] ht=475.99585pt, space=503.99754pt, baseline=13.99988pt
Underfill[B]: [547] ht=475.99585pt, space=503.99754pt, baseline=13.99988pt
 [547]
Underfill[A]: [548] ht=461.99597pt, space=503.99754pt, baseline=13.99988pt
Underfill[B]: [548] ht=461.99597pt, space=503.99754pt, baseline=13.99988pt
 [548]
Underfill[A]: [549] ht=461.99597pt, space=503.99754pt, baseline=13.99988pt
Underfill[B]: [549] ht=461.99597pt, space=503.99754pt, baseline=13.99988pt
 [549] [550] [551]
Underfill[A]: [552] ht=475.99585pt, space=503.99754pt, baseline=13.99988pt
Underfill[B]: [552] ht=475.99585pt, space=503.99754pt, baseline=13.99988pt
 [552] [553] [554]
Underfill[A]: [555] ht=475.99585pt, space=503.99754pt, baseline=13.99988pt
Underfill[B]: [555] ht=475.99585pt, space=503.99754pt, baseline=13.99988pt
 [555] [556] [557] [558] [559]
Underfill[A]: [560] ht=489.99573pt, space=503.99754pt, baseline=13.99988pt
Underfill[B]: [560] ht=489.99573pt, space=503.99754pt, baseline=13.99988pt
 [560]
Underfill[A]: [561] ht=489.99573pt, space=503.99754pt, baseline=13.99988pt
Underfill[B]: [561] ht=489.99573pt, space=503.99754pt, baseline=13.99988pt
 [561]
Underfill[A]: [562] ht=433.99622pt, space=503.99754pt, baseline=13.99988pt
Underfill[B]: [562] ht=433.99622pt, space=503.99754pt, baseline=13.99988pt
 [562] [563] [564]
Underfill[A]: [565] ht=475.99585pt, space=503.99754pt, baseline=13.99988pt
Underfill[B]: [565] ht=475.99585pt, space=503.99754pt, baseline=13.99988pt
 [565] [566]
Underfill[A]: [567] ht=419.99634pt, space=503.99754pt, baseline=13.99988pt
Underfill[B]: [567] ht=419.99634pt, space=503.99754pt, baseline=13.99988pt
 [567] [568]
Underfill[A]: [569] ht=489.99573pt, space=503.99754pt, baseline=13.99988pt
Underfill[B]: [569] ht=489.99573pt, space=503.99754pt, baseline=13.99988pt
 [569] [570] [571]
Underfill[A]: [572] ht=433.99622pt, space=503.99754pt, baseline=13.99988pt
Underfill[B]: [572] ht=433.99622pt, space=503.99754pt, baseline=13.99988pt
 [572] [573]
Underfill[A]: [574] ht=489.99573pt, space=503.99754pt, baseline=13.99988pt
Underfill[B]: [574] ht=489.99573pt, space=503.99754pt, baseline=13.99988pt
 [574] [575] [576]
Underfill[A]: [577] ht=489.99573pt, space=503.99754pt, baseline=13.99988pt
Underfill[B]: [577] ht=489.99573pt, space=503.99754pt, baseline=13.99988pt
 [577]
Underfill[A]: [578] ht=489.99573pt, space=503.99754pt, baseline=13.99988pt
Underfill[B]: [578] ht=489.99573pt, space=503.99754pt, baseline=13.99988pt
 [578]
Underfill[A]: [579] ht=489.99573pt, space=503.99754pt, baseline=13.99988pt
Underfill[B]: [579] ht=489.99573pt, space=503.99754pt, baseline=13.99988pt
 [579]
Underfill[A]: [580] ht=489.99573pt, space=503.99754pt, baseline=13.99988pt
Underfill[B]: [580] ht=489.99573pt, space=503.99754pt, baseline=13.99988pt
 [580] [581]
Underfill[A]: [582] ht=489.99573pt, space=503.99754pt, baseline=13.99988pt
Underfill[B]: [582] ht=489.99573pt, space=503.99754pt, baseline=13.99988pt
 [582] [583]
Underfill[A]: [584] ht=489.99573pt, space=503.99754pt, baseline=13.99988pt
Underfill[B]: [584] ht=489.99573pt, space=503.99754pt, baseline=13.99988pt
 [584]
Underfill[A]: [585] ht=489.99573pt, space=503.99754pt, baseline=13.99988pt
Underfill[B]: [585] ht=489.99573pt, space=503.99754pt, baseline=13.99988pt
 [585]
Underfill[A]: [586] ht=321.9972pt, space=503.99754pt, baseline=13.99988pt
Underfill[B]: [586] ht=321.9972pt, space=503.99754pt, baseline=13.99988pt
 [586]
Underfill[A]: [587] ht=475.99585pt, space=503.99754pt, baseline=13.99988pt
Underfill[B]: [587] ht=475.99585pt, space=503.99754pt, baseline=13.99988pt
 [587]
Underfill[A]: [588] ht=475.99585pt, space=503.99754pt, baseline=13.99988pt
Underfill[B]: [588] ht=475.99585pt, space=503.99754pt, baseline=13.99988pt
 [588] [589] [590] [591])
Underfill[A]: [592] ht=237.99792pt, space=251.9978pt, baseline=13.99988pt
 [592] ptxfile 111KIakjv-two-Default.USFM monoglot,
(no adjustment list "../../../shared/ptxprint/Default/AdjLists/111KIakjv-two-Default.USFM.adj" found)
(no picture list "111KIakjv-two-Default.USFM.piclist" found)
 (./111KIakjv-two-Default.USFM First chapter for 1KI
Underfill[A]: [593] ht=405.99646pt, space=433.99815pt, baseline=13.99988pt
Underfill[B]: [593] ht=405.99646pt, space=433.99815pt, baseline=13.99988pt
 [593] [594] [595] [596]
Underfill[A]: [597] ht=489.99573pt, space=503.99754pt, baseline=13.99988pt
Underfill[B]: [597] ht=489.99573pt, space=503.99754pt, baseline=13.99988pt
 [597] [598] [599] [600]
Underfill[A]: [601] ht=489.99573pt, space=503.99754pt, baseline=13.99988pt
Underfill[B]: [601] ht=489.99573pt, space=503.99754pt, baseline=13.99988pt
 [601] [602]
Underfill[A]: [603] ht=489.99573pt, space=503.99754pt, baseline=13.99988pt
Underfill[B]: [603] ht=489.99573pt, space=503.99754pt, baseline=13.99988pt
 [603]
Underfill[A]: [604] ht=447.9961pt, space=503.99754pt, baseline=13.99988pt
Underfill[B]: [604] ht=447.9961pt, space=503.99754pt, baseline=13.99988pt
 [604] [605] [606]
Underfill[A]: [607] ht=489.99573pt, space=503.99754pt, baseline=13.99988pt
Underfill[B]: [607] ht=489.99573pt, space=503.99754pt, baseline=13.99988pt
 [607]
Underfill[A]: [608] ht=433.99622pt, space=503.99754pt, baseline=13.99988pt
Underfill[B]: [608] ht=433.99622pt, space=503.99754pt, baseline=13.99988pt
 [608]
Underfill[A]: [609] ht=489.99573pt, space=503.99754pt, baseline=13.99988pt
Underfill[B]: [609] ht=489.99573pt, space=503.99754pt, baseline=13.99988pt
 [609]
Underfill[A]: [610] ht=475.99585pt, space=503.99754pt, baseline=13.99988pt
Underfill[B]: [610] ht=475.99585pt, space=503.99754pt, baseline=13.99988pt
 [610]
Underfill[A]: [611] ht=461.99597pt, space=503.99754pt, baseline=13.99988pt
Underfill[B]: [611] ht=461.99597pt, space=503.99754pt, baseline=13.99988pt
 [611] [612]
Underfill[A]: [613] ht=489.99573pt, space=503.99754pt, baseline=13.99988pt
Underfill[B]: [613] ht=489.99573pt, space=503.99754pt, baseline=13.99988pt
 [613]
Underfill[A]: [614] ht=461.99597pt, space=503.99754pt, baseline=13.99988pt
Underfill[B]: [614] ht=461.99597pt, space=503.99754pt, baseline=13.99988pt
 [614]
Underfill[A]: [615] ht=475.99585pt, space=503.99754pt, baseline=13.99988pt
Underfill[B]: [615] ht=475.99585pt, space=503.99754pt, baseline=13.99988pt
 [615] [616]
Underfill[A]: [617] ht=489.99573pt, space=503.99754pt, baseline=13.99988pt
Underfill[B]: [617] ht=489.99573pt, space=503.99754pt, baseline=13.99988pt
 [617]
Underfill[A]: [618] ht=405.99646pt, space=503.99754pt, baseline=13.99988pt
Underfill[B]: [618] ht=405.99646pt, space=503.99754pt, baseline=13.99988pt
 [618] [619] [620]
Underfill[A]: [621] ht=447.9961pt, space=503.99754pt, baseline=13.99988pt
Underfill[B]: [621] ht=447.9961pt, space=503.99754pt, baseline=13.99988pt
 [621] [622]
Underfill[A]: [623] ht=475.99585pt, space=503.99754pt, baseline=13.99988pt
Underfill[B]: [623] ht=475.99585pt, space=503.99754pt, baseline=13.99988pt
 [623]
Underfill[A]: [624] ht=489.99573pt, space=503.99754pt, baseline=13.99988pt
Underfill[B]: [624] ht=489.99573pt, space=503.99754pt, baseline=13.99988pt
 [624]
Underfill[A]: [625] ht=475.99585pt, space=503.99754pt, baseline=13.99988pt
Underfill[B]: [625] ht=475.99585pt, space=503.99754pt, baseline=13.99988pt
 [625] [626] [627]
Underfill[A]: [628] ht=489.99573pt, space=503.99754pt, baseline=13.99988pt
Underfill[B]: [628] ht=489.99573pt, space=503.99754pt, baseline=13.99988pt
 [628]
Underfill[A]: [629] ht=489.99573pt, space=503.99754pt, baseline=13.99988pt
Underfill[B]: [629] ht=489.99573pt, space=503.99754pt, baseline=13.99988pt
 [629] [630]
Underfill[A]: [631] ht=475.99585pt, space=503.99754pt, baseline=13.99988pt
Underfill[B]: [631] ht=475.99585pt, space=503.99754pt, baseline=13.99988pt
 [631]
Underfill[A]: [632] ht=433.99622pt, space=503.99754pt, baseline=13.99988pt
Underfill[B]: [632] ht=433.99622pt, space=503.99754pt, baseline=13.99988pt
 [632]
Underfill[A]: [633] ht=489.99573pt, space=503.99754pt, baseline=13.99988pt
Underfill[B]: [633] ht=489.99573pt, space=503.99754pt, baseline=13.99988pt
 [633]
Underfill[A]: [634] ht=489.99573pt, space=503.99754pt, baseline=13.99988pt
Underfill[B]: [634] ht=489.99573pt, space=503.99754pt, baseline=13.99988pt
 [634]
Underfill[A]: [635] ht=489.99573pt, space=503.99754pt, baseline=13.99988pt
Underfill[B]: [635] ht=489.99573pt, space=503.99754pt, baseline=13.99988pt
 [635]
Underfill[A]: [636] ht=475.99585pt, space=503.99754pt, baseline=13.99988pt
Underfill[B]: [636] ht=475.99585pt, space=503.99754pt, baseline=13.99988pt
 [636]
Underfill[A]: [637] ht=489.99573pt, space=503.99754pt, baseline=13.99988pt
Underfill[B]: [637] ht=489.99573pt, space=503.99754pt, baseline=13.99988pt
 [637] [638]
Underfill[A]: [639] ht=475.99585pt, space=503.99754pt, baseline=13.99988pt
Underfill[B]: [639] ht=475.99585pt, space=503.99754pt, baseline=13.99988pt
 [639] [640]
Underfill[A]: [641] ht=461.99597pt, space=503.99754pt, baseline=13.99988pt
Underfill[B]: [641] ht=461.99597pt, space=503.99754pt, baseline=13.99988pt
 [641]
Underfill[A]: [642] ht=419.99634pt, space=503.99754pt, baseline=13.99988pt
Underfill[B]: [642] ht=419.99634pt, space=503.99754pt, baseline=13.99988pt
 [642] [643]
Underfill[A]: [644] ht=447.9961pt, space=503.99754pt, baseline=13.99988pt
Underfill[B]: [644] ht=447.9961pt, space=503.99754pt, baseline=13.99988pt
 [644]
Underfill[A]: [645] ht=489.99573pt, space=503.99754pt, baseline=13.99988pt
Underfill[B]: [645] ht=489.99573pt, space=503.99754pt, baseline=13.99988pt
 [645] [646]
Underfill[A]: [647] ht=475.99585pt, space=503.99754pt, baseline=13.99988pt
Underfill[B]: [647] ht=475.99585pt, space=503.99754pt, baseline=13.99988pt
 [647] [648] [649]
Underfill[A]: [650] ht=475.99585pt, space=503.99754pt, baseline=13.99988pt
Underfill[B]: [650] ht=475.99585pt, space=503.99754pt, baseline=13.99988pt
 [650])
Underfill[A]: [651] ht=83.99927pt, space=97.99915pt, baseline=13.99988pt
 [651] ptxfile 122KIakjv-two-Default.USFM monoglot,
(no adjustment list "../../../shared/ptxprint/Default/AdjLists/122KIakjv-two-Default.USFM.adj" found)
(no picture list "122KIakjv-two-Default.USFM.piclist" found)
 (./122KIakjv-two-Default.USFM First chapter for 2KI [652] [653] [654]
Underfill[A]: [655] ht=475.99585pt, space=503.99754pt, baseline=13.99988pt
Underfill[B]: [655] ht=475.99585pt, space=503.99754pt, baseline=13.99988pt
 [655]
Underfill[A]: [656] ht=447.9961pt, space=503.99754pt, baseline=13.99988pt
Underfill[B]: [656] ht=447.9961pt, space=503.99754pt, baseline=13.99988pt
 [656] [657]
Underfill[A]: [658] ht=489.99573pt, space=503.99754pt, baseline=13.99988pt
Underfill[B]: [658] ht=489.99573pt, space=503.99754pt, baseline=13.99988pt
 [658] [659] [660]
Underfill[A]: [661] ht=461.99597pt, space=503.99754pt, baseline=13.99988pt
Underfill[B]: [661] ht=461.99597pt, space=503.99754pt, baseline=13.99988pt
 [661] [662]
Underfill[A]: [663] ht=475.99585pt, space=503.99754pt, baseline=13.99988pt
Underfill[B]: [663] ht=475.99585pt, space=503.99754pt, baseline=13.99988pt
 [663] [664]
Underfill[A]: [665] ht=489.99573pt, space=503.99754pt, baseline=13.99988pt
Underfill[B]: [665] ht=489.99573pt, space=503.99754pt, baseline=13.99988pt
 [665] [666]
Underfill[A]: [667] ht=489.99573pt, space=503.99754pt, baseline=13.99988pt
Underfill[B]: [667] ht=489.99573pt, space=503.99754pt, baseline=13.99988pt
 [667] [668]
Underfill[A]: [669] ht=475.99585pt, space=503.99754pt, baseline=13.99988pt
Underfill[B]: [669] ht=475.99585pt, space=503.99754pt, baseline=13.99988pt
 [669]
Underfill[A]: [670] ht=433.99622pt, space=503.99754pt, baseline=13.99988pt
Underfill[B]: [670] ht=433.99622pt, space=503.99754pt, baseline=13.99988pt
 [670]
Underfill[A]: [671] ht=475.99585pt, space=503.99754pt, baseline=13.99988pt
Underfill[B]: [671] ht=475.99585pt, space=503.99754pt, baseline=13.99988pt
 [671] [672]
Underfill[A]: [673] ht=489.99573pt, space=503.99754pt, baseline=13.99988pt
Underfill[B]: [673] ht=489.99573pt, space=503.99754pt, baseline=13.99988pt
 [673] [674] [675]
Underfill[A]: [676] ht=475.99585pt, space=503.99754pt, baseline=13.99988pt
Underfill[B]: [676] ht=475.99585pt, space=503.99754pt, baseline=13.99988pt
 [676]
Underfill[A]: [677] ht=447.9961pt, space=503.99754pt, baseline=13.99988pt
Underfill[B]: [677] ht=447.9961pt, space=503.99754pt, baseline=13.99988pt
 [677]
Underfill[A]: [678] ht=489.99573pt, space=503.99754pt, baseline=13.99988pt
Underfill[B]: [678] ht=489.99573pt, space=503.99754pt, baseline=13.99988pt
 [678]
Underfill[A]: [679] ht=489.99573pt, space=503.99754pt, baseline=13.99988pt
Underfill[B]: [679] ht=489.99573pt, space=503.99754pt, baseline=13.99988pt
 [679]
Underfill[A]: [680] ht=321.9972pt, space=503.99754pt, baseline=13.99988pt
Underfill[B]: [680] ht=321.9972pt, space=503.99754pt, baseline=13.99988pt
 [680]
Underfill[A]: [681] ht=489.99573pt, space=503.99754pt, baseline=13.99988pt
Underfill[B]: [681] ht=489.99573pt, space=503.99754pt, baseline=13.99988pt
 [681] [682]
Underfill[A]: [683] ht=489.99573pt, space=503.99754pt, baseline=13.99988pt
Underfill[B]: [683] ht=489.99573pt, space=503.99754pt, baseline=13.99988pt
 [683] [684]
Underfill[A]: [685] ht=447.9961pt, space=503.99754pt, baseline=13.99988pt
Underfill[B]: [685] ht=447.9961pt, space=503.99754pt, baseline=13.99988pt
 [685] [686]
Underfill[A]: [687] ht=461.99597pt, space=503.99754pt, baseline=13.99988pt
Underfill[B]: [687] ht=461.99597pt, space=503.99754pt, baseline=13.99988pt
 [687]
Underfill[A]: [688] ht=447.9961pt, space=503.99754pt, baseline=13.99988pt
Underfill[B]: [688] ht=447.9961pt, space=503.99754pt, baseline=13.99988pt
 [688]
Underfill[A]: [689] ht=447.9961pt, space=503.99754pt, baseline=13.99988pt
Underfill[B]: [689] ht=447.9961pt, space=503.99754pt, baseline=13.99988pt
 [689] [690]
Underfill[A]: [691] ht=461.99597pt, space=503.99754pt, baseline=13.99988pt
Underfill[B]: [691] ht=461.99597pt, space=503.99754pt, baseline=13.99988pt
 [691]
Underfill[A]: [692] ht=489.99573pt, space=503.99754pt, baseline=13.99988pt
Underfill[B]: [692] ht=489.99573pt, space=503.99754pt, baseline=13.99988pt
 [692]
Underfill[A]: [693] ht=461.99597pt, space=503.99754pt, baseline=13.99988pt
Underfill[B]: [693] ht=461.99597pt, space=503.99754pt, baseline=13.99988pt
 [693] [694] [695]
Underfill[A]: [696] ht=489.99573pt, space=503.99754pt, baseline=13.99988pt
Underfill[B]: [696] ht=489.99573pt, space=503.99754pt, baseline=13.99988pt
 [696] [697] [698] [699] [700] [701]
Underfill[A]: [702] ht=475.99585pt, space=503.99754pt, baseline=13.99988pt
Underfill[B]: [702] ht=475.99585pt, space=503.99754pt, baseline=13.99988pt
 [702]
Underfill[A]: [703] ht=461.99597pt, space=503.99754pt, baseline=13.99988pt
Underfill[B]: [703] ht=461.99597pt, space=503.99754pt, baseline=13.99988pt
 [703]
Underfill[A]: [704] ht=405.99646pt, space=503.99754pt, baseline=13.99988pt
Underfill[B]: [704] ht=405.99646pt, space=503.99754pt, baseline=13.99988pt
 [704]
Underfill[A]: [705] ht=405.99646pt, space=503.99754pt, baseline=13.99988pt
Underfill[B]: [705] ht=405.99646pt, space=503.99754pt, baseline=13.99988pt
 [705]
Underfill[A]: [706] ht=475.99585pt, space=503.99754pt, baseline=13.99988pt
Underfill[B]: [706] ht=475.99585pt, space=503.99754pt, baseline=13.99988pt
 [706]) [707] ptxfile 131CHakjv-two-Default.USFM monoglot,
(no adjustment list "../../../shared/ptxprint/Default/AdjLists/131CHakjv-two-Default.USFM.adj" found)
(no picture list "131CHakjv-two-Default.USFM.piclist" found)
 (./131CHakjv-two-Default.USFM First chapter for 1CH
Underfill[A]: [708] ht=391.99658pt, space=433.99815pt, baseline=13.99988pt
Underfill[B]: [708] ht=391.99658pt, space=433.99815pt, baseline=13.99988pt
 [708]
Underfill[A]: [709] ht=405.99646pt, space=503.99754pt, baseline=13.99988pt
Underfill[B]: [709] ht=405.99646pt, space=503.99754pt, baseline=13.99988pt
 [709]
Underfill[A]: [710] ht=475.99585pt, space=503.99754pt, baseline=13.99988pt
Underfill[B]: [710] ht=475.99585pt, space=503.99754pt, baseline=13.99988pt
 [710]
Underfill[A]: [711] ht=489.99573pt, space=503.99754pt, baseline=13.99988pt
Underfill[B]: [711] ht=489.99573pt, space=503.99754pt, baseline=13.99988pt
 [711]
Underfill[A]: [712] ht=419.99634pt, space=503.99754pt, baseline=13.99988pt
Underfill[B]: [712] ht=419.99634pt, space=503.99754pt, baseline=13.99988pt
 [712]
Underfill[A]: [713] ht=405.99646pt, space=503.99754pt, baseline=13.99988pt
Underfill[B]: [713] ht=405.99646pt, space=503.99754pt, baseline=13.99988pt
 [713] [714]
Underfill[A]: [715] ht=377.9967pt, space=503.99754pt, baseline=13.99988pt
Underfill[B]: [715] ht=377.9967pt, space=503.99754pt, baseline=13.99988pt
 [715]
Underfill[A]: [716] ht=419.99634pt, space=503.99754pt, baseline=13.99988pt
Underfill[B]: [716] ht=419.99634pt, space=503.99754pt, baseline=13.99988pt
 [716]
Underfill[A]: [717] ht=489.99573pt, space=503.99754pt, baseline=13.99988pt
Underfill[B]: [717] ht=489.99573pt, space=503.99754pt, baseline=13.99988pt
 [717] [718]
Underfill[A]: [719] ht=433.99622pt, space=503.99754pt, baseline=13.99988pt
Underfill[B]: [719] ht=433.99622pt, space=503.99754pt, baseline=13.99988pt
 [719]
Underfill[A]: [720] ht=489.99573pt, space=503.99754pt, baseline=13.99988pt
Underfill[B]: [720] ht=489.99573pt, space=503.99754pt, baseline=13.99988pt
 [720]
Underfill[A]: [721] ht=489.99573pt, space=503.99754pt, baseline=13.99988pt
Underfill[B]: [721] ht=489.99573pt, space=503.99754pt, baseline=13.99988pt
 [721]
Underfill[A]: [722] ht=489.99573pt, space=503.99754pt, baseline=13.99988pt
Underfill[B]: [722] ht=489.99573pt, space=503.99754pt, baseline=13.99988pt
 [722]
Underfill[A]: [723] ht=489.99573pt, space=503.99754pt, baseline=13.99988pt
Underfill[B]: [723] ht=489.99573pt, space=503.99754pt, baseline=13.99988pt
 [723]
Underfill[A]: [724] ht=433.99622pt, space=503.99754pt, baseline=13.99988pt
Underfill[B]: [724] ht=433.99622pt, space=503.99754pt, baseline=13.99988pt
 [724]
Underfill[A]: [725] ht=489.99573pt, space=503.99754pt, baseline=13.99988pt
Underfill[B]: [725] ht=489.99573pt, space=503.99754pt, baseline=13.99988pt
 [725]
Underfill[A]: [726] ht=419.99634pt, space=503.99754pt, baseline=13.99988pt
Underfill[B]: [726] ht=419.99634pt, space=503.99754pt, baseline=13.99988pt
 [726]
Underfill[A]: [727] ht=405.99646pt, space=503.99754pt, baseline=13.99988pt
Underfill[B]: [727] ht=405.99646pt, space=503.99754pt, baseline=13.99988pt
 [727] [728]
Underfill[A]: [729] ht=433.99622pt, space=503.99754pt, baseline=13.99988pt
Underfill[B]: [729] ht=433.99622pt, space=503.99754pt, baseline=13.99988pt
 [729] [730]
Underfill[A]: [731] ht=363.99683pt, space=503.99754pt, baseline=13.99988pt
Underfill[B]: [731] ht=363.99683pt, space=503.99754pt, baseline=13.99988pt
 [731]
Underfill[A]: [732] ht=475.99585pt, space=503.99754pt, baseline=13.99988pt
Underfill[B]: [732] ht=475.99585pt, space=503.99754pt, baseline=13.99988pt
 [732] [733]
Underfill[A]: [734] ht=489.99573pt, space=503.99754pt, baseline=13.99988pt
Underfill[B]: [734] ht=489.99573pt, space=503.99754pt, baseline=13.99988pt
 [734]
Underfill[A]: [735] ht=433.99622pt, space=503.99754pt, baseline=13.99988pt
Underfill[B]: [735] ht=433.99622pt, space=503.99754pt, baseline=13.99988pt
 [735]
Underfill[A]: [736] ht=447.9961pt, space=503.99754pt, baseline=13.99988pt
Underfill[B]: [736] ht=447.9961pt, space=503.99754pt, baseline=13.99988pt
 [736]
Underfill[A]: [737] ht=447.9961pt, space=503.99754pt, baseline=13.99988pt
Underfill[B]: [737] ht=447.9961pt, space=503.99754pt, baseline=13.99988pt
 [737]
Underfill[A]: [738] ht=489.99573pt, space=503.99754pt, baseline=13.99988pt
Underfill[B]: [738] ht=489.99573pt, space=503.99754pt, baseline=13.99988pt
 [738] [739]
Underfill[A]: [740] ht=475.99585pt, space=503.99754pt, baseline=13.99988pt
Underfill[B]: [740] ht=475.99585pt, space=503.99754pt, baseline=13.99988pt
 [740]
Underfill[A]: [741] ht=489.99573pt, space=503.99754pt, baseline=13.99988pt
Underfill[B]: [741] ht=489.99573pt, space=503.99754pt, baseline=13.99988pt
 [741] [742]
Underfill[A]: [743] ht=475.99585pt, space=503.99754pt, baseline=13.99988pt
Underfill[B]: [743] ht=475.99585pt, space=503.99754pt, baseline=13.99988pt
 [743] [744] [745]
Underfill[A]: [746] ht=489.99573pt, space=503.99754pt, baseline=13.99988pt
Underfill[B]: [746] ht=489.99573pt, space=503.99754pt, baseline=13.99988pt
 [746]
Underfill[A]: [747] ht=461.99597pt, space=503.99754pt, baseline=13.99988pt
Underfill[B]: [747] ht=461.99597pt, space=503.99754pt, baseline=13.99988pt
 [747] [748]
Underfill[A]: [749] ht=489.99573pt, space=503.99754pt, baseline=13.99988pt
Underfill[B]: [749] ht=489.99573pt, space=503.99754pt, baseline=13.99988pt
 [749]
Underfill[A]: [750] ht=461.99597pt, space=503.99754pt, baseline=13.99988pt
Underfill[B]: [750] ht=461.99597pt, space=503.99754pt, baseline=13.99988pt
 [750] [751]
Underfill[A]: [752] ht=489.99573pt, space=503.99754pt, baseline=13.99988pt
Underfill[B]: [752] ht=489.99573pt, space=503.99754pt, baseline=13.99988pt
 [752]
Underfill[A]: [753] ht=321.9972pt, space=503.99754pt, baseline=13.99988pt
Underfill[B]: [753] ht=321.9972pt, space=503.99754pt, baseline=13.99988pt
 [753] [754] [755] [756] [757]
Underfill[A]: [758] ht=405.99646pt, space=503.99754pt, baseline=13.99988pt
Underfill[B]: [758] ht=405.99646pt, space=503.99754pt, baseline=13.99988pt
 [758] [759]
Underfill[A]: [760] ht=475.99585pt, space=503.99754pt, baseline=13.99988pt
Underfill[B]: [760] ht=475.99585pt, space=503.99754pt, baseline=13.99988pt
 [760]
Underfill[A]: [761] ht=447.9961pt, space=503.99754pt, baseline=13.99988pt
Underfill[B]: [761] ht=447.9961pt, space=503.99754pt, baseline=13.99988pt
 [761]
Underfill[A]: [762] ht=419.99634pt, space=503.99754pt, baseline=13.99988pt
Underfill[B]: [762] ht=419.99634pt, space=503.99754pt, baseline=13.99988pt
 [762])
Underfill[A]: [763] ht=153.99866pt, space=181.99841pt, baseline=13.99988pt
 [763] ptxfile 142CHakjv-two-Default.USFM monoglot,
(no adjustment list "../../../shared/ptxprint/Default/AdjLists/142CHakjv-two-Default.USFM.adj" found)
(no picture list "142CHakjv-two-Default.USFM.piclist" found)
 (./142CHakjv-two-Default.USFM First chapter for 2CH [764]
Underfill[A]: [765] ht=489.99573pt, space=503.99754pt, baseline=13.99988pt
Underfill[B]: [765] ht=489.99573pt, space=503.99754pt, baseline=13.99988pt
 [765]
Underfill[A]: [766] ht=475.99585pt, space=503.99754pt, baseline=13.99988pt
Underfill[B]: [766] ht=475.99585pt, space=503.99754pt, baseline=13.99988pt
 [766]
Underfill[A]: [767] ht=489.99573pt, space=503.99754pt, baseline=13.99988pt
Underfill[B]: [767] ht=489.99573pt, space=503.99754pt, baseline=13.99988pt
 [767]
Underfill[A]: [768] ht=461.99597pt, space=503.99754pt, baseline=13.99988pt
Underfill[B]: [768] ht=461.99597pt, space=503.99754pt, baseline=13.99988pt
 [768]
Underfill[A]: [769] ht=489.99573pt, space=503.99754pt, baseline=13.99988pt
Underfill[B]: [769] ht=489.99573pt, space=503.99754pt, baseline=13.99988pt
 [769] [770]
Underfill[A]: [771] ht=475.99585pt, space=503.99754pt, baseline=13.99988pt
Underfill[B]: [771] ht=475.99585pt, space=503.99754pt, baseline=13.99988pt
 [771] [772] [773]
Underfill[A]: [774] ht=461.99597pt, space=503.99754pt, baseline=13.99988pt
Underfill[B]: [774] ht=461.99597pt, space=503.99754pt, baseline=13.99988pt
 [774] [775]
Underfill[A]: [776] ht=461.99597pt, space=503.99754pt, baseline=13.99988pt
Underfill[B]: [776] ht=461.99597pt, space=503.99754pt, baseline=13.99988pt
 [776] [777] [778]
Underfill[A]: [779] ht=475.99585pt, space=503.99754pt, baseline=13.99988pt
Underfill[B]: [779] ht=475.99585pt, space=503.99754pt, baseline=13.99988pt
 [779]
Underfill[A]: [780] ht=461.99597pt, space=503.99754pt, baseline=13.99988pt
Underfill[B]: [780] ht=461.99597pt, space=503.99754pt, baseline=13.99988pt
 [780] [781]
Underfill[A]: [782] ht=475.99585pt, space=503.99754pt, baseline=13.99988pt
Underfill[B]: [782] ht=475.99585pt, space=503.99754pt, baseline=13.99988pt
 [782]
Underfill[A]: [783] ht=475.99585pt, space=503.99754pt, baseline=13.99988pt
Underfill[B]: [783] ht=475.99585pt, space=503.99754pt, baseline=13.99988pt
 [783] [784] [785]
Underfill[A]: [786] ht=475.99585pt, space=503.99754pt, baseline=13.99988pt
Underfill[B]: [786] ht=475.99585pt, space=503.99754pt, baseline=13.99988pt
 [786]
Underfill[A]: [787] ht=461.99597pt, space=503.99754pt, baseline=13.99988pt
Underfill[B]: [787] ht=461.99597pt, space=503.99754pt, baseline=13.99988pt
 [787]
Underfill[A]: [788] ht=475.99585pt, space=503.99754pt, baseline=13.99988pt
Underfill[B]: [788] ht=475.99585pt, space=503.99754pt, baseline=13.99988pt
 [788]
Underfill[A]: [789] ht=489.99573pt, space=503.99754pt, baseline=13.99988pt
Underfill[B]: [789] ht=489.99573pt, space=503.99754pt, baseline=13.99988pt
 [789] [790]
Underfill[A]: [791] ht=489.99573pt, space=503.99754pt, baseline=13.99988pt
Underfill[B]: [791] ht=489.99573pt, space=503.99754pt, baseline=13.99988pt
 [791] [792]
Underfill[A]: [793] ht=489.99573pt, space=503.99754pt, baseline=13.99988pt
Underfill[B]: [793] ht=489.99573pt, space=503.99754pt, baseline=13.99988pt
 [793] [794]
Underfill[A]: [795] ht=433.99622pt, space=503.99754pt, baseline=13.99988pt
Underfill[B]: [795] ht=433.99622pt, space=503.99754pt, baseline=13.99988pt
 [795]
Underfill[A]: [796] ht=461.99597pt, space=503.99754pt, baseline=13.99988pt
Underfill[B]: [796] ht=461.99597pt, space=503.99754pt, baseline=13.99988pt
 [796]
Underfill[A]: [797] ht=475.99585pt, space=503.99754pt, baseline=13.99988pt
Underfill[B]: [797] ht=475.99585pt, space=503.99754pt, baseline=13.99988pt
 [797]
Underfill[A]: [798] ht=475.99585pt, space=503.99754pt, baseline=13.99988pt
Underfill[B]: [798] ht=475.99585pt, space=503.99754pt, baseline=13.99988pt
 [798]
Underfill[A]: [799] ht=405.99646pt, space=503.99754pt, baseline=13.99988pt
Underfill[B]: [799] ht=405.99646pt, space=503.99754pt, baseline=13.99988pt
 [799] [800]
Underfill[A]: [801] ht=489.99573pt, space=503.99754pt, baseline=13.99988pt
Underfill[B]: [801] ht=489.99573pt, space=503.99754pt, baseline=13.99988pt
 [801]
Underfill[A]: [802] ht=433.99622pt, space=503.99754pt, baseline=13.99988pt
Underfill[B]: [802] ht=433.99622pt, space=503.99754pt, baseline=13.99988pt
 [802] [803]
Underfill[A]: [804] ht=391.99658pt, space=503.99754pt, baseline=13.99988pt
Underfill[B]: [804] ht=391.99658pt, space=503.99754pt, baseline=13.99988pt
 [804]
Underfill[A]: [805] ht=391.99658pt, space=503.99754pt, baseline=13.99988pt
Underfill[B]: [805] ht=391.99658pt, space=503.99754pt, baseline=13.99988pt
 [805] [806]
Underfill[A]: [807] ht=447.9961pt, space=503.99754pt, baseline=13.99988pt
Underfill[B]: [807] ht=447.9961pt, space=503.99754pt, baseline=13.99988pt
 [807] [808]
Underfill[A]: [809] ht=489.99573pt, space=503.99754pt, baseline=13.99988pt
Underfill[B]: [809] ht=489.99573pt, space=503.99754pt, baseline=13.99988pt
 [809] [810]
Underfill[A]: [811] ht=461.99597pt, space=503.99754pt, baseline=13.99988pt
Underfill[B]: [811] ht=461.99597pt, space=503.99754pt, baseline=13.99988pt
 [811]
Underfill[A]: [812] ht=489.99573pt, space=503.99754pt, baseline=13.99988pt
Underfill[B]: [812] ht=489.99573pt, space=503.99754pt, baseline=13.99988pt
 [812]
Underfill[A]: [813] ht=475.99585pt, space=503.99754pt, baseline=13.99988pt
Underfill[B]: [813] ht=475.99585pt, space=503.99754pt, baseline=13.99988pt
 [813]
Underfill[A]: [814] ht=489.99573pt, space=503.99754pt, baseline=13.99988pt
Underfill[B]: [814] ht=489.99573pt, space=503.99754pt, baseline=13.99988pt
 [814]
Underfill[A]: [815] ht=461.99597pt, space=503.99754pt, baseline=13.99988pt
Underfill[B]: [815] ht=461.99597pt, space=503.99754pt, baseline=13.99988pt
 [815]
Underfill[A]: [816] ht=447.9961pt, space=503.99754pt, baseline=13.99988pt
Underfill[B]: [816] ht=447.9961pt, space=503.99754pt, baseline=13.99988pt
 [816]
Underfill[A]: [817] ht=475.99585pt, space=503.99754pt, baseline=13.99988pt
Underfill[B]: [817] ht=475.99585pt, space=503.99754pt, baseline=13.99988pt
 [817]
Underfill[A]: [818] ht=489.99573pt, space=503.99754pt, baseline=13.99988pt
Underfill[B]: [818] ht=489.99573pt, space=503.99754pt, baseline=13.99988pt
 [818]
Underfill[A]: [819] ht=489.99573pt, space=503.99754pt, baseline=13.99988pt
Underfill[B]: [819] ht=489.99573pt, space=503.99754pt, baseline=13.99988pt
 [819]
Underfill[A]: [820] ht=489.99573pt, space=503.99754pt, baseline=13.99988pt
Underfill[B]: [820] ht=489.99573pt, space=503.99754pt, baseline=13.99988pt
 [820]
Underfill[A]: [821] ht=489.99573pt, space=503.99754pt, baseline=13.99988pt
Underfill[B]: [821] ht=489.99573pt, space=503.99754pt, baseline=13.99988pt
 [821]
Underfill[A]: [822] ht=489.99573pt, space=503.99754pt, baseline=13.99988pt
Underfill[B]: [822] ht=489.99573pt, space=503.99754pt, baseline=13.99988pt
 [822] [823] [824]
Underfill[A]: [825] ht=489.99573pt, space=503.99754pt, baseline=13.99988pt
Underfill[B]: [825] ht=489.99573pt, space=503.99754pt, baseline=13.99988pt
 [825]
Underfill[A]: [826] ht=489.99573pt, space=503.99754pt, baseline=13.99988pt
Underfill[B]: [826] ht=489.99573pt, space=503.99754pt, baseline=13.99988pt
 [826] [827])
Underfill[B]: [828] ht=293.99744pt, space=307.99731pt, baseline=13.99988pt
 [828] ptxfile 15EZRakjv-two-Default.USFM monoglot,
(no adjustment list "../../../shared/ptxprint/Default/AdjLists/15EZRakjv-two-Default.USFM.adj" found)
(no picture list "15EZRakjv-two-Default.USFM.piclist" found)
 (./15EZRakjv-two-Default.USFM First chapter for EZR [829]
Underfill[A]: [830] ht=391.99658pt, space=503.99754pt, baseline=13.99988pt
Underfill[B]: [830] ht=391.99658pt, space=503.99754pt, baseline=13.99988pt
 [830]
Underfill[A]: [831] ht=461.99597pt, space=503.99754pt, baseline=13.99988pt
Underfill[B]: [831] ht=461.99597pt, space=503.99754pt, baseline=13.99988pt
 [831]
Underfill[A]: [832] ht=489.99573pt, space=503.99754pt, baseline=13.99988pt
Underfill[B]: [832] ht=489.99573pt, space=503.99754pt, baseline=13.99988pt
 [832] [833]
Underfill[A]: [834] ht=489.99573pt, space=503.99754pt, baseline=13.99988pt
Underfill[B]: [834] ht=489.99573pt, space=503.99754pt, baseline=13.99988pt
 [834] [835]
Underfill[A]: [836] ht=489.99573pt, space=503.99754pt, baseline=13.99988pt
Underfill[B]: [836] ht=489.99573pt, space=503.99754pt, baseline=13.99988pt
 [836] [837] [838] [839] [840]
Underfill[A]: [841] ht=461.99597pt, space=503.99754pt, baseline=13.99988pt
Underfill[B]: [841] ht=461.99597pt, space=503.99754pt, baseline=13.99988pt
 [841]
Underfill[A]: [842] ht=489.99573pt, space=503.99754pt, baseline=13.99988pt
Underfill[B]: [842] ht=489.99573pt, space=503.99754pt, baseline=13.99988pt
 [842] [843] [844] [845]
Underfill[A]: [846] ht=489.99573pt, space=503.99754pt, baseline=13.99988pt
Underfill[B]: [846] ht=489.99573pt, space=503.99754pt, baseline=13.99988pt
 [846]) [847] ptxfile 16NEHakjv-two-Default.USFM monoglot,
(no adjustment list "../../../shared/ptxprint/Default/AdjLists/16NEHakjv-two-Default.USFM.adj" found)
(no picture list "16NEHakjv-two-Default.USFM.piclist" found)
 (./16NEHakjv-two-Default.USFM First chapter for NEH [848]
Underfill[A]: [849] ht=489.99573pt, space=503.99754pt, baseline=13.99988pt
Underfill[B]: [849] ht=489.99573pt, space=503.99754pt, baseline=13.99988pt
 [849]
Underfill[A]: [850] ht=447.9961pt, space=503.99754pt, baseline=13.99988pt
Underfill[B]: [850] ht=447.9961pt, space=503.99754pt, baseline=13.99988pt
 [850]
Underfill[A]: [851] ht=475.99585pt, space=503.99754pt, baseline=13.99988pt
Underfill[B]: [851] ht=475.99585pt, space=503.99754pt, baseline=13.99988pt
 [851]
Underfill[A]: [852] ht=433.99622pt, space=503.99754pt, baseline=13.99988pt
Underfill[B]: [852] ht=433.99622pt, space=503.99754pt, baseline=13.99988pt
 [852] [853]
Underfill[A]: [854] ht=489.99573pt, space=503.99754pt, baseline=13.99988pt
Underfill[B]: [854] ht=489.99573pt, space=503.99754pt, baseline=13.99988pt
 [854]
Underfill[A]: [855] ht=461.99597pt, space=503.99754pt, baseline=13.99988pt
Underfill[B]: [855] ht=461.99597pt, space=503.99754pt, baseline=13.99988pt
 [855]
Underfill[A]: [856] ht=447.9961pt, space=503.99754pt, baseline=13.99988pt
Underfill[B]: [856] ht=447.9961pt, space=503.99754pt, baseline=13.99988pt
 [856] [857]
Underfill[A]: [858] ht=447.9961pt, space=503.99754pt, baseline=13.99988pt
Underfill[B]: [858] ht=447.9961pt, space=503.99754pt, baseline=13.99988pt
 [858]
Underfill[A]: [859] ht=489.99573pt, space=503.99754pt, baseline=13.99988pt
Underfill[B]: [859] ht=489.99573pt, space=503.99754pt, baseline=13.99988pt
 [859] [860]
Underfill[A]: [861] ht=475.99585pt, space=503.99754pt, baseline=13.99988pt
Underfill[B]: [861] ht=475.99585pt, space=503.99754pt, baseline=13.99988pt
 [861]
Underfill[A]: [862] ht=489.99573pt, space=503.99754pt, baseline=13.99988pt
Underfill[B]: [862] ht=489.99573pt, space=503.99754pt, baseline=13.99988pt
 [862]
Underfill[A]: [863] ht=489.99573pt, space=503.99754pt, baseline=13.99988pt
Underfill[B]: [863] ht=489.99573pt, space=503.99754pt, baseline=13.99988pt
 [863] [864]
Underfill[A]: [865] ht=461.99597pt, space=503.99754pt, baseline=13.99988pt
Underfill[B]: [865] ht=461.99597pt, space=503.99754pt, baseline=13.99988pt
 [865] [866]
Underfill[A]: [867] ht=489.99573pt, space=503.99754pt, baseline=13.99988pt
Underfill[B]: [867] ht=489.99573pt, space=503.99754pt, baseline=13.99988pt
 [867]
Underfill[A]: [868] ht=475.99585pt, space=503.99754pt, baseline=13.99988pt
Underfill[B]: [868] ht=475.99585pt, space=503.99754pt, baseline=13.99988pt
 [868]
Underfill[A]: [869] ht=475.99585pt, space=503.99754pt, baseline=13.99988pt
Underfill[B]: [869] ht=475.99585pt, space=503.99754pt, baseline=13.99988pt
 [869] [870] [871]
Underfill[A]: [872] ht=489.99573pt, space=503.99754pt, baseline=13.99988pt
Underfill[B]: [872] ht=489.99573pt, space=503.99754pt, baseline=13.99988pt
 [872]
Underfill[A]: [873] ht=475.99585pt, space=503.99754pt, baseline=13.99988pt
Underfill[B]: [873] ht=475.99585pt, space=503.99754pt, baseline=13.99988pt
 [873])
Underfill[B]: [874] ht=293.99744pt, space=307.99731pt, baseline=13.99988pt
 [874] ptxfile 17ESTakjv-two-Default.USFM monoglot,
(no adjustment list "../../../shared/ptxprint/Default/AdjLists/17ESTakjv-two-Default.USFM.adj" found)
(no picture list "17ESTakjv-two-Default.USFM.piclist" found)
 (./17ESTakjv-two-Default.USFM First chapter for EST
Underfill[A]: [875] ht=419.99634pt, space=433.99815pt, baseline=13.99988pt
Underfill[B]: [875] ht=419.99634pt, space=433.99815pt, baseline=13.99988pt
 [875]
Underfill[A]: [876] ht=489.99573pt, space=503.99754pt, baseline=13.99988pt
Underfill[B]: [876] ht=489.99573pt, space=503.99754pt, baseline=13.99988pt
 [876] [877] [878] [879]
Underfill[A]: [880] ht=489.99573pt, space=503.99754pt, baseline=13.99988pt
Underfill[B]: [880] ht=489.99573pt, space=503.99754pt, baseline=13.99988pt
 [880]
Underfill[A]: [881] ht=489.99573pt, space=503.99754pt, baseline=13.99988pt
Underfill[B]: [881] ht=489.99573pt, space=503.99754pt, baseline=13.99988pt
 [881] [882] [883]
Underfill[A]: [884] ht=447.9961pt, space=503.99754pt, baseline=13.99988pt
Underfill[B]: [884] ht=447.9961pt, space=503.99754pt, baseline=13.99988pt
 [884] [885]
Underfill[A]: [886] ht=349.99695pt, space=503.99754pt, baseline=13.99988pt
Underfill[B]: [886] ht=349.99695pt, space=503.99754pt, baseline=13.99988pt
 [886] [887]) [888] ptxfile 18JOBakjv-two-Default.USFM monoglot,
(no adjustment list "../../../shared/ptxprint/Default/AdjLists/18JOBakjv-two-Default.USFM.adj" found)
(no picture list "18JOBakjv-two-Default.USFM.piclist" found)
 (./18JOBakjv-two-Default.USFM First chapter for JOB [889] [890]
Underfill[A]: [891] ht=475.99585pt, space=503.99754pt, baseline=13.99988pt
Underfill[B]: [891] ht=475.99585pt, space=503.99754pt, baseline=13.99988pt
 [891]
Underfill[A]: [892] ht=489.99573pt, space=503.99754pt, baseline=13.99988pt
Underfill[B]: [892] ht=489.99573pt, space=503.99754pt, baseline=13.99988pt
 [892]
Underfill[A]: [893] ht=377.9967pt, space=503.99754pt, baseline=13.99988pt
Underfill[B]: [893] ht=377.9967pt, space=503.99754pt, baseline=13.99988pt
 [893]
Underfill[A]: [894] ht=391.99658pt, space=503.99754pt, baseline=13.99988pt
Underfill[B]: [894] ht=391.99658pt, space=503.99754pt, baseline=13.99988pt
 [894]
Underfill[A]: [895] ht=447.9961pt, space=503.99754pt, baseline=13.99988pt
Underfill[B]: [895] ht=447.9961pt, space=503.99754pt, baseline=13.99988pt
 [895]
Underfill[A]: [896] ht=419.99634pt, space=503.99754pt, baseline=13.99988pt
Underfill[B]: [896] ht=419.99634pt, space=503.99754pt, baseline=13.99988pt
 [896]
Underfill[A]: [897] ht=433.99622pt, space=503.99754pt, baseline=13.99988pt
Underfill[B]: [897] ht=433.99622pt, space=503.99754pt, baseline=13.99988pt
 [897] [898]
Underfill[A]: [899] ht=489.99573pt, space=503.99754pt, baseline=13.99988pt
Underfill[B]: [899] ht=489.99573pt, space=503.99754pt, baseline=13.99988pt
 [899]
Underfill[A]: [900] ht=447.9961pt, space=503.99754pt, baseline=13.99988pt
Underfill[B]: [900] ht=447.9961pt, space=503.99754pt, baseline=13.99988pt
 [900]
Underfill[A]: [901] ht=475.99585pt, space=503.99754pt, baseline=13.99988pt
Underfill[B]: [901] ht=475.99585pt, space=503.99754pt, baseline=13.99988pt
 [901]
Underfill[A]: [902] ht=419.99634pt, space=503.99754pt, baseline=13.99988pt
Underfill[B]: [902] ht=419.99634pt, space=503.99754pt, baseline=13.99988pt
 [902]
Underfill[A]: [903] ht=475.99585pt, space=503.99754pt, baseline=13.99988pt
Underfill[B]: [903] ht=475.99585pt, space=503.99754pt, baseline=13.99988pt
 [903]
Underfill[A]: [904] ht=461.99597pt, space=503.99754pt, baseline=13.99988pt
Underfill[B]: [904] ht=461.99597pt, space=503.99754pt, baseline=13.99988pt
 [904]
Underfill[A]: [905] ht=489.99573pt, space=503.99754pt, baseline=13.99988pt
Underfill[B]: [905] ht=489.99573pt, space=503.99754pt, baseline=13.99988pt
 [905]
Underfill[A]: [906] ht=447.9961pt, space=503.99754pt, baseline=13.99988pt
Underfill[B]: [906] ht=447.9961pt, space=503.99754pt, baseline=13.99988pt
 [906]
Underfill[A]: [907] ht=461.99597pt, space=503.99754pt, baseline=13.99988pt
Underfill[B]: [907] ht=461.99597pt, space=503.99754pt, baseline=13.99988pt
 [907]
Underfill[A]: [908] ht=279.99756pt, space=503.99754pt, baseline=13.99988pt
Underfill[B]: [908] ht=279.99756pt, space=503.99754pt, baseline=13.99988pt
 [908]
Underfill[A]: [909] ht=475.99585pt, space=503.99754pt, baseline=13.99988pt
Underfill[B]: [909] ht=475.99585pt, space=503.99754pt, baseline=13.99988pt
 [909]
Underfill[A]: [910] ht=447.9961pt, space=503.99754pt, baseline=13.99988pt
Underfill[B]: [910] ht=447.9961pt, space=503.99754pt, baseline=13.99988pt
 [910]
Underfill[A]: [911] ht=489.99573pt, space=503.99754pt, baseline=13.99988pt
Underfill[B]: [911] ht=489.99573pt, space=503.99754pt, baseline=13.99988pt
 [911] [912]
Underfill[A]: [913] ht=335.99707pt, space=503.99754pt, baseline=13.99988pt
Underfill[B]: [913] ht=335.99707pt, space=503.99754pt, baseline=13.99988pt
 [913]
Underfill[A]: [914] ht=41.99963pt, space=503.99754pt, baseline=13.99988pt
Underfill[B]: [914] ht=0.0pt, space=503.99754pt, baseline=13.99988pt
 [914]
Underfill[A]: [915] ht=489.99573pt, space=503.99754pt, baseline=13.99988pt
Underfill[B]: [915] ht=489.99573pt, space=503.99754pt, baseline=13.99988pt
 [915]
Underfill[A]: [916] ht=489.99573pt, space=503.99754pt, baseline=13.99988pt
Underfill[B]: [916] ht=489.99573pt, space=503.99754pt, baseline=13.99988pt
 [916]
Underfill[A]: [917] ht=475.99585pt, space=503.99754pt, baseline=13.99988pt
Underfill[B]: [917] ht=475.99585pt, space=503.99754pt, baseline=13.99988pt
 [917]
Underfill[A]: [918] ht=447.9961pt, space=503.99754pt, baseline=13.99988pt
Underfill[B]: [918] ht=447.9961pt, space=503.99754pt, baseline=13.99988pt
 [918]
Underfill[A]: [919] ht=475.99585pt, space=503.99754pt, baseline=13.99988pt
Underfill[B]: [919] ht=475.99585pt, space=503.99754pt, baseline=13.99988pt
 [919]
Underfill[A]: [920] ht=489.99573pt, space=503.99754pt, baseline=13.99988pt
Underfill[B]: [920] ht=489.99573pt, space=503.99754pt, baseline=13.99988pt
 [920]
Underfill[A]: [921] ht=447.9961pt, space=503.99754pt, baseline=13.99988pt
Underfill[B]: [921] ht=447.9961pt, space=503.99754pt, baseline=13.99988pt
 [921] [922]
Underfill[A]: [923] ht=433.99622pt, space=503.99754pt, baseline=13.99988pt
Underfill[B]: [923] ht=433.99622pt, space=503.99754pt, baseline=13.99988pt
 [923]
Underfill[A]: [924] ht=447.9961pt, space=503.99754pt, baseline=13.99988pt
Underfill[B]: [924] ht=447.9961pt, space=503.99754pt, baseline=13.99988pt
 [924]
Underfill[A]: [925] ht=335.99707pt, space=503.99754pt, baseline=13.99988pt
Underfill[B]: [925] ht=335.99707pt, space=503.99754pt, baseline=13.99988pt
 [925] [926] [927]
Underfill[A]: [928] ht=391.99658pt, space=503.99754pt, baseline=13.99988pt
Underfill[B]: [928] ht=391.99658pt, space=503.99754pt, baseline=13.99988pt
 [928]
Underfill[A]: [929] ht=489.99573pt, space=503.99754pt, baseline=13.99988pt
Underfill[B]: [929] ht=489.99573pt, space=503.99754pt, baseline=13.99988pt
 [929]
Underfill[A]: [930] ht=489.99573pt, space=503.99754pt, baseline=13.99988pt
Underfill[B]: [930] ht=489.99573pt, space=503.99754pt, baseline=13.99988pt
 [930]
Underfill[A]: [931] ht=363.99683pt, space=503.99754pt, baseline=13.99988pt
Underfill[B]: [931] ht=363.99683pt, space=503.99754pt, baseline=13.99988pt
 [931]
Underfill[A]: [932] ht=489.99573pt, space=503.99754pt, baseline=13.99988pt
Underfill[B]: [932] ht=489.99573pt, space=503.99754pt, baseline=13.99988pt
 [932]
Underfill[A]: [933] ht=461.99597pt, space=503.99754pt, baseline=13.99988pt
Underfill[B]: [933] ht=461.99597pt, space=503.99754pt, baseline=13.99988pt
 [933]
Underfill[A]: [934] ht=433.99622pt, space=503.99754pt, baseline=13.99988pt
Underfill[B]: [934] ht=433.99622pt, space=503.99754pt, baseline=13.99988pt
 [934]
Underfill[A]: [935] ht=475.99585pt, space=503.99754pt, baseline=13.99988pt
Underfill[B]: [935] ht=475.99585pt, space=503.99754pt, baseline=13.99988pt
 [935]
Underfill[A]: [936] ht=377.9967pt, space=503.99754pt, baseline=13.99988pt
Underfill[B]: [936] ht=377.9967pt, space=503.99754pt, baseline=13.99988pt
 [936]
Underfill[A]: [937] ht=377.9967pt, space=503.99754pt, baseline=13.99988pt
Underfill[B]: [937] ht=377.9967pt, space=503.99754pt, baseline=13.99988pt
 [937]
Underfill[A]: [938] ht=433.99622pt, space=503.99754pt, baseline=13.99988pt
Underfill[B]: [938] ht=433.99622pt, space=503.99754pt, baseline=13.99988pt
 [938])
Underfill[A]: [939] ht=125.9989pt, space=139.99878pt, baseline=13.99988pt
 [939] ptxfile 19PSAakjv-two-Default.USFM monoglot,
(no adjustment list "../../../shared/ptxprint/Default/AdjLists/19PSAakjv-two-Default.USFM.adj" found)
(no picture list "19PSAakjv-two-Default.USFM.piclist" found)
 (./19PSAakjv-two-Default.USFM First chapter for PSA
Underfill[A]: [940] ht=391.99658pt, space=433.99815pt, baseline=13.99988pt
Underfill[B]: [940] ht=391.99658pt, space=433.99815pt, baseline=13.99988pt
 [940] [941]
Underfill[A]: [942] ht=489.99573pt, space=503.99754pt, baseline=13.99988pt
Underfill[B]: [942] ht=489.99573pt, space=503.99754pt, baseline=13.99988pt
 [942]
Underfill[A]: [943] ht=447.9961pt, space=503.99754pt, baseline=13.99988pt
Underfill[B]: [943] ht=447.9961pt, space=503.99754pt, baseline=13.99988pt
 [943]
Underfill[A]: [944] ht=461.99597pt, space=503.99754pt, baseline=13.99988pt
Underfill[B]: [944] ht=461.99597pt, space=503.99754pt, baseline=13.99988pt
 [944]
Underfill[A]: [945] ht=489.99573pt, space=503.99754pt, baseline=13.99988pt
Underfill[B]: [945] ht=489.99573pt, space=503.99754pt, baseline=13.99988pt
 [945]
Underfill[A]: [946] ht=475.99585pt, space=503.99754pt, baseline=13.99988pt
Underfill[B]: [946] ht=475.99585pt, space=503.99754pt, baseline=13.99988pt
 [946]
Underfill[A]: [947] ht=489.99573pt, space=503.99754pt, baseline=13.99988pt
Underfill[B]: [947] ht=489.99573pt, space=503.99754pt, baseline=13.99988pt
 [947]
Underfill[A]: [948] ht=405.99646pt, space=503.99754pt, baseline=13.99988pt
Underfill[B]: [948] ht=405.99646pt, space=503.99754pt, baseline=13.99988pt
 [948] [949] [950]
Underfill[A]: [951] ht=489.99573pt, space=503.99754pt, baseline=13.99988pt
Underfill[B]: [951] ht=489.99573pt, space=503.99754pt, baseline=13.99988pt
 [951]
Underfill[A]: [952] ht=489.99573pt, space=503.99754pt, baseline=13.99988pt
Underfill[B]: [952] ht=489.99573pt, space=503.99754pt, baseline=13.99988pt
 [952] [953]
Underfill[A]: [954] ht=461.99597pt, space=503.99754pt, baseline=13.99988pt
Underfill[B]: [954] ht=461.99597pt, space=503.99754pt, baseline=13.99988pt
 [954]
Underfill[A]: [955] ht=461.99597pt, space=503.99754pt, baseline=13.99988pt
Underfill[B]: [955] ht=461.99597pt, space=503.99754pt, baseline=13.99988pt
 [955]
Underfill[A]: [956] ht=195.99829pt, space=503.99754pt, baseline=13.99988pt
Underfill[B]: [956] ht=195.99829pt, space=503.99754pt, baseline=13.99988pt
 [956]
Underfill[A]: [957] ht=489.99573pt, space=503.99754pt, baseline=13.99988pt
Underfill[B]: [957] ht=489.99573pt, space=503.99754pt, baseline=13.99988pt
 [957]
Underfill[A]: [958] ht=447.9961pt, space=503.99754pt, baseline=13.99988pt
Underfill[B]: [958] ht=447.9961pt, space=503.99754pt, baseline=13.99988pt
 [958] [959]
Underfill[A]: [960] ht=489.99573pt, space=503.99754pt, baseline=13.99988pt
Underfill[B]: [960] ht=489.99573pt, space=503.99754pt, baseline=13.99988pt
 [960]
Underfill[A]: [961] ht=433.99622pt, space=503.99754pt, baseline=13.99988pt
Underfill[B]: [961] ht=433.99622pt, space=503.99754pt, baseline=13.99988pt
 [961]
Underfill[A]: [962] ht=461.99597pt, space=503.99754pt, baseline=13.99988pt
Underfill[B]: [962] ht=461.99597pt, space=503.99754pt, baseline=13.99988pt
 [962]
Underfill[A]: [963] ht=475.99585pt, space=503.99754pt, baseline=13.99988pt
Underfill[B]: [963] ht=475.99585pt, space=503.99754pt, baseline=13.99988pt
 [963]
Underfill[A]: [964] ht=489.99573pt, space=503.99754pt, baseline=13.99988pt
Underfill[B]: [964] ht=489.99573pt, space=503.99754pt, baseline=13.99988pt
 [964]
Underfill[A]: [965] ht=489.99573pt, space=503.99754pt, baseline=13.99988pt
Underfill[B]: [965] ht=489.99573pt, space=503.99754pt, baseline=13.99988pt
 [965]
Underfill[A]: [966] ht=363.99683pt, space=503.99754pt, baseline=13.99988pt
Underfill[B]: [966] ht=363.99683pt, space=503.99754pt, baseline=13.99988pt
 [966] [967]
Underfill[A]: [968] ht=489.99573pt, space=503.99754pt, baseline=13.99988pt
Underfill[B]: [968] ht=489.99573pt, space=503.99754pt, baseline=13.99988pt
 [968]
Underfill[A]: [969] ht=405.99646pt, space=503.99754pt, baseline=13.99988pt
Underfill[B]: [969] ht=405.99646pt, space=503.99754pt, baseline=13.99988pt
 [969] [970]
Underfill[A]: [971] ht=475.99585pt, space=503.99754pt, baseline=13.99988pt
Underfill[B]: [971] ht=475.99585pt, space=503.99754pt, baseline=13.99988pt
 [971] [972]
Underfill[A]: [973] ht=391.99658pt, space=503.99754pt, baseline=13.99988pt
Underfill[B]: [973] ht=391.99658pt, space=503.99754pt, baseline=13.99988pt
 [973]
Underfill[A]: [974] ht=489.99573pt, space=503.99754pt, baseline=13.99988pt
Underfill[B]: [974] ht=489.99573pt, space=503.99754pt, baseline=13.99988pt
 [974]
Underfill[A]: [975] ht=489.99573pt, space=503.99754pt, baseline=13.99988pt
Underfill[B]: [975] ht=489.99573pt, space=503.99754pt, baseline=13.99988pt
 [975]
Underfill[A]: [976] ht=475.99585pt, space=503.99754pt, baseline=13.99988pt
Underfill[B]: [976] ht=475.99585pt, space=503.99754pt, baseline=13.99988pt
 [976]
Underfill[A]: [977] ht=461.99597pt, space=503.99754pt, baseline=13.99988pt
Underfill[B]: [977] ht=461.99597pt, space=503.99754pt, baseline=13.99988pt
 [977]
Underfill[A]: [978] ht=461.99597pt, space=503.99754pt, baseline=13.99988pt
Underfill[B]: [978] ht=461.99597pt, space=503.99754pt, baseline=13.99988pt
 [978]
Underfill[A]: [979] ht=475.99585pt, space=503.99754pt, baseline=13.99988pt
Underfill[B]: [979] ht=475.99585pt, space=503.99754pt, baseline=13.99988pt
 [979] [980]
Underfill[A]: [981] ht=447.9961pt, space=503.99754pt, baseline=13.99988pt
Underfill[B]: [981] ht=447.9961pt, space=503.99754pt, baseline=13.99988pt
 [981] [982] [983]
Underfill[A]: [984] ht=489.99573pt, space=503.99754pt, baseline=13.99988pt
Underfill[B]: [984] ht=489.99573pt, space=503.99754pt, baseline=13.99988pt
 [984] [985]
Underfill[A]: [986] ht=447.9961pt, space=503.99754pt, baseline=13.99988pt
Underfill[B]: [986] ht=447.9961pt, space=503.99754pt, baseline=13.99988pt
 [986]
Underfill[A]: [987] ht=475.99585pt, space=503.99754pt, baseline=13.99988pt
Underfill[B]: [987] ht=475.99585pt, space=503.99754pt, baseline=13.99988pt
 [987]
Underfill[A]: [988] ht=419.99634pt, space=503.99754pt, baseline=13.99988pt
Underfill[B]: [988] ht=419.99634pt, space=503.99754pt, baseline=13.99988pt
 [988]
Underfill[A]: [989] ht=489.99573pt, space=503.99754pt, baseline=13.99988pt
Underfill[B]: [989] ht=489.99573pt, space=503.99754pt, baseline=13.99988pt
 [989]
Underfill[A]: [990] ht=433.99622pt, space=503.99754pt, baseline=13.99988pt
Underfill[B]: [990] ht=433.99622pt, space=503.99754pt, baseline=13.99988pt
 [990]
Underfill[A]: [991] ht=461.99597pt, space=503.99754pt, baseline=13.99988pt
Underfill[B]: [991] ht=461.99597pt, space=503.99754pt, baseline=13.99988pt
 [991]
Underfill[A]: [992] ht=489.99573pt, space=503.99754pt, baseline=13.99988pt
Underfill[B]: [992] ht=489.99573pt, space=503.99754pt, baseline=13.99988pt
 [992]
Underfill[A]: [993] ht=447.9961pt, space=503.99754pt, baseline=13.99988pt
Underfill[B]: [993] ht=447.9961pt, space=503.99754pt, baseline=13.99988pt
 [993]
Underfill[A]: [994] ht=461.99597pt, space=503.99754pt, baseline=13.99988pt
Underfill[B]: [994] ht=461.99597pt, space=503.99754pt, baseline=13.99988pt
 [994] [995]
Underfill[A]: [996] ht=433.99622pt, space=503.99754pt, baseline=13.99988pt
Underfill[B]: [996] ht=433.99622pt, space=503.99754pt, baseline=13.99988pt
 [996]
Underfill[A]: [997] ht=447.9961pt, space=503.99754pt, baseline=13.99988pt
Underfill[B]: [997] ht=447.9961pt, space=503.99754pt, baseline=13.99988pt
 [997] [998]
Underfill[A]: [999] ht=419.99634pt, space=503.99754pt, baseline=13.99988pt
Underfill[B]: [999] ht=419.99634pt, space=503.99754pt, baseline=13.99988pt
 [999] [1000]
Underfill[A]: [1001] ht=433.99622pt, space=503.99754pt, baseline=13.99988pt
Underfill[B]: [1001] ht=433.99622pt, space=503.99754pt, baseline=13.99988pt
 [1001] [1002]
Underfill[A]: [1003] ht=405.99646pt, space=503.99754pt, baseline=13.99988pt
Underfill[B]: [1003] ht=405.99646pt, space=503.99754pt, baseline=13.99988pt
 [1003]
Underfill[A]: [1004] ht=321.9972pt, space=503.99754pt, baseline=13.99988pt
Underfill[B]: [1004] ht=321.9972pt, space=503.99754pt, baseline=13.99988pt
 [1004] [1005]
Underfill[A]: [1006] ht=461.99597pt, space=503.99754pt, baseline=13.99988pt
Underfill[B]: [1006] ht=461.99597pt, space=503.99754pt, baseline=13.99988pt
 [1006]
Underfill[A]: [1007] ht=475.99585pt, space=503.99754pt, baseline=13.99988pt
Underfill[B]: [1007] ht=475.99585pt, space=503.99754pt, baseline=13.99988pt
 [1007]
Underfill[A]: [1008] ht=433.99622pt, space=503.99754pt, baseline=13.99988pt
Underfill[B]: [1008] ht=433.99622pt, space=503.99754pt, baseline=13.99988pt
 [1008] [1009]
Underfill[A]: [1010] ht=489.99573pt, space=503.99754pt, baseline=13.99988pt
Underfill[B]: [1010] ht=489.99573pt, space=503.99754pt, baseline=13.99988pt
 [1010]
Underfill[A]: [1011] ht=489.99573pt, space=503.99754pt, baseline=13.99988pt
Underfill[B]: [1011] ht=489.99573pt, space=503.99754pt, baseline=13.99988pt
 [1011]
Underfill[A]: [1012] ht=461.99597pt, space=503.99754pt, baseline=13.99988pt
Underfill[B]: [1012] ht=461.99597pt, space=503.99754pt, baseline=13.99988pt
 [1012]
Underfill[A]: [1013] ht=447.9961pt, space=503.99754pt, baseline=13.99988pt
Underfill[B]: [1013] ht=447.9961pt, space=503.99754pt, baseline=13.99988pt
 [1013] [1014]
Underfill[A]: [1015] ht=391.99658pt, space=503.99754pt, baseline=13.99988pt
Underfill[B]: [1015] ht=391.99658pt, space=503.99754pt, baseline=13.99988pt
 [1015]
Underfill[A]: [1016] ht=475.99585pt, space=503.99754pt, baseline=13.99988pt
Underfill[B]: [1016] ht=475.99585pt, space=503.99754pt, baseline=13.99988pt
 [1016]
Underfill[A]: [1017] ht=293.99744pt, space=503.99754pt, baseline=13.99988pt
Underfill[B]: [1017] ht=293.99744pt, space=503.99754pt, baseline=13.99988pt
 [1017]
Underfill[A]: [1018] ht=349.99695pt, space=503.99754pt, baseline=13.99988pt
Underfill[B]: [1018] ht=349.99695pt, space=503.99754pt, baseline=13.99988pt
 [1018]
Underfill[A]: [1019] ht=433.99622pt, space=503.99754pt, baseline=13.99988pt
Underfill[B]: [1019] ht=433.99622pt, space=503.99754pt, baseline=13.99988pt
 [1019]
Underfill[A]: [1020] ht=363.99683pt, space=503.99754pt, baseline=13.99988pt
Underfill[B]: [1020] ht=363.99683pt, space=503.99754pt, baseline=13.99988pt
 [1020]
Underfill[A]: [1021] ht=475.99585pt, space=503.99754pt, baseline=13.99988pt
Underfill[B]: [1021] ht=475.99585pt, space=503.99754pt, baseline=13.99988pt
 [1021]
Underfill[A]: [1022] ht=475.99585pt, space=503.99754pt, baseline=13.99988pt
Underfill[B]: [1022] ht=475.99585pt, space=503.99754pt, baseline=13.99988pt
 [1022]
Underfill[A]: [1023] ht=349.99695pt, space=503.99754pt, baseline=13.99988pt
Underfill[B]: [1023] ht=349.99695pt, space=503.99754pt, baseline=13.99988pt
 [1023]
Underfill[A]: [1024] ht=433.99622pt, space=503.99754pt, baseline=13.99988pt
Underfill[B]: [1024] ht=433.99622pt, space=503.99754pt, baseline=13.99988pt
 [1024]
Underfill[A]: [1025] ht=461.99597pt, space=503.99754pt, baseline=13.99988pt
Underfill[B]: [1025] ht=461.99597pt, space=503.99754pt, baseline=13.99988pt
 [1025]
Underfill[A]: [1026] ht=363.99683pt, space=503.99754pt, baseline=13.99988pt
Underfill[B]: [1026] ht=363.99683pt, space=503.99754pt, baseline=13.99988pt
 [1026]
Underfill[A]: [1027] ht=405.99646pt, space=503.99754pt, baseline=13.99988pt
Underfill[B]: [1027] ht=405.99646pt, space=503.99754pt, baseline=13.99988pt
 [1027]
Underfill[A]: [1028] ht=461.99597pt, space=503.99754pt, baseline=13.99988pt
Underfill[B]: [1028] ht=461.99597pt, space=503.99754pt, baseline=13.99988pt
 [1028]
Underfill[A]: [1029] ht=475.99585pt, space=503.99754pt, baseline=13.99988pt
Underfill[B]: [1029] ht=475.99585pt, space=503.99754pt, baseline=13.99988pt
 [1029]
Underfill[A]: [1030] ht=489.99573pt, space=503.99754pt, baseline=13.99988pt
Underfill[B]: [1030] ht=489.99573pt, space=503.99754pt, baseline=13.99988pt
 [1030]
Underfill[A]: [1031] ht=461.99597pt, space=503.99754pt, baseline=13.99988pt
Underfill[B]: [1031] ht=461.99597pt, space=503.99754pt, baseline=13.99988pt
 [1031] [1032]
Underfill[A]: [1033] ht=489.99573pt, space=503.99754pt, baseline=13.99988pt
Underfill[B]: [1033] ht=489.99573pt, space=503.99754pt, baseline=13.99988pt
 [1033]
Underfill[A]: [1034] ht=391.99658pt, space=503.99754pt, baseline=13.99988pt
Underfill[B]: [1034] ht=391.99658pt, space=503.99754pt, baseline=13.99988pt
 [1034]
Underfill[A]: [1035] ht=433.99622pt, space=503.99754pt, baseline=13.99988pt
Underfill[B]: [1035] ht=433.99622pt, space=503.99754pt, baseline=13.99988pt
 [1035]
Underfill[A]: [1036] ht=377.9967pt, space=503.99754pt, baseline=13.99988pt
Underfill[B]: [1036] ht=377.9967pt, space=503.99754pt, baseline=13.99988pt
 [1036] [1037]
Underfill[A]: [1038] ht=419.99634pt, space=503.99754pt, baseline=13.99988pt
Underfill[B]: [1038] ht=419.99634pt, space=503.99754pt, baseline=13.99988pt
 [1038] [1039]
Underfill[A]: [1040] ht=461.99597pt, space=503.99754pt, baseline=13.99988pt
Underfill[B]: [1040] ht=461.99597pt, space=503.99754pt, baseline=13.99988pt
 [1040]
Underfill[A]: [1041] ht=475.99585pt, space=503.99754pt, baseline=13.99988pt
Underfill[B]: [1041] ht=475.99585pt, space=503.99754pt, baseline=13.99988pt
 [1041]
Underfill[A]: [1042] ht=349.99695pt, space=503.99754pt, baseline=13.99988pt
Underfill[B]: [1042] ht=349.99695pt, space=503.99754pt, baseline=13.99988pt
 [1042] [1043]
Underfill[A]: [1044] ht=433.99622pt, space=503.99754pt, baseline=13.99988pt
Underfill[B]: [1044] ht=433.99622pt, space=503.99754pt, baseline=13.99988pt
 [1044]
Underfill[A]: [1045] ht=335.99707pt, space=503.99754pt, baseline=13.99988pt
Underfill[B]: [1045] ht=335.99707pt, space=503.99754pt, baseline=13.99988pt
 [1045]
Underfill[A]: [1046] ht=461.99597pt, space=503.99754pt, baseline=13.99988pt
Underfill[B]: [1046] ht=461.99597pt, space=503.99754pt, baseline=13.99988pt
 [1046] [1047] [1048]
Underfill[A]: [1049] ht=265.99768pt, space=503.99754pt, baseline=13.99988pt
Underfill[B]: [1049] ht=265.99768pt, space=503.99754pt, baseline=13.99988pt
 [1049]
Underfill[A]: [1050] ht=475.99585pt, space=503.99754pt, baseline=13.99988pt
Underfill[B]: [1050] ht=475.99585pt, space=503.99754pt, baseline=13.99988pt
 [1050]
Underfill[A]: [1051] ht=307.99731pt, space=503.99754pt, baseline=13.99988pt
Underfill[B]: [1051] ht=307.99731pt, space=503.99754pt, baseline=13.99988pt
 [1051]
Underfill[A]: [1052] ht=195.99829pt, space=503.99754pt, baseline=13.99988pt
Underfill[B]: [1052] ht=195.99829pt, space=503.99754pt, baseline=13.99988pt
 [1052]
Underfill[A]: [1053] ht=433.99622pt, space=503.99754pt, baseline=13.99988pt
Underfill[B]: [1053] ht=433.99622pt, space=503.99754pt, baseline=13.99988pt
 [1053]
Underfill[A]: [1054] ht=279.99756pt, space=503.99754pt, baseline=13.99988pt
Underfill[B]: [1054] ht=279.99756pt, space=503.99754pt, baseline=13.99988pt
 [1054]
Underfill[A]: [1055] ht=433.99622pt, space=503.99754pt, baseline=13.99988pt
Underfill[B]: [1055] ht=433.99622pt, space=503.99754pt, baseline=13.99988pt
 [1055]
Underfill[A]: [1056] ht=489.99573pt, space=503.99754pt, baseline=13.99988pt
Underfill[B]: [1056] ht=489.99573pt, space=503.99754pt, baseline=13.99988pt
 [1056]
Underfill[A]: [1057] ht=349.99695pt, space=503.99754pt, baseline=13.99988pt
Underfill[B]: [1057] ht=349.99695pt, space=503.99754pt, baseline=13.99988pt
 [1057] [1058] [1059]
Underfill[A]: [1060] ht=405.99646pt, space=503.99754pt, baseline=13.99988pt
Underfill[B]: [1060] ht=405.99646pt, space=503.99754pt, baseline=13.99988pt
 [1060]
Underfill[A]: [1061] ht=489.99573pt, space=503.99754pt, baseline=13.99988pt
Underfill[B]: [1061] ht=489.99573pt, space=503.99754pt, baseline=13.99988pt
 [1061]
Underfill[A]: [1062] ht=489.99573pt, space=503.99754pt, baseline=13.99988pt
Underfill[B]: [1062] ht=489.99573pt, space=503.99754pt, baseline=13.99988pt
 [1062]) [1063] ptxfile 20PROakjv-two-Default.USFM monoglot,
(no adjustment list "../../../shared/ptxprint/Default/AdjLists/20PROakjv-two-Default.USFM.adj" found)
(no picture list "20PROakjv-two-Default.USFM.piclist" found)
 (./20PROakjv-two-Default.USFM First chapter for PRO
Underfill[A]: [1064] ht=27.99976pt, space=461.99791pt, baseline=13.99988pt
Underfill[B]: [1064] ht=0.0pt, space=461.99791pt, baseline=13.99988pt
 [1064] [1065]
Underfill[A]: [1066] ht=475.99585pt, space=503.99754pt, baseline=13.99988pt
Underfill[B]: [1066] ht=475.99585pt, space=503.99754pt, baseline=13.99988pt
 [1066]
Underfill[A]: [1067] ht=447.9961pt, space=503.99754pt, baseline=13.99988pt
Underfill[B]: [1067] ht=447.9961pt, space=503.99754pt, baseline=13.99988pt
 [1067]
Underfill[A]: [1068] ht=461.99597pt, space=503.99754pt, baseline=13.99988pt
Underfill[B]: [1068] ht=461.99597pt, space=503.99754pt, baseline=13.99988pt
 [1068]
Underfill[A]: [1069] ht=461.99597pt, space=503.99754pt, baseline=13.99988pt
Underfill[B]: [1069] ht=461.99597pt, space=503.99754pt, baseline=13.99988pt
 [1069]
Underfill[A]: [1070] ht=433.99622pt, space=503.99754pt, baseline=13.99988pt
Underfill[B]: [1070] ht=433.99622pt, space=503.99754pt, baseline=13.99988pt
 [1070]
Underfill[A]: [1071] ht=461.99597pt, space=503.99754pt, baseline=13.99988pt
Underfill[B]: [1071] ht=461.99597pt, space=503.99754pt, baseline=13.99988pt
 [1071]
Underfill[A]: [1072] ht=447.9961pt, space=503.99754pt, baseline=13.99988pt
Underfill[B]: [1072] ht=447.9961pt, space=503.99754pt, baseline=13.99988pt
 [1072]
Underfill[A]: [1073] ht=489.99573pt, space=503.99754pt, baseline=13.99988pt
Underfill[B]: [1073] ht=489.99573pt, space=503.99754pt, baseline=13.99988pt
 [1073] [1074]
Underfill[A]: [1075] ht=461.99597pt, space=503.99754pt, baseline=13.99988pt
Underfill[B]: [1075] ht=461.99597pt, space=503.99754pt, baseline=13.99988pt
 [1075] [1076]
Underfill[A]: [1077] ht=489.99573pt, space=503.99754pt, baseline=13.99988pt
Underfill[B]: [1077] ht=489.99573pt, space=503.99754pt, baseline=13.99988pt
 [1077]
Underfill[A]: [1078] ht=461.99597pt, space=503.99754pt, baseline=13.99988pt
Underfill[B]: [1078] ht=461.99597pt, space=503.99754pt, baseline=13.99988pt
 [1078]
Underfill[A]: [1079] ht=489.99573pt, space=503.99754pt, baseline=13.99988pt
Underfill[B]: [1079] ht=489.99573pt, space=503.99754pt, baseline=13.99988pt
 [1079]
Underfill[A]: [1080] ht=405.99646pt, space=503.99754pt, baseline=13.99988pt
Underfill[B]: [1080] ht=405.99646pt, space=503.99754pt, baseline=13.99988pt
 [1080]
Underfill[A]: [1081] ht=489.99573pt, space=503.99754pt, baseline=13.99988pt
Underfill[B]: [1081] ht=489.99573pt, space=503.99754pt, baseline=13.99988pt
 [1081]
Underfill[A]: [1082] ht=419.99634pt, space=503.99754pt, baseline=13.99988pt
Underfill[B]: [1082] ht=419.99634pt, space=503.99754pt, baseline=13.99988pt
 [1082]
Underfill[A]: [1083] ht=27.99976pt, space=503.99754pt, baseline=13.99988pt
Underfill[B]: [1083] ht=0.0pt, space=503.99754pt, baseline=13.99988pt
 [1083]
Underfill[A]: [1084] ht=461.99597pt, space=503.99754pt, baseline=13.99988pt
Underfill[B]: [1084] ht=461.99597pt, space=503.99754pt, baseline=13.99988pt
 [1084]
Underfill[A]: [1085] ht=489.99573pt, space=503.99754pt, baseline=13.99988pt
Underfill[B]: [1085] ht=489.99573pt, space=503.99754pt, baseline=13.99988pt
 [1085]
Underfill[A]: [1086] ht=447.9961pt, space=503.99754pt, baseline=13.99988pt
Underfill[B]: [1086] ht=447.9961pt, space=503.99754pt, baseline=13.99988pt
 [1086]
Underfill[A]: [1087] ht=447.9961pt, space=503.99754pt, baseline=13.99988pt
Underfill[B]: [1087] ht=447.9961pt, space=503.99754pt, baseline=13.99988pt
 [1087]
Underfill[A]: [1088] ht=489.99573pt, space=503.99754pt, baseline=13.99988pt
Underfill[B]: [1088] ht=489.99573pt, space=503.99754pt, baseline=13.99988pt
 [1088]
Underfill[A]: [1089] ht=489.99573pt, space=503.99754pt, baseline=13.99988pt
Underfill[B]: [1089] ht=489.99573pt, space=503.99754pt, baseline=13.99988pt
 [1089]
Underfill[A]: [1090] ht=475.99585pt, space=503.99754pt, baseline=13.99988pt
Underfill[B]: [1090] ht=475.99585pt, space=503.99754pt, baseline=13.99988pt
 [1090]
Underfill[A]: [1091] ht=293.99744pt, space=503.99754pt, baseline=13.99988pt
Underfill[B]: [1091] ht=293.99744pt, space=503.99754pt, baseline=13.99988pt
 [1091]
Underfill[A]: [1092] ht=489.99573pt, space=503.99754pt, baseline=13.99988pt
Underfill[B]: [1092] ht=489.99573pt, space=503.99754pt, baseline=13.99988pt
 [1092]
Underfill[A]: [1093] ht=489.99573pt, space=503.99754pt, baseline=13.99988pt
Underfill[B]: [1093] ht=489.99573pt, space=503.99754pt, baseline=13.99988pt
 [1093] [1094]
Underfill[A]: [1095] ht=447.9961pt, space=503.99754pt, baseline=13.99988pt
Underfill[B]: [1095] ht=447.9961pt, space=503.99754pt, baseline=13.99988pt
 [1095]
Underfill[A]: [1096] ht=489.99573pt, space=503.99754pt, baseline=13.99988pt
Underfill[B]: [1096] ht=489.99573pt, space=503.99754pt, baseline=13.99988pt
 [1096]
Underfill[A]: [1097] ht=447.9961pt, space=503.99754pt, baseline=13.99988pt
Underfill[B]: [1097] ht=447.9961pt, space=503.99754pt, baseline=13.99988pt
 [1097] [1098]
Underfill[A]: [1099] ht=475.99585pt, space=503.99754pt, baseline=13.99988pt
Underfill[B]: [1099] ht=475.99585pt, space=503.99754pt, baseline=13.99988pt
 [1099]
Underfill[A]: [1100] ht=447.9961pt, space=503.99754pt, baseline=13.99988pt
Underfill[B]: [1100] ht=447.9961pt, space=503.99754pt, baseline=13.99988pt
 [1100]
Underfill[A]: [1101] ht=307.99731pt, space=503.99754pt, baseline=13.99988pt
Underfill[B]: [1101] ht=307.99731pt, space=503.99754pt, baseline=13.99988pt
 [1101]
Underfill[A]: [1102] ht=265.99768pt, space=503.99754pt, baseline=13.99988pt
Underfill[B]: [1102] ht=265.99768pt, space=503.99754pt, baseline=13.99988pt
 [1102] [1103]
Underfill[A]: [1104] ht=489.99573pt, space=503.99754pt, baseline=13.99988pt
Underfill[B]: [1104] ht=489.99573pt, space=503.99754pt, baseline=13.99988pt
 [1104] [1105])
Underfill[B]: [1106] ht=279.99756pt, space=293.99744pt, baseline=13.99988pt
 [1106] ptxfile 21ECCakjv-two-Default.USFM monoglot,
(no adjustment list "../../../shared/ptxprint/Default/AdjLists/21ECCakjv-two-Default.USFM.adj" found)
(no picture list "21ECCakjv-two-Default.USFM.piclist" found)
 (./21ECCakjv-two-Default.USFM First chapter for ECC
Underfill[A]: [1107] ht=405.99646pt, space=461.99791pt, baseline=13.99988pt
Underfill[B]: [1107] ht=405.99646pt, space=461.99791pt, baseline=13.99988pt
 [1107] [1108]
Underfill[A]: [1109] ht=377.9967pt, space=503.99754pt, baseline=13.99988pt
Underfill[B]: [1109] ht=377.9967pt, space=503.99754pt, baseline=13.99988pt
 [1109] [1110]
Underfill[A]: [1111] ht=489.99573pt, space=503.99754pt, baseline=13.99988pt
Underfill[B]: [1111] ht=489.99573pt, space=503.99754pt, baseline=13.99988pt
 [1111]
Underfill[A]: [1112] ht=447.9961pt, space=503.99754pt, baseline=13.99988pt
Underfill[B]: [1112] ht=447.9961pt, space=503.99754pt, baseline=13.99988pt
 [1112] [1113]
Underfill[A]: [1114] ht=447.9961pt, space=503.99754pt, baseline=13.99988pt
Underfill[B]: [1114] ht=447.9961pt, space=503.99754pt, baseline=13.99988pt
 [1114] [1115] [1116]
Underfill[A]: [1117] ht=475.99585pt, space=503.99754pt, baseline=13.99988pt
Underfill[B]: [1117] ht=475.99585pt, space=503.99754pt, baseline=13.99988pt
 [1117] [1118] [1119])
Underfill[B]: [1120] ht=111.99902pt, space=139.99878pt, baseline=13.99988pt
 [1120] ptxfile 22SNGakjv-two-Default.USFM monoglot,
(no adjustment list "../../../shared/ptxprint/Default/AdjLists/22SNGakjv-two-Default.USFM.adj" found)
(no picture list "22SNGakjv-two-Default.USFM.piclist" found)
 (./22SNGakjv-two-Default.USFM First chapter for SNG
Underfill[A]: [1121] ht=447.9961pt, space=461.99791pt, baseline=13.99988pt
Underfill[B]: [1121] ht=447.9961pt, space=461.99791pt, baseline=13.99988pt
 [1121]
Underfill[A]: [1122] ht=461.99597pt, space=503.99754pt, baseline=13.99988pt
Underfill[B]: [1122] ht=461.99597pt, space=503.99754pt, baseline=13.99988pt
 [1122]
Underfill[A]: [1123] ht=335.99707pt, space=503.99754pt, baseline=13.99988pt
Underfill[B]: [1123] ht=335.99707pt, space=503.99754pt, baseline=13.99988pt
 [1123] [1124]
Underfill[A]: [1125] ht=489.99573pt, space=503.99754pt, baseline=13.99988pt
Underfill[B]: [1125] ht=489.99573pt, space=503.99754pt, baseline=13.99988pt
 [1125]
Underfill[A]: [1126] ht=475.99585pt, space=503.99754pt, baseline=13.99988pt
Underfill[B]: [1126] ht=475.99585pt, space=503.99754pt, baseline=13.99988pt
 [1126]) [1127] ptxfile 23ISAakjv-two-Default.USFM monoglot,
(no adjustment list "../../../shared/ptxprint/Default/AdjLists/23ISAakjv-two-Default.USFM.adj" found)
(no picture list "23ISAakjv-two-Default.USFM.piclist" found)
 (./23ISAakjv-two-Default.USFM First chapter for ISA [1128]
Underfill[A]: [1129] ht=489.99573pt, space=503.99754pt, baseline=13.99988pt
Underfill[B]: [1129] ht=489.99573pt, space=503.99754pt, baseline=13.99988pt
 [1129] [1130]
Underfill[A]: [1131] ht=489.99573pt, space=503.99754pt, baseline=13.99988pt
Underfill[B]: [1131] ht=489.99573pt, space=503.99754pt, baseline=13.99988pt
 [1131] [1132]
Underfill[A]: [1133] ht=475.99585pt, space=503.99754pt, baseline=13.99988pt
Underfill[B]: [1133] ht=475.99585pt, space=503.99754pt, baseline=13.99988pt
 [1133]
Underfill[A]: [1134] ht=489.99573pt, space=503.99754pt, baseline=13.99988pt
Underfill[B]: [1134] ht=489.99573pt, space=503.99754pt, baseline=13.99988pt
 [1134]
Underfill[A]: [1135] ht=461.99597pt, space=503.99754pt, baseline=13.99988pt
Underfill[B]: [1135] ht=461.99597pt, space=503.99754pt, baseline=13.99988pt
 [1135]
Underfill[A]: [1136] ht=419.99634pt, space=503.99754pt, baseline=13.99988pt
Underfill[B]: [1136] ht=419.99634pt, space=503.99754pt, baseline=13.99988pt
 [1136]
Underfill[A]: [1137] ht=489.99573pt, space=503.99754pt, baseline=13.99988pt
Underfill[B]: [1137] ht=489.99573pt, space=503.99754pt, baseline=13.99988pt
 [1137]
Underfill[A]: [1138] ht=447.9961pt, space=503.99754pt, baseline=13.99988pt
Underfill[B]: [1138] ht=447.9961pt, space=503.99754pt, baseline=13.99988pt
 [1138]
Underfill[A]: [1139] ht=489.99573pt, space=503.99754pt, baseline=13.99988pt
Underfill[B]: [1139] ht=489.99573pt, space=503.99754pt, baseline=13.99988pt
 [1139]
Underfill[A]: [1140] ht=461.99597pt, space=503.99754pt, baseline=13.99988pt
Underfill[B]: [1140] ht=461.99597pt, space=503.99754pt, baseline=13.99988pt
 [1140] [1141] [1142] [1143]
Underfill[A]: [1144] ht=447.9961pt, space=503.99754pt, baseline=13.99988pt
Underfill[B]: [1144] ht=447.9961pt, space=503.99754pt, baseline=13.99988pt
 [1144] [1145]
Underfill[A]: [1146] ht=489.99573pt, space=503.99754pt, baseline=13.99988pt
Underfill[B]: [1146] ht=489.99573pt, space=503.99754pt, baseline=13.99988pt
 [1146]
Underfill[A]: [1147] ht=489.99573pt, space=503.99754pt, baseline=13.99988pt
Underfill[B]: [1147] ht=489.99573pt, space=503.99754pt, baseline=13.99988pt
 [1147]
Underfill[A]: [1148] ht=461.99597pt, space=503.99754pt, baseline=13.99988pt
Underfill[B]: [1148] ht=461.99597pt, space=503.99754pt, baseline=13.99988pt
 [1148]
Underfill[A]: [1149] ht=489.99573pt, space=503.99754pt, baseline=13.99988pt
Underfill[B]: [1149] ht=489.99573pt, space=503.99754pt, baseline=13.99988pt
 [1149]
Underfill[A]: [1150] ht=489.99573pt, space=503.99754pt, baseline=13.99988pt
Underfill[B]: [1150] ht=489.99573pt, space=503.99754pt, baseline=13.99988pt
 [1150]
Underfill[A]: [1151] ht=489.99573pt, space=503.99754pt, baseline=13.99988pt
Underfill[B]: [1151] ht=489.99573pt, space=503.99754pt, baseline=13.99988pt
 [1151]
Underfill[A]: [1152] ht=447.9961pt, space=503.99754pt, baseline=13.99988pt
Underfill[B]: [1152] ht=447.9961pt, space=503.99754pt, baseline=13.99988pt
 [1152]
Underfill[A]: [1153] ht=489.99573pt, space=503.99754pt, baseline=13.99988pt
Underfill[B]: [1153] ht=489.99573pt, space=503.99754pt, baseline=13.99988pt
 [1153] [1154]
Underfill[A]: [1155] ht=419.99634pt, space=503.99754pt, baseline=13.99988pt
Underfill[B]: [1155] ht=419.99634pt, space=503.99754pt, baseline=13.99988pt
 [1155]
Underfill[A]: [1156] ht=489.99573pt, space=503.99754pt, baseline=13.99988pt
Underfill[B]: [1156] ht=489.99573pt, space=503.99754pt, baseline=13.99988pt
 [1156]
Underfill[A]: [1157] ht=461.99597pt, space=503.99754pt, baseline=13.99988pt
Underfill[B]: [1157] ht=461.99597pt, space=503.99754pt, baseline=13.99988pt
 [1157] [1158]
Underfill[A]: [1159] ht=461.99597pt, space=503.99754pt, baseline=13.99988pt
Underfill[B]: [1159] ht=461.99597pt, space=503.99754pt, baseline=13.99988pt
 [1159]
Underfill[A]: [1160] ht=489.99573pt, space=503.99754pt, baseline=13.99988pt
Underfill[B]: [1160] ht=489.99573pt, space=503.99754pt, baseline=13.99988pt
 [1160]
Underfill[A]: [1161] ht=489.99573pt, space=503.99754pt, baseline=13.99988pt
Underfill[B]: [1161] ht=489.99573pt, space=503.99754pt, baseline=13.99988pt
 [1161]
Underfill[A]: [1162] ht=419.99634pt, space=503.99754pt, baseline=13.99988pt
Underfill[B]: [1162] ht=419.99634pt, space=503.99754pt, baseline=13.99988pt
 [1162]
Underfill[A]: [1163] ht=419.99634pt, space=503.99754pt, baseline=13.99988pt
Underfill[B]: [1163] ht=419.99634pt, space=503.99754pt, baseline=13.99988pt
 [1163]
Underfill[A]: [1164] ht=489.99573pt, space=503.99754pt, baseline=13.99988pt
Underfill[B]: [1164] ht=489.99573pt, space=503.99754pt, baseline=13.99988pt
 [1164]
Underfill[A]: [1165] ht=489.99573pt, space=503.99754pt, baseline=13.99988pt
Underfill[B]: [1165] ht=489.99573pt, space=503.99754pt, baseline=13.99988pt
 [1165]
Underfill[A]: [1166] ht=461.99597pt, space=503.99754pt, baseline=13.99988pt
Underfill[B]: [1166] ht=461.99597pt, space=503.99754pt, baseline=13.99988pt
 [1166]
Underfill[A]: [1167] ht=475.99585pt, space=503.99754pt, baseline=13.99988pt
Underfill[B]: [1167] ht=475.99585pt, space=503.99754pt, baseline=13.99988pt
 [1167]
Underfill[A]: [1168] ht=475.99585pt, space=503.99754pt, baseline=13.99988pt
Underfill[B]: [1168] ht=475.99585pt, space=503.99754pt, baseline=13.99988pt
 [1168]
Underfill[A]: [1169] ht=489.99573pt, space=503.99754pt, baseline=13.99988pt
Underfill[B]: [1169] ht=489.99573pt, space=503.99754pt, baseline=13.99988pt
 [1169]
Underfill[A]: [1170] ht=447.9961pt, space=503.99754pt, baseline=13.99988pt
Underfill[B]: [1170] ht=447.9961pt, space=503.99754pt, baseline=13.99988pt
 [1170]
Underfill[A]: [1171] ht=489.99573pt, space=503.99754pt, baseline=13.99988pt
Underfill[B]: [1171] ht=489.99573pt, space=503.99754pt, baseline=13.99988pt
 [1171]
Underfill[A]: [1172] ht=475.99585pt, space=503.99754pt, baseline=13.99988pt
Underfill[B]: [1172] ht=475.99585pt, space=503.99754pt, baseline=13.99988pt
 [1172] [1173] [1174]
Underfill[A]: [1175] ht=447.9961pt, space=503.99754pt, baseline=13.99988pt
Underfill[B]: [1175] ht=447.9961pt, space=503.99754pt, baseline=13.99988pt
 [1175]
Underfill[A]: [1176] ht=489.99573pt, space=503.99754pt, baseline=13.99988pt
Underfill[B]: [1176] ht=489.99573pt, space=503.99754pt, baseline=13.99988pt
 [1176]
Underfill[A]: [1177] ht=419.99634pt, space=503.99754pt, baseline=13.99988pt
Underfill[B]: [1177] ht=419.99634pt, space=503.99754pt, baseline=13.99988pt
 [1177]
Underfill[A]: [1178] ht=433.99622pt, space=503.99754pt, baseline=13.99988pt
Underfill[B]: [1178] ht=433.99622pt, space=503.99754pt, baseline=13.99988pt
 [1178] [1179]
Underfill[A]: [1180] ht=433.99622pt, space=503.99754pt, baseline=13.99988pt
Underfill[B]: [1180] ht=433.99622pt, space=503.99754pt, baseline=13.99988pt
 [1180] [1181]
Underfill[A]: [1182] ht=489.99573pt, space=503.99754pt, baseline=13.99988pt
Underfill[B]: [1182] ht=489.99573pt, space=503.99754pt, baseline=13.99988pt
 [1182] [1183] [1184]
Underfill[A]: [1185] ht=475.99585pt, space=503.99754pt, baseline=13.99988pt
Underfill[B]: [1185] ht=475.99585pt, space=503.99754pt, baseline=13.99988pt
 [1185]
Underfill[A]: [1186] ht=489.99573pt, space=503.99754pt, baseline=13.99988pt
Underfill[B]: [1186] ht=489.99573pt, space=503.99754pt, baseline=13.99988pt
 [1186] [1187]
Underfill[A]: [1188] ht=475.99585pt, space=503.99754pt, baseline=13.99988pt
Underfill[B]: [1188] ht=475.99585pt, space=503.99754pt, baseline=13.99988pt
 [1188]
Underfill[A]: [1189] ht=489.99573pt, space=503.99754pt, baseline=13.99988pt
Underfill[B]: [1189] ht=489.99573pt, space=503.99754pt, baseline=13.99988pt
 [1189] [1190] [1191] [1192]
Underfill[A]: [1193] ht=489.99573pt, space=503.99754pt, baseline=13.99988pt
Underfill[B]: [1193] ht=489.99573pt, space=503.99754pt, baseline=13.99988pt
 [1193] [1194] [1195]
Underfill[A]: [1196] ht=475.99585pt, space=503.99754pt, baseline=13.99988pt
Underfill[B]: [1196] ht=475.99585pt, space=503.99754pt, baseline=13.99988pt
 [1196] [1197]
Underfill[A]: [1198] ht=461.99597pt, space=503.99754pt, baseline=13.99988pt
Underfill[B]: [1198] ht=461.99597pt, space=503.99754pt, baseline=13.99988pt
 [1198] [1199] [1200] [1201] [1202] [1203] [1204] [1205] [1206] [1207] [1208]
Underfill[A]: [1209] ht=433.99622pt, space=503.99754pt, baseline=13.99988pt
Underfill[B]: [1209] ht=433.99622pt, space=503.99754pt, baseline=13.99988pt
 [1209]
Underfill[A]: [1210] ht=391.99658pt, space=503.99754pt, baseline=13.99988pt
Underfill[B]: [1210] ht=391.99658pt, space=503.99754pt, baseline=13.99988pt
 [1210] [1211]
Underfill[A]: [1212] ht=489.99573pt, space=503.99754pt, baseline=13.99988pt
Underfill[B]: [1212] ht=489.99573pt, space=503.99754pt, baseline=13.99988pt
 [1212]
Underfill[A]: [1213] ht=489.99573pt, space=503.99754pt, baseline=13.99988pt
Underfill[B]: [1213] ht=489.99573pt, space=503.99754pt, baseline=13.99988pt
 [1213] [1214]
Underfill[A]: [1215] ht=475.99585pt, space=503.99754pt, baseline=13.99988pt
Underfill[B]: [1215] ht=475.99585pt, space=503.99754pt, baseline=13.99988pt
 [1215])
Underfill[B]: [1216] ht=391.99658pt, space=419.99634pt, baseline=13.99988pt
 [1216] ptxfile 24JERakjv-two-Default.USFM monoglot,
(no adjustment list "../../../shared/ptxprint/Default/AdjLists/24JERakjv-two-Default.USFM.adj" found)
(no picture list "24JERakjv-two-Default.USFM.piclist" found)
 (./24JERakjv-two-Default.USFM First chapter for JER
Underfill[A]: [1217] ht=405.99646pt, space=433.99815pt, baseline=13.99988pt
Underfill[B]: [1217] ht=405.99646pt, space=433.99815pt, baseline=13.99988pt
 [1217] [1218]
Underfill[A]: [1219] ht=475.99585pt, space=503.99754pt, baseline=13.99988pt
Underfill[B]: [1219] ht=475.99585pt, space=503.99754pt, baseline=13.99988pt
 [1219]
Underfill[A]: [1220] ht=489.99573pt, space=503.99754pt, baseline=13.99988pt
Underfill[B]: [1220] ht=489.99573pt, space=503.99754pt, baseline=13.99988pt
 [1220]
Underfill[A]: [1221] ht=489.99573pt, space=503.99754pt, baseline=13.99988pt
Underfill[B]: [1221] ht=489.99573pt, space=503.99754pt, baseline=13.99988pt
 [1221]
Underfill[A]: [1222] ht=447.9961pt, space=503.99754pt, baseline=13.99988pt
Underfill[B]: [1222] ht=447.9961pt, space=503.99754pt, baseline=13.99988pt
 [1222] [1223] [1224]
Underfill[A]: [1225] ht=489.99573pt, space=503.99754pt, baseline=13.99988pt
Underfill[B]: [1225] ht=489.99573pt, space=503.99754pt, baseline=13.99988pt
 [1225]
Underfill[A]: [1226] ht=489.99573pt, space=503.99754pt, baseline=13.99988pt
Underfill[B]: [1226] ht=489.99573pt, space=503.99754pt, baseline=13.99988pt
 [1226] [1227]
Underfill[A]: [1228] ht=489.99573pt, space=503.99754pt, baseline=13.99988pt
Underfill[B]: [1228] ht=489.99573pt, space=503.99754pt, baseline=13.99988pt
 [1228]
Underfill[A]: [1229] ht=489.99573pt, space=503.99754pt, baseline=13.99988pt
Underfill[B]: [1229] ht=489.99573pt, space=503.99754pt, baseline=13.99988pt
 [1229] [1230]
Underfill[A]: [1231] ht=461.99597pt, space=503.99754pt, baseline=13.99988pt
Underfill[B]: [1231] ht=461.99597pt, space=503.99754pt, baseline=13.99988pt
 [1231]
Underfill[A]: [1232] ht=489.99573pt, space=503.99754pt, baseline=13.99988pt
Underfill[B]: [1232] ht=489.99573pt, space=503.99754pt, baseline=13.99988pt
 [1232]
Underfill[A]: [1233] ht=489.99573pt, space=503.99754pt, baseline=13.99988pt
Underfill[B]: [1233] ht=489.99573pt, space=503.99754pt, baseline=13.99988pt
 [1233]
Underfill[A]: [1234] ht=489.99573pt, space=503.99754pt, baseline=13.99988pt
Underfill[B]: [1234] ht=489.99573pt, space=503.99754pt, baseline=13.99988pt
 [1234]
Underfill[A]: [1235] ht=489.99573pt, space=503.99754pt, baseline=13.99988pt
Underfill[B]: [1235] ht=489.99573pt, space=503.99754pt, baseline=13.99988pt
 [1235] [1236] [1237] [1238]
Underfill[A]: [1239] ht=461.99597pt, space=503.99754pt, baseline=13.99988pt
Underfill[B]: [1239] ht=461.99597pt, space=503.99754pt, baseline=13.99988pt
 [1239]
Underfill[A]: [1240] ht=489.99573pt, space=503.99754pt, baseline=13.99988pt
Underfill[B]: [1240] ht=489.99573pt, space=503.99754pt, baseline=13.99988pt
 [1240]
Underfill[A]: [1241] ht=489.99573pt, space=503.99754pt, baseline=13.99988pt
Underfill[B]: [1241] ht=489.99573pt, space=503.99754pt, baseline=13.99988pt
 [1241] [1242] [1243] [1244]
Underfill[A]: [1245] ht=489.99573pt, space=503.99754pt, baseline=13.99988pt
Underfill[B]: [1245] ht=489.99573pt, space=503.99754pt, baseline=13.99988pt
 [1245]
Underfill[A]: [1246] ht=475.99585pt, space=503.99754pt, baseline=13.99988pt
Underfill[B]: [1246] ht=475.99585pt, space=503.99754pt, baseline=13.99988pt
 [1246]
Underfill[A]: [1247] ht=461.99597pt, space=503.99754pt, baseline=13.99988pt
Underfill[B]: [1247] ht=461.99597pt, space=503.99754pt, baseline=13.99988pt
 [1247]
Underfill[A]: [1248] ht=489.99573pt, space=503.99754pt, baseline=13.99988pt
Underfill[B]: [1248] ht=489.99573pt, space=503.99754pt, baseline=13.99988pt
 [1248] [1249] [1250]
Underfill[A]: [1251] ht=475.99585pt, space=503.99754pt, baseline=13.99988pt
Underfill[B]: [1251] ht=475.99585pt, space=503.99754pt, baseline=13.99988pt
 [1251]
Underfill[A]: [1252] ht=461.99597pt, space=503.99754pt, baseline=13.99988pt
Underfill[B]: [1252] ht=461.99597pt, space=503.99754pt, baseline=13.99988pt
 [1252]
Underfill[A]: [1253] ht=461.99597pt, space=503.99754pt, baseline=13.99988pt
Underfill[B]: [1253] ht=461.99597pt, space=503.99754pt, baseline=13.99988pt
 [1253]
Underfill[A]: [1254] ht=461.99597pt, space=503.99754pt, baseline=13.99988pt
Underfill[B]: [1254] ht=461.99597pt, space=503.99754pt, baseline=13.99988pt
 [1254] [1255]
Underfill[A]: [1256] ht=321.9972pt, space=503.99754pt, baseline=13.99988pt
Underfill[B]: [1256] ht=321.9972pt, space=503.99754pt, baseline=13.99988pt
 [1256] [1257]
Underfill[A]: [1258] ht=489.99573pt, space=503.99754pt, baseline=13.99988pt
Underfill[B]: [1258] ht=489.99573pt, space=503.99754pt, baseline=13.99988pt
 [1258] [1259]
Underfill[A]: [1260] ht=489.99573pt, space=503.99754pt, baseline=13.99988pt
Underfill[B]: [1260] ht=489.99573pt, space=503.99754pt, baseline=13.99988pt
 [1260]
Underfill[A]: [1261] ht=433.99622pt, space=503.99754pt, baseline=13.99988pt
Underfill[B]: [1261] ht=433.99622pt, space=503.99754pt, baseline=13.99988pt
 [1261]
Underfill[A]: [1262] ht=489.99573pt, space=503.99754pt, baseline=13.99988pt
Underfill[B]: [1262] ht=489.99573pt, space=503.99754pt, baseline=13.99988pt
 [1262] [1263]
Underfill[A]: [1264] ht=489.99573pt, space=503.99754pt, baseline=13.99988pt
Underfill[B]: [1264] ht=489.99573pt, space=503.99754pt, baseline=13.99988pt
 [1264]
Underfill[A]: [1265] ht=489.99573pt, space=503.99754pt, baseline=13.99988pt
Underfill[B]: [1265] ht=489.99573pt, space=503.99754pt, baseline=13.99988pt
 [1265]
Underfill[A]: [1266] ht=447.9961pt, space=503.99754pt, baseline=13.99988pt
Underfill[B]: [1266] ht=447.9961pt, space=503.99754pt, baseline=13.99988pt
 [1266]
Underfill[A]: [1267] ht=489.99573pt, space=503.99754pt, baseline=13.99988pt
Underfill[B]: [1267] ht=489.99573pt, space=503.99754pt, baseline=13.99988pt
 [1267]
Underfill[A]: [1268] ht=489.99573pt, space=503.99754pt, baseline=13.99988pt
Underfill[B]: [1268] ht=489.99573pt, space=503.99754pt, baseline=13.99988pt
 [1268]
Underfill[A]: [1269] ht=475.99585pt, space=503.99754pt, baseline=13.99988pt
Underfill[B]: [1269] ht=475.99585pt, space=503.99754pt, baseline=13.99988pt
 [1269] [1270]
Underfill[A]: [1271] ht=447.9961pt, space=503.99754pt, baseline=13.99988pt
Underfill[B]: [1271] ht=447.9961pt, space=503.99754pt, baseline=13.99988pt
 [1271]
Underfill[A]: [1272] ht=419.99634pt, space=503.99754pt, baseline=13.99988pt
Underfill[B]: [1272] ht=419.99634pt, space=503.99754pt, baseline=13.99988pt
 [1272]
Underfill[A]: [1273] ht=489.99573pt, space=503.99754pt, baseline=13.99988pt
Underfill[B]: [1273] ht=489.99573pt, space=503.99754pt, baseline=13.99988pt
 [1273]
Underfill[A]: [1274] ht=461.99597pt, space=503.99754pt, baseline=13.99988pt
Underfill[B]: [1274] ht=461.99597pt, space=503.99754pt, baseline=13.99988pt
 [1274]
Underfill[A]: [1275] ht=489.99573pt, space=503.99754pt, baseline=13.99988pt
Underfill[B]: [1275] ht=489.99573pt, space=503.99754pt, baseline=13.99988pt
 [1275] [1276]
Underfill[A]: [1277] ht=489.99573pt, space=503.99754pt, baseline=13.99988pt
Underfill[B]: [1277] ht=489.99573pt, space=503.99754pt, baseline=13.99988pt
 [1277]
Underfill[A]: [1278] ht=489.99573pt, space=503.99754pt, baseline=13.99988pt
Underfill[B]: [1278] ht=489.99573pt, space=503.99754pt, baseline=13.99988pt
 [1278] [1279] [1280] [1281]
Underfill[A]: [1282] ht=489.99573pt, space=503.99754pt, baseline=13.99988pt
Underfill[B]: [1282] ht=489.99573pt, space=503.99754pt, baseline=13.99988pt
 [1282]
Underfill[A]: [1283] ht=461.99597pt, space=503.99754pt, baseline=13.99988pt
Underfill[B]: [1283] ht=461.99597pt, space=503.99754pt, baseline=13.99988pt
 [1283] [1284]
Underfill[A]: [1285] ht=461.99597pt, space=503.99754pt, baseline=13.99988pt
Underfill[B]: [1285] ht=461.99597pt, space=503.99754pt, baseline=13.99988pt
 [1285] [1286]
Underfill[A]: [1287] ht=419.99634pt, space=503.99754pt, baseline=13.99988pt
Underfill[B]: [1287] ht=419.99634pt, space=503.99754pt, baseline=13.99988pt
 [1287] [1288]
Underfill[A]: [1289] ht=489.99573pt, space=503.99754pt, baseline=13.99988pt
Underfill[B]: [1289] ht=489.99573pt, space=503.99754pt, baseline=13.99988pt
 [1289] [1290]
Underfill[A]: [1291] ht=489.99573pt, space=503.99754pt, baseline=13.99988pt
Underfill[B]: [1291] ht=489.99573pt, space=503.99754pt, baseline=13.99988pt
 [1291] [1292]
Underfill[A]: [1293] ht=475.99585pt, space=503.99754pt, baseline=13.99988pt
Underfill[B]: [1293] ht=475.99585pt, space=503.99754pt, baseline=13.99988pt
 [1293]
Underfill[A]: [1294] ht=447.9961pt, space=503.99754pt, baseline=13.99988pt
Underfill[B]: [1294] ht=447.9961pt, space=503.99754pt, baseline=13.99988pt
 [1294]
Underfill[A]: [1295] ht=475.99585pt, space=503.99754pt, baseline=13.99988pt
Underfill[B]: [1295] ht=475.99585pt, space=503.99754pt, baseline=13.99988pt
 [1295]
Underfill[A]: [1296] ht=363.99683pt, space=503.99754pt, baseline=13.99988pt
Underfill[B]: [1296] ht=363.99683pt, space=503.99754pt, baseline=13.99988pt
 [1296]
Underfill[A]: [1297] ht=447.9961pt, space=503.99754pt, baseline=13.99988pt
Underfill[B]: [1297] ht=447.9961pt, space=503.99754pt, baseline=13.99988pt
 [1297]
Underfill[A]: [1298] ht=489.99573pt, space=503.99754pt, baseline=13.99988pt
Underfill[B]: [1298] ht=489.99573pt, space=503.99754pt, baseline=13.99988pt
 [1298] [1299]
Underfill[A]: [1300] ht=461.99597pt, space=503.99754pt, baseline=13.99988pt
Underfill[B]: [1300] ht=461.99597pt, space=503.99754pt, baseline=13.99988pt
 [1300]
Underfill[A]: [1301] ht=489.99573pt, space=503.99754pt, baseline=13.99988pt
Underfill[B]: [1301] ht=489.99573pt, space=503.99754pt, baseline=13.99988pt
 [1301]
Underfill[A]: [1302] ht=405.99646pt, space=503.99754pt, baseline=13.99988pt
Underfill[B]: [1302] ht=405.99646pt, space=503.99754pt, baseline=13.99988pt
 [1302]
Underfill[A]: [1303] ht=461.99597pt, space=503.99754pt, baseline=13.99988pt
Underfill[B]: [1303] ht=461.99597pt, space=503.99754pt, baseline=13.99988pt
 [1303]
Underfill[A]: [1304] ht=405.99646pt, space=503.99754pt, baseline=13.99988pt
Underfill[B]: [1304] ht=405.99646pt, space=503.99754pt, baseline=13.99988pt
 [1304]
Underfill[A]: [1305] ht=447.9961pt, space=503.99754pt, baseline=13.99988pt
Underfill[B]: [1305] ht=447.9961pt, space=503.99754pt, baseline=13.99988pt
 [1305]
Underfill[A]: [1306] ht=475.99585pt, space=503.99754pt, baseline=13.99988pt
Underfill[B]: [1306] ht=475.99585pt, space=503.99754pt, baseline=13.99988pt
 [1306]
Underfill[A]: [1307] ht=475.99585pt, space=503.99754pt, baseline=13.99988pt
Underfill[B]: [1307] ht=475.99585pt, space=503.99754pt, baseline=13.99988pt
 [1307] [1308]
Underfill[A]: [1309] ht=447.9961pt, space=503.99754pt, baseline=13.99988pt
Underfill[B]: [1309] ht=447.9961pt, space=503.99754pt, baseline=13.99988pt
 [1309]
Underfill[A]: [1310] ht=433.99622pt, space=503.99754pt, baseline=13.99988pt
Underfill[B]: [1310] ht=433.99622pt, space=503.99754pt, baseline=13.99988pt
 [1310] [1311] [1312]
Underfill[A]: [1313] ht=461.99597pt, space=503.99754pt, baseline=13.99988pt
Underfill[B]: [1313] ht=461.99597pt, space=503.99754pt, baseline=13.99988pt
 [1313]
Underfill[A]: [1314] ht=433.99622pt, space=503.99754pt, baseline=13.99988pt
Underfill[B]: [1314] ht=433.99622pt, space=503.99754pt, baseline=13.99988pt
 [1314] [1315] [1316]
Underfill[A]: [1317] ht=489.99573pt, space=503.99754pt, baseline=13.99988pt
Underfill[B]: [1317] ht=489.99573pt, space=503.99754pt, baseline=13.99988pt
 [1317]
Underfill[A]: [1318] ht=489.99573pt, space=503.99754pt, baseline=13.99988pt
Underfill[B]: [1318] ht=489.99573pt, space=503.99754pt, baseline=13.99988pt
 [1318])
Underfill[B]: [1319] ht=195.99829pt, space=209.99817pt, baseline=13.99988pt
 [1319] ptxfile 25LAMakjv-two-Default.USFM monoglot,
(no adjustment list "../../../shared/ptxprint/Default/AdjLists/25LAMakjv-two-Default.USFM.adj" found)
(no picture list "25LAMakjv-two-Default.USFM.piclist" found)
 (./25LAMakjv-two-Default.USFM First chapter for LAM [1320] [1321] [1322]
Underfill[A]: [1323] ht=433.99622pt, space=503.99754pt, baseline=13.99988pt
Underfill[B]: [1323] ht=433.99622pt, space=503.99754pt, baseline=13.99988pt
 [1323]
Underfill[A]: [1324] ht=363.99683pt, space=503.99754pt, baseline=13.99988pt
Underfill[B]: [1324] ht=363.99683pt, space=503.99754pt, baseline=13.99988pt
 [1324]
Underfill[A]: [1325] ht=433.99622pt, space=503.99754pt, baseline=13.99988pt
Underfill[B]: [1325] ht=433.99622pt, space=503.99754pt, baseline=13.99988pt
 [1325]
Underfill[A]: [1326] ht=489.99573pt, space=503.99754pt, baseline=13.99988pt
Underfill[B]: [1326] ht=489.99573pt, space=503.99754pt, baseline=13.99988pt
 [1326]
Underfill[A]: [1327] ht=489.99573pt, space=503.99754pt, baseline=13.99988pt
Underfill[B]: [1327] ht=489.99573pt, space=503.99754pt, baseline=13.99988pt
 [1327])
Underfill[B]: [1328] ht=433.99622pt, space=475.99585pt, baseline=13.99988pt
 [1328] ptxfile 26EZKakjv-two-Default.USFM monoglot,
(no adjustment list "../../../shared/ptxprint/Default/AdjLists/26EZKakjv-two-Default.USFM.adj" found)
(no picture list "26EZKakjv-two-Default.USFM.piclist" found)
 (./26EZKakjv-two-Default.USFM First chapter for EZK [1329] [1330]
Underfill[A]: [1331] ht=489.99573pt, space=503.99754pt, baseline=13.99988pt
Underfill[B]: [1331] ht=489.99573pt, space=503.99754pt, baseline=13.99988pt
 [1331] [1332] [1333] [1334]
Underfill[A]: [1335] ht=489.99573pt, space=503.99754pt, baseline=13.99988pt
Underfill[B]: [1335] ht=489.99573pt, space=503.99754pt, baseline=13.99988pt
 [1335]
Underfill[A]: [1336] ht=489.99573pt, space=503.99754pt, baseline=13.99988pt
Underfill[B]: [1336] ht=489.99573pt, space=503.99754pt, baseline=13.99988pt
 [1336]
Underfill[A]: [1337] ht=475.99585pt, space=503.99754pt, baseline=13.99988pt
Underfill[B]: [1337] ht=475.99585pt, space=503.99754pt, baseline=13.99988pt
 [1337]
Underfill[A]: [1338] ht=489.99573pt, space=503.99754pt, baseline=13.99988pt
Underfill[B]: [1338] ht=489.99573pt, space=503.99754pt, baseline=13.99988pt
 [1338]
Underfill[A]: [1339] ht=489.99573pt, space=503.99754pt, baseline=13.99988pt
Underfill[B]: [1339] ht=489.99573pt, space=503.99754pt, baseline=13.99988pt
 [1339]
Underfill[A]: [1340] ht=489.99573pt, space=503.99754pt, baseline=13.99988pt
Underfill[B]: [1340] ht=489.99573pt, space=503.99754pt, baseline=13.99988pt
 [1340]
Underfill[A]: [1341] ht=461.99597pt, space=503.99754pt, baseline=13.99988pt
Underfill[B]: [1341] ht=461.99597pt, space=503.99754pt, baseline=13.99988pt
 [1341]
Underfill[A]: [1342] ht=461.99597pt, space=503.99754pt, baseline=13.99988pt
Underfill[B]: [1342] ht=461.99597pt, space=503.99754pt, baseline=13.99988pt
 [1342]
Underfill[A]: [1343] ht=489.99573pt, space=503.99754pt, baseline=13.99988pt
Underfill[B]: [1343] ht=489.99573pt, space=503.99754pt, baseline=13.99988pt
 [1343]
Underfill[A]: [1344] ht=489.99573pt, space=503.99754pt, baseline=13.99988pt
Underfill[B]: [1344] ht=489.99573pt, space=503.99754pt, baseline=13.99988pt
 [1344] [1345] [1346] [1347]
Underfill[A]: [1348] ht=489.99573pt, space=503.99754pt, baseline=13.99988pt
Underfill[B]: [1348] ht=489.99573pt, space=503.99754pt, baseline=13.99988pt
 [1348]
Underfill[A]: [1349] ht=489.99573pt, space=503.99754pt, baseline=13.99988pt
Underfill[B]: [1349] ht=489.99573pt, space=503.99754pt, baseline=13.99988pt
 [1349]
Underfill[A]: [1350] ht=461.99597pt, space=503.99754pt, baseline=13.99988pt
Underfill[B]: [1350] ht=461.99597pt, space=503.99754pt, baseline=13.99988pt
 [1350]
Underfill[A]: [1351] ht=461.99597pt, space=503.99754pt, baseline=13.99988pt
Underfill[B]: [1351] ht=461.99597pt, space=503.99754pt, baseline=13.99988pt
 [1351] [1352] [1353] [1354]
Underfill[A]: [1355] ht=489.99573pt, space=503.99754pt, baseline=13.99988pt
Underfill[B]: [1355] ht=489.99573pt, space=503.99754pt, baseline=13.99988pt
 [1355]
Underfill[A]: [1356] ht=377.9967pt, space=503.99754pt, baseline=13.99988pt
Underfill[B]: [1356] ht=377.9967pt, space=503.99754pt, baseline=13.99988pt
 [1356]
Underfill[A]: [1357] ht=489.99573pt, space=503.99754pt, baseline=13.99988pt
Underfill[B]: [1357] ht=489.99573pt, space=503.99754pt, baseline=13.99988pt
 [1357] [1358]
Underfill[A]: [1359] ht=447.9961pt, space=503.99754pt, baseline=13.99988pt
Underfill[B]: [1359] ht=447.9961pt, space=503.99754pt, baseline=13.99988pt
 [1359]
Underfill[A]: [1360] ht=489.99573pt, space=503.99754pt, baseline=13.99988pt
Underfill[B]: [1360] ht=489.99573pt, space=503.99754pt, baseline=13.99988pt
 [1360]
Underfill[A]: [1361] ht=489.99573pt, space=503.99754pt, baseline=13.99988pt
Underfill[B]: [1361] ht=489.99573pt, space=503.99754pt, baseline=13.99988pt
 [1361] [1362]
Underfill[A]: [1363] ht=433.99622pt, space=503.99754pt, baseline=13.99988pt
Underfill[B]: [1363] ht=433.99622pt, space=503.99754pt, baseline=13.99988pt
 [1363]
Underfill[A]: [1364] ht=489.99573pt, space=503.99754pt, baseline=13.99988pt
Underfill[B]: [1364] ht=489.99573pt, space=503.99754pt, baseline=13.99988pt
 [1364] [1365] [1366]
Underfill[A]: [1367] ht=475.99585pt, space=503.99754pt, baseline=13.99988pt
Underfill[B]: [1367] ht=475.99585pt, space=503.99754pt, baseline=13.99988pt
 [1367]
Underfill[A]: [1368] ht=475.99585pt, space=503.99754pt, baseline=13.99988pt
Underfill[B]: [1368] ht=475.99585pt, space=503.99754pt, baseline=13.99988pt
 [1368]
Underfill[A]: [1369] ht=475.99585pt, space=503.99754pt, baseline=13.99988pt
Underfill[B]: [1369] ht=475.99585pt, space=503.99754pt, baseline=13.99988pt
 [1369]
Underfill[A]: [1370] ht=433.99622pt, space=503.99754pt, baseline=13.99988pt
Underfill[B]: [1370] ht=433.99622pt, space=503.99754pt, baseline=13.99988pt
 [1370]
Underfill[A]: [1371] ht=349.99695pt, space=503.99754pt, baseline=13.99988pt
Underfill[B]: [1371] ht=349.99695pt, space=503.99754pt, baseline=13.99988pt
 [1371]
Underfill[A]: [1372] ht=419.99634pt, space=503.99754pt, baseline=13.99988pt
Underfill[B]: [1372] ht=419.99634pt, space=503.99754pt, baseline=13.99988pt
 [1372]
Underfill[A]: [1373] ht=489.99573pt, space=503.99754pt, baseline=13.99988pt
Underfill[B]: [1373] ht=489.99573pt, space=503.99754pt, baseline=13.99988pt
 [1373]
Underfill[A]: [1374] ht=475.99585pt, space=503.99754pt, baseline=13.99988pt
Underfill[B]: [1374] ht=475.99585pt, space=503.99754pt, baseline=13.99988pt
 [1374]
Underfill[A]: [1375] ht=489.99573pt, space=503.99754pt, baseline=13.99988pt
Underfill[B]: [1375] ht=489.99573pt, space=503.99754pt, baseline=13.99988pt
 [1375] [1376] [1377]
Underfill[A]: [1378] ht=475.99585pt, space=503.99754pt, baseline=13.99988pt
Underfill[B]: [1378] ht=475.99585pt, space=503.99754pt, baseline=13.99988pt
 [1378]
Underfill[A]: [1379] ht=475.99585pt, space=503.99754pt, baseline=13.99988pt
Underfill[B]: [1379] ht=475.99585pt, space=503.99754pt, baseline=13.99988pt
 [1379] [1380]
Underfill[A]: [1381] ht=489.99573pt, space=503.99754pt, baseline=13.99988pt
Underfill[B]: [1381] ht=489.99573pt, space=503.99754pt, baseline=13.99988pt
 [1381] [1382]
Underfill[A]: [1383] ht=489.99573pt, space=503.99754pt, baseline=13.99988pt
Underfill[B]: [1383] ht=489.99573pt, space=503.99754pt, baseline=13.99988pt
 [1383] [1384]
Underfill[A]: [1385] ht=489.99573pt, space=503.99754pt, baseline=13.99988pt
Underfill[B]: [1385] ht=489.99573pt, space=503.99754pt, baseline=13.99988pt
 [1385] [1386]
Underfill[A]: [1387] ht=489.99573pt, space=503.99754pt, baseline=13.99988pt
Underfill[B]: [1387] ht=489.99573pt, space=503.99754pt, baseline=13.99988pt
 [1387]
Underfill[A]: [1388] ht=447.9961pt, space=503.99754pt, baseline=13.99988pt
Underfill[B]: [1388] ht=447.9961pt, space=503.99754pt, baseline=13.99988pt
 [1388] [1389] [1390]
Underfill[A]: [1391] ht=433.99622pt, space=503.99754pt, baseline=13.99988pt
Underfill[B]: [1391] ht=433.99622pt, space=503.99754pt, baseline=13.99988pt
 [1391]
Underfill[A]: [1392] ht=489.99573pt, space=503.99754pt, baseline=13.99988pt
Underfill[B]: [1392] ht=489.99573pt, space=503.99754pt, baseline=13.99988pt
 [1392]
Underfill[A]: [1393] ht=475.99585pt, space=503.99754pt, baseline=13.99988pt
Underfill[B]: [1393] ht=475.99585pt, space=503.99754pt, baseline=13.99988pt
 [1393]
Underfill[A]: [1394] ht=265.99768pt, space=503.99754pt, baseline=13.99988pt
Underfill[B]: [1394] ht=265.99768pt, space=503.99754pt, baseline=13.99988pt
 [1394]
Underfill[A]: [1395] ht=489.99573pt, space=503.99754pt, baseline=13.99988pt
Underfill[B]: [1395] ht=489.99573pt, space=503.99754pt, baseline=13.99988pt
 [1395]
Underfill[A]: [1396] ht=433.99622pt, space=503.99754pt, baseline=13.99988pt
Underfill[B]: [1396] ht=433.99622pt, space=503.99754pt, baseline=13.99988pt
 [1396] [1397] [1398] [1399] [1400]
Underfill[A]: [1401] ht=489.99573pt, space=503.99754pt, baseline=13.99988pt
Underfill[B]: [1401] ht=489.99573pt, space=503.99754pt, baseline=13.99988pt
 [1401]
Underfill[A]: [1402] ht=489.99573pt, space=503.99754pt, baseline=13.99988pt
Underfill[B]: [1402] ht=489.99573pt, space=503.99754pt, baseline=13.99988pt
 [1402] [1403]
Underfill[A]: [1404] ht=489.99573pt, space=503.99754pt, baseline=13.99988pt
Underfill[B]: [1404] ht=489.99573pt, space=503.99754pt, baseline=13.99988pt
 [1404]
Underfill[A]: [1405] ht=489.99573pt, space=503.99754pt, baseline=13.99988pt
Underfill[B]: [1405] ht=489.99573pt, space=503.99754pt, baseline=13.99988pt
 [1405] [1406] [1407] [1408]
Underfill[A]: [1409] ht=489.99573pt, space=503.99754pt, baseline=13.99988pt
Underfill[B]: [1409] ht=489.99573pt, space=503.99754pt, baseline=13.99988pt
 [1409] [1410] [1411] [1412]
Underfill[A]: [1413] ht=475.99585pt, space=503.99754pt, baseline=13.99988pt
Underfill[B]: [1413] ht=475.99585pt, space=503.99754pt, baseline=13.99988pt
 [1413] [1414]
Underfill[A]: [1415] ht=489.99573pt, space=503.99754pt, baseline=13.99988pt
Underfill[B]: [1415] ht=489.99573pt, space=503.99754pt, baseline=13.99988pt
 [1415]
Underfill[A]: [1416] ht=489.99573pt, space=503.99754pt, baseline=13.99988pt
Underfill[B]: [1416] ht=489.99573pt, space=503.99754pt, baseline=13.99988pt
 [1416] [1417] [1418] [1419]
Underfill[A]: [1420] ht=461.99597pt, space=503.99754pt, baseline=13.99988pt
Underfill[B]: [1420] ht=461.99597pt, space=503.99754pt, baseline=13.99988pt
 [1420])
Underfill[A]: [1421] ht=475.99585pt, space=503.99754pt, baseline=13.99988pt
Underfill[B]: [1421] ht=475.99585pt, space=503.99754pt, baseline=13.99988pt
 [1421]
Underfill[B]: [1422] ht=55.99951pt, space=83.99927pt, baseline=13.99988pt
 [1422] ptxfile 27DANakjv-two-Default.USFM monoglot,
(no adjustment list "../../../shared/ptxprint/Default/AdjLists/27DANakjv-two-Default.USFM.adj" found)
(no picture list "27DANakjv-two-Default.USFM.piclist" found)
 (./27DANakjv-two-Default.USFM First chapter for DAN
Underfill[A]: [1423] ht=377.9967pt, space=433.99815pt, baseline=13.99988pt
Underfill[B]: [1423] ht=377.9967pt, space=433.99815pt, baseline=13.99988pt
 [1423]
Underfill[A]: [1424] ht=489.99573pt, space=503.99754pt, baseline=13.99988pt
Underfill[B]: [1424] ht=489.99573pt, space=503.99754pt, baseline=13.99988pt
 [1424] [1425]
Underfill[A]: [1426] ht=489.99573pt, space=503.99754pt, baseline=13.99988pt
Underfill[B]: [1426] ht=489.99573pt, space=503.99754pt, baseline=13.99988pt
 [1426]
Underfill[A]: [1427] ht=461.99597pt, space=503.99754pt, baseline=13.99988pt
Underfill[B]: [1427] ht=461.99597pt, space=503.99754pt, baseline=13.99988pt
 [1427] [1428]
Underfill[A]: [1429] ht=489.99573pt, space=503.99754pt, baseline=13.99988pt
Underfill[B]: [1429] ht=489.99573pt, space=503.99754pt, baseline=13.99988pt
 [1429] [1430] [1431] [1432] [1433] [1434]
Underfill[A]: [1435] ht=489.99573pt, space=503.99754pt, baseline=13.99988pt
Underfill[B]: [1435] ht=489.99573pt, space=503.99754pt, baseline=13.99988pt
 [1435]
Underfill[A]: [1436] ht=489.99573pt, space=503.99754pt, baseline=13.99988pt
Underfill[B]: [1436] ht=489.99573pt, space=503.99754pt, baseline=13.99988pt
 [1436] [1437]
Underfill[A]: [1438] ht=489.99573pt, space=503.99754pt, baseline=13.99988pt
Underfill[B]: [1438] ht=489.99573pt, space=503.99754pt, baseline=13.99988pt
 [1438]
Underfill[A]: [1439] ht=489.99573pt, space=503.99754pt, baseline=13.99988pt
Underfill[B]: [1439] ht=489.99573pt, space=503.99754pt, baseline=13.99988pt
 [1439] [1440]
Underfill[A]: [1441] ht=419.99634pt, space=503.99754pt, baseline=13.99988pt
Underfill[B]: [1441] ht=419.99634pt, space=503.99754pt, baseline=13.99988pt
 [1441]
Underfill[A]: [1442] ht=489.99573pt, space=503.99754pt, baseline=13.99988pt
Underfill[B]: [1442] ht=489.99573pt, space=503.99754pt, baseline=13.99988pt
 [1442]
Underfill[A]: [1443] ht=489.99573pt, space=503.99754pt, baseline=13.99988pt
Underfill[B]: [1443] ht=489.99573pt, space=503.99754pt, baseline=13.99988pt
 [1443] [1444]
Underfill[A]: [1445] ht=489.99573pt, space=503.99754pt, baseline=13.99988pt
Underfill[B]: [1445] ht=489.99573pt, space=503.99754pt, baseline=13.99988pt
 [1445] [1446]
Underfill[A]: [1447] ht=489.99573pt, space=503.99754pt, baseline=13.99988pt
Underfill[B]: [1447] ht=489.99573pt, space=503.99754pt, baseline=13.99988pt
 [1447]
Underfill[A]: [1448] ht=489.99573pt, space=503.99754pt, baseline=13.99988pt
Underfill[B]: [1448] ht=489.99573pt, space=503.99754pt, baseline=13.99988pt
 [1448] [1449])
Underfill[B]: [1450] ht=419.99634pt, space=447.9961pt, baseline=13.99988pt
 [1450] ptxfile 28HOSakjv-two-Default.USFM monoglot,
(no adjustment list "../../../shared/ptxprint/Default/AdjLists/28HOSakjv-two-Default.USFM.adj" found)
(no picture list "28HOSakjv-two-Default.USFM.piclist" found)
 (./28HOSakjv-two-Default.USFM First chapter for HOS [1451] [1452]
Underfill[A]: [1453] ht=433.99622pt, space=503.99754pt, baseline=13.99988pt
Underfill[B]: [1453] ht=433.99622pt, space=503.99754pt, baseline=13.99988pt
 [1453]
Underfill[A]: [1454] ht=391.99658pt, space=503.99754pt, baseline=13.99988pt
Underfill[B]: [1454] ht=391.99658pt, space=503.99754pt, baseline=13.99988pt
 [1454]
Underfill[A]: [1455] ht=475.99585pt, space=503.99754pt, baseline=13.99988pt
Underfill[B]: [1455] ht=475.99585pt, space=503.99754pt, baseline=13.99988pt
 [1455]
Underfill[A]: [1456] ht=461.99597pt, space=503.99754pt, baseline=13.99988pt
Underfill[B]: [1456] ht=461.99597pt, space=503.99754pt, baseline=13.99988pt
 [1456] [1457]
Underfill[A]: [1458] ht=489.99573pt, space=503.99754pt, baseline=13.99988pt
Underfill[B]: [1458] ht=489.99573pt, space=503.99754pt, baseline=13.99988pt
 [1458] [1459] [1460]
Underfill[A]: [1461] ht=461.99597pt, space=503.99754pt, baseline=13.99988pt
Underfill[B]: [1461] ht=461.99597pt, space=503.99754pt, baseline=13.99988pt
 [1461]
Underfill[A]: [1462] ht=475.99585pt, space=503.99754pt, baseline=13.99988pt
Underfill[B]: [1462] ht=475.99585pt, space=503.99754pt, baseline=13.99988pt
 [1462]) [1463] ptxfile 29JOLakjv-two-Default.USFM monoglot,
(no adjustment list "../../../shared/ptxprint/Default/AdjLists/29JOLakjv-two-Default.USFM.adj" found)
(no picture list "29JOLakjv-two-Default.USFM.piclist" found)
 (./29JOLakjv-two-Default.USFM First chapter for JOL
Underfill[A]: [1464] ht=447.9961pt, space=461.99791pt, baseline=13.99988pt
Underfill[B]: [1464] ht=447.9961pt, space=461.99791pt, baseline=13.99988pt
 [1464] [1465]
Underfill[A]: [1466] ht=475.99585pt, space=503.99754pt, baseline=13.99988pt
Underfill[B]: [1466] ht=475.99585pt, space=503.99754pt, baseline=13.99988pt
 [1466] [1467])
Underfill[B]: [1468] ht=433.99622pt, space=447.9961pt, baseline=13.99988pt
 [1468] ptxfile 30AMOakjv-two-Default.USFM monoglot,
(no adjustment list "../../../shared/ptxprint/Default/AdjLists/30AMOakjv-two-Default.USFM.adj" found)
(no picture list "30AMOakjv-two-Default.USFM.piclist" found)
 (./30AMOakjv-two-Default.USFM First chapter for AMO
Underfill[A]: [1469] ht=447.9961pt, space=461.99791pt, baseline=13.99988pt
Underfill[B]: [1469] ht=447.9961pt, space=461.99791pt, baseline=13.99988pt
 [1469]
Underfill[A]: [1470] ht=489.99573pt, space=503.99754pt, baseline=13.99988pt
Underfill[B]: [1470] ht=489.99573pt, space=503.99754pt, baseline=13.99988pt
 [1470]
Underfill[A]: [1471] ht=489.99573pt, space=503.99754pt, baseline=13.99988pt
Underfill[B]: [1471] ht=489.99573pt, space=503.99754pt, baseline=13.99988pt
 [1471]
Underfill[A]: [1472] ht=475.99585pt, space=503.99754pt, baseline=13.99988pt
Underfill[B]: [1472] ht=475.99585pt, space=503.99754pt, baseline=13.99988pt
 [1472]
Underfill[A]: [1473] ht=447.9961pt, space=503.99754pt, baseline=13.99988pt
Underfill[B]: [1473] ht=447.9961pt, space=503.99754pt, baseline=13.99988pt
 [1473]
Underfill[A]: [1474] ht=489.99573pt, space=503.99754pt, baseline=13.99988pt
Underfill[B]: [1474] ht=489.99573pt, space=503.99754pt, baseline=13.99988pt
 [1474]
Underfill[A]: [1475] ht=419.99634pt, space=503.99754pt, baseline=13.99988pt
Underfill[B]: [1475] ht=419.99634pt, space=503.99754pt, baseline=13.99988pt
 [1475]
Underfill[A]: [1476] ht=489.99573pt, space=503.99754pt, baseline=13.99988pt
Underfill[B]: [1476] ht=489.99573pt, space=503.99754pt, baseline=13.99988pt
 [1476]
Underfill[A]: [1477] ht=433.99622pt, space=503.99754pt, baseline=13.99988pt
Underfill[B]: [1477] ht=433.99622pt, space=503.99754pt, baseline=13.99988pt
 [1477]
Underfill[A]: [1478] ht=489.99573pt, space=503.99754pt, baseline=13.99988pt
Underfill[B]: [1478] ht=489.99573pt, space=503.99754pt, baseline=13.99988pt
 [1478])
Underfill[B]: [1479] ht=167.99854pt, space=181.99841pt, baseline=13.99988pt
 [1479] ptxfile 31OBAakjv-two-Default.USFM monoglot,
(no adjustment list "../../../shared/ptxprint/Default/AdjLists/31OBAakjv-two-Default.USFM.adj" found)
(no picture list "31OBAakjv-two-Default.USFM.piclist" found)
 (./31OBAakjv-two-Default.USFM First chapter for OBA
Underfill[A]: [1480] ht=447.9961pt, space=461.99791pt, baseline=13.99988pt
Underfill[B]: [1480] ht=447.9961pt, space=461.99791pt, baseline=13.99988pt
 [1480])
Underfill[A]: [1481] ht=307.99731pt, space=321.9972pt, baseline=13.99988pt
 [1481] ptxfile 32JONakjv-two-Default.USFM monoglot,
(no adjustment list "../../../shared/ptxprint/Default/AdjLists/32JONakjv-two-Default.USFM.adj" found)
(no picture list "32JONakjv-two-Default.USFM.piclist" found)
 (./32JONakjv-two-Default.USFM First chapter for JON
Underfill[A]: [1482] ht=447.9961pt, space=461.99791pt, baseline=13.99988pt
Underfill[B]: [1482] ht=447.9961pt, space=461.99791pt, baseline=13.99988pt
 [1482]
Underfill[A]: [1483] ht=447.9961pt, space=503.99754pt, baseline=13.99988pt
Underfill[B]: [1483] ht=447.9961pt, space=503.99754pt, baseline=13.99988pt
 [1483] [1484])
Underfill[B]: [1485] ht=55.99951pt, space=69.99939pt, baseline=13.99988pt
 [1485] ptxfile 33MICakjv-two-Default.USFM monoglot,
(no adjustment list "../../../shared/ptxprint/Default/AdjLists/33MICakjv-two-Default.USFM.adj" found)
(no picture list "33MICakjv-two-Default.USFM.piclist" found)
 (./33MICakjv-two-Default.USFM First chapter for MIC
Underfill[A]: [1486] ht=349.99695pt, space=461.99791pt, baseline=13.99988pt
Underfill[B]: [1486] ht=349.99695pt, space=461.99791pt, baseline=13.99988pt
 [1486] [1487] [1488] [1489] [1490] [1491] [1492])
Underfill[B]: [1493] ht=181.99841pt, space=195.99829pt, baseline=13.99988pt
 [1493] ptxfile 34NAMakjv-two-Default.USFM monoglot,
(no adjustment list "../../../shared/ptxprint/Default/AdjLists/34NAMakjv-two-Default.USFM.adj" found)
(no picture list "34NAMakjv-two-Default.USFM.piclist" found)
 (./34NAMakjv-two-Default.USFM First chapter for NAM
Underfill[A]: [1494] ht=447.9961pt, space=461.99791pt, baseline=13.99988pt
Underfill[B]: [1494] ht=447.9961pt, space=461.99791pt, baseline=13.99988pt
 [1494] [1495]
Underfill[A]: [1496] ht=475.99585pt, space=503.99754pt, baseline=13.99988pt
Underfill[B]: [1496] ht=475.99585pt, space=503.99754pt, baseline=13.99988pt
 [1496])
Underfill[B]: [1497] ht=97.99915pt, space=111.99902pt, baseline=13.99988pt
 [1497] ptxfile 35HABakjv-two-Default.USFM monoglot,
(no adjustment list "../../../shared/ptxprint/Default/AdjLists/35HABakjv-two-Default.USFM.adj" found)
(no picture list "35HABakjv-two-Default.USFM.piclist" found)
 (./35HABakjv-two-Default.USFM First chapter for HAB [1498] [1499]
Underfill[A]: [1500] ht=461.99597pt, space=503.99754pt, baseline=13.99988pt
Underfill[B]: [1500] ht=461.99597pt, space=503.99754pt, baseline=13.99988pt
 [1500])
Underfill[B]: [1501] ht=293.99744pt, space=335.99707pt, baseline=13.99988pt
 [1501] ptxfile 36ZEPakjv-two-Default.USFM monoglot,
(no adjustment list "../../../shared/ptxprint/Default/AdjLists/36ZEPakjv-two-Default.USFM.adj" found)
(no picture list "36ZEPakjv-two-Default.USFM.piclist" found)
 (./36ZEPakjv-two-Default.USFM First chapter for ZEP [1502]
Underfill[A]: [1503] ht=475.99585pt, space=503.99754pt, baseline=13.99988pt
Underfill[B]: [1503] ht=475.99585pt, space=503.99754pt, baseline=13.99988pt
 [1503] [1504])
Underfill[B]: [1505] ht=405.99646pt, space=433.99622pt, baseline=13.99988pt
 [1505] ptxfile 37HAGakjv-two-Default.USFM monoglot,
(no adjustment list "../../../shared/ptxprint/Default/AdjLists/37HAGakjv-two-Default.USFM.adj" found)
(no picture list "37HAGakjv-two-Default.USFM.piclist" found)
 (./37HAGakjv-two-Default.USFM First chapter for HAG
Underfill[A]: [1506] ht=447.9961pt, space=461.99791pt, baseline=13.99988pt
Underfill[B]: [1506] ht=447.9961pt, space=461.99791pt, baseline=13.99988pt
 [1506]
Underfill[A]: [1507] ht=489.99573pt, space=503.99754pt, baseline=13.99988pt
Underfill[B]: [1507] ht=489.99573pt, space=503.99754pt, baseline=13.99988pt
 [1507])
Underfill[B]: [1508] ht=321.9972pt, space=335.99707pt, baseline=13.99988pt
 [1508] ptxfile 38ZECakjv-two-Default.USFM monoglot,
(no adjustment list "../../../shared/ptxprint/Default/AdjLists/38ZECakjv-two-Default.USFM.adj" found)
(no picture list "38ZECakjv-two-Default.USFM.piclist" found)
 (./38ZECakjv-two-Default.USFM First chapter for ZEC [1509]
Underfill[A]: [1510] ht=447.9961pt, space=503.99754pt, baseline=13.99988pt
Underfill[B]: [1510] ht=447.9961pt, space=503.99754pt, baseline=13.99988pt
 [1510] [1511]
Underfill[A]: [1512] ht=489.99573pt, space=503.99754pt, baseline=13.99988pt
Underfill[B]: [1512] ht=489.99573pt, space=503.99754pt, baseline=13.99988pt
 [1512] [1513] [1514]
Underfill[A]: [1515] ht=489.99573pt, space=503.99754pt, baseline=13.99988pt
Underfill[B]: [1515] ht=489.99573pt, space=503.99754pt, baseline=13.99988pt
 [1515]
Underfill[A]: [1516] ht=475.99585pt, space=503.99754pt, baseline=13.99988pt
Underfill[B]: [1516] ht=475.99585pt, space=503.99754pt, baseline=13.99988pt
 [1516]
Underfill[A]: [1517] ht=489.99573pt, space=503.99754pt, baseline=13.99988pt
Underfill[B]: [1517] ht=489.99573pt, space=503.99754pt, baseline=13.99988pt
 [1517] [1518]
Underfill[A]: [1519] ht=475.99585pt, space=503.99754pt, baseline=13.99988pt
Underfill[B]: [1519] ht=475.99585pt, space=503.99754pt, baseline=13.99988pt
 [1519]
Underfill[A]: [1520] ht=475.99585pt, space=503.99754pt, baseline=13.99988pt
Underfill[B]: [1520] ht=475.99585pt, space=503.99754pt, baseline=13.99988pt
 [1520]
Underfill[A]: [1521] ht=405.99646pt, space=503.99754pt, baseline=13.99988pt
Underfill[B]: [1521] ht=405.99646pt, space=503.99754pt, baseline=13.99988pt
 [1521]
Underfill[A]: [1522] ht=447.9961pt, space=503.99754pt, baseline=13.99988pt
Underfill[B]: [1522] ht=447.9961pt, space=503.99754pt, baseline=13.99988pt
 [1522])
Underfill[A]: [1523] ht=489.99573pt, space=503.99754pt, baseline=13.99988pt
Underfill[B]: [1523] ht=489.99573pt, space=503.99754pt, baseline=13.99988pt
 [1523]
Underfill[B]: [1524] ht=27.99976pt, space=41.99963pt, baseline=13.99988pt
 [1524] ptxfile 39MALakjv-two-Default.USFM monoglot,
(no adjustment list "../../../shared/ptxprint/Default/AdjLists/39MALakjv-two-Default.USFM.adj" found)
(no picture list "39MALakjv-two-Default.USFM.piclist" found)
 (./39MALakjv-two-Default.USFM First chapter for MAL
Underfill[A]: [1525] ht=447.9961pt, space=461.99791pt, baseline=13.99988pt
Underfill[B]: [1525] ht=447.9961pt, space=461.99791pt, baseline=13.99988pt
 [1525] [1526]
Underfill[A]: [1527] ht=475.99585pt, space=503.99754pt, baseline=13.99988pt
Underfill[B]: [1527] ht=475.99585pt, space=503.99754pt, baseline=13.99988pt
 [1527]
Underfill[A]: [1528] ht=447.9961pt, space=503.99754pt, baseline=13.99988pt
Underfill[B]: [1528] ht=447.9961pt, space=503.99754pt, baseline=13.99988pt
 [1528])
Underfill[B]: [1529] ht=153.99866pt, space=167.99854pt, baseline=13.99988pt
 [1529] ptxfile 41MATakjv-two-Default.USFM monoglot,
(no adjustment list "../../../shared/ptxprint/Default/AdjLists/41MATakjv-two-Default.USFM.adj" found)
(no picture list "41MATakjv-two-Default.USFM.piclist" found)
 (./41MATakjv-two-Default.USFM First chapter for MAT
Underfill[A]: [1530] ht=405.99646pt, space=433.99815pt, baseline=13.99988pt
Underfill[B]: [1530] ht=405.99646pt, space=433.99815pt, baseline=13.99988pt
 [1530]
Underfill[A]: [1531] ht=461.99597pt, space=503.99754pt, baseline=13.99988pt
Underfill[B]: [1531] ht=461.99597pt, space=503.99754pt, baseline=13.99988pt
 [1531] [1532]
Underfill[A]: [1533] ht=391.99658pt, space=503.99754pt, baseline=13.99988pt
Underfill[B]: [1533] ht=391.99658pt, space=503.99754pt, baseline=13.99988pt
 [1533] [1534]
Underfill[A]: [1535] ht=433.99622pt, space=503.99754pt, baseline=13.99988pt
Underfill[B]: [1535] ht=433.99622pt, space=503.99754pt, baseline=13.99988pt
 [1535]
Underfill[A]: [1536] ht=447.9961pt, space=503.99754pt, baseline=13.99988pt
Underfill[B]: [1536] ht=447.9961pt, space=503.99754pt, baseline=13.99988pt
 [1536]
Underfill[A]: [1537] ht=461.99597pt, space=503.99754pt, baseline=13.99988pt
Underfill[B]: [1537] ht=461.99597pt, space=503.99754pt, baseline=13.99988pt
 [1537]
Underfill[A]: [1538] ht=475.99585pt, space=503.99754pt, baseline=13.99988pt
Underfill[B]: [1538] ht=475.99585pt, space=503.99754pt, baseline=13.99988pt
 [1538]
Underfill[A]: [1539] ht=447.9961pt, space=503.99754pt, baseline=13.99988pt
Underfill[B]: [1539] ht=447.9961pt, space=503.99754pt, baseline=13.99988pt
 [1539]
Underfill[A]: [1540] ht=489.99573pt, space=503.99754pt, baseline=13.99988pt
Underfill[B]: [1540] ht=489.99573pt, space=503.99754pt, baseline=13.99988pt
 [1540]
Underfill[A]: [1541] ht=475.99585pt, space=503.99754pt, baseline=13.99988pt
Underfill[B]: [1541] ht=475.99585pt, space=503.99754pt, baseline=13.99988pt
 [1541]
Underfill[A]: [1542] ht=461.99597pt, space=503.99754pt, baseline=13.99988pt
Underfill[B]: [1542] ht=461.99597pt, space=503.99754pt, baseline=13.99988pt
 [1542]
Underfill[A]: [1543] ht=489.99573pt, space=503.99754pt, baseline=13.99988pt
Underfill[B]: [1543] ht=489.99573pt, space=503.99754pt, baseline=13.99988pt
 [1543]
Underfill[A]: [1544] ht=447.9961pt, space=503.99754pt, baseline=13.99988pt
Underfill[B]: [1544] ht=447.9961pt, space=503.99754pt, baseline=13.99988pt
 [1544]
Underfill[A]: [1545] ht=489.99573pt, space=503.99754pt, baseline=13.99988pt
Underfill[B]: [1545] ht=489.99573pt, space=503.99754pt, baseline=13.99988pt
 [1545]
Underfill[A]: [1546] ht=475.99585pt, space=503.99754pt, baseline=13.99988pt
Underfill[B]: [1546] ht=475.99585pt, space=503.99754pt, baseline=13.99988pt
 [1546]
Underfill[A]: [1547] ht=419.99634pt, space=503.99754pt, baseline=13.99988pt
Underfill[B]: [1547] ht=419.99634pt, space=503.99754pt, baseline=13.99988pt
 [1547] [1548]
Underfill[A]: [1549] ht=447.9961pt, space=503.99754pt, baseline=13.99988pt
Underfill[B]: [1549] ht=447.9961pt, space=503.99754pt, baseline=13.99988pt
 [1549]
Underfill[A]: [1550] ht=489.99573pt, space=503.99754pt, baseline=13.99988pt
Underfill[B]: [1550] ht=489.99573pt, space=503.99754pt, baseline=13.99988pt
 [1550]
Underfill[A]: [1551] ht=489.99573pt, space=503.99754pt, baseline=13.99988pt
Underfill[B]: [1551] ht=489.99573pt, space=503.99754pt, baseline=13.99988pt
 [1551] [1552]
Underfill[A]: [1553] ht=461.99597pt, space=503.99754pt, baseline=13.99988pt
Underfill[B]: [1553] ht=461.99597pt, space=503.99754pt, baseline=13.99988pt
 [1553]
Underfill[A]: [1554] ht=489.99573pt, space=503.99754pt, baseline=13.99988pt
Underfill[B]: [1554] ht=489.99573pt, space=503.99754pt, baseline=13.99988pt
 [1554] [1555]
Underfill[A]: [1556] ht=489.99573pt, space=503.99754pt, baseline=13.99988pt
Underfill[B]: [1556] ht=489.99573pt, space=503.99754pt, baseline=13.99988pt
 [1556] [1557]
Underfill[A]: [1558] ht=489.99573pt, space=503.99754pt, baseline=13.99988pt
Underfill[B]: [1558] ht=489.99573pt, space=503.99754pt, baseline=13.99988pt
 [1558]
Underfill[A]: [1559] ht=475.99585pt, space=503.99754pt, baseline=13.99988pt
Underfill[B]: [1559] ht=475.99585pt, space=503.99754pt, baseline=13.99988pt
 [1559] [1560] [1561] [1562]
Underfill[A]: [1563] ht=489.99573pt, space=503.99754pt, baseline=13.99988pt
Underfill[B]: [1563] ht=489.99573pt, space=503.99754pt, baseline=13.99988pt
 [1563]
Underfill[A]: [1564] ht=489.99573pt, space=503.99754pt, baseline=13.99988pt
Underfill[B]: [1564] ht=489.99573pt, space=503.99754pt, baseline=13.99988pt
 [1564]
Underfill[A]: [1565] ht=419.99634pt, space=503.99754pt, baseline=13.99988pt
Underfill[B]: [1565] ht=419.99634pt, space=503.99754pt, baseline=13.99988pt
 [1565]
Underfill[A]: [1566] ht=433.99622pt, space=503.99754pt, baseline=13.99988pt
Underfill[B]: [1566] ht=433.99622pt, space=503.99754pt, baseline=13.99988pt
 [1566]
Underfill[A]: [1567] ht=447.9961pt, space=503.99754pt, baseline=13.99988pt
Underfill[B]: [1567] ht=447.9961pt, space=503.99754pt, baseline=13.99988pt
 [1567]
Underfill[A]: [1568] ht=489.99573pt, space=503.99754pt, baseline=13.99988pt
Underfill[B]: [1568] ht=489.99573pt, space=503.99754pt, baseline=13.99988pt
 [1568]
Underfill[A]: [1569] ht=475.99585pt, space=503.99754pt, baseline=13.99988pt
Underfill[B]: [1569] ht=475.99585pt, space=503.99754pt, baseline=13.99988pt
 [1569]
Underfill[A]: [1570] ht=461.99597pt, space=503.99754pt, baseline=13.99988pt
Underfill[B]: [1570] ht=461.99597pt, space=503.99754pt, baseline=13.99988pt
 [1570]
Underfill[A]: [1571] ht=433.99622pt, space=503.99754pt, baseline=13.99988pt
Underfill[B]: [1571] ht=433.99622pt, space=503.99754pt, baseline=13.99988pt
 [1571]
Underfill[A]: [1572] ht=363.99683pt, space=503.99754pt, baseline=13.99988pt
Underfill[B]: [1572] ht=363.99683pt, space=503.99754pt, baseline=13.99988pt
 [1572] [1573]
Underfill[A]: [1574] ht=489.99573pt, space=503.99754pt, baseline=13.99988pt
Underfill[B]: [1574] ht=489.99573pt, space=503.99754pt, baseline=13.99988pt
 [1574]
Underfill[A]: [1575] ht=321.9972pt, space=503.99754pt, baseline=13.99988pt
Underfill[B]: [1575] ht=321.9972pt, space=503.99754pt, baseline=13.99988pt
 [1575] [1576]
Underfill[A]: [1577] ht=489.99573pt, space=503.99754pt, baseline=13.99988pt
Underfill[B]: [1577] ht=489.99573pt, space=503.99754pt, baseline=13.99988pt
 [1577]
Underfill[A]: [1578] ht=405.99646pt, space=503.99754pt, baseline=13.99988pt
Underfill[B]: [1578] ht=405.99646pt, space=503.99754pt, baseline=13.99988pt
 [1578]
Underfill[A]: [1579] ht=489.99573pt, space=503.99754pt, baseline=13.99988pt
Underfill[B]: [1579] ht=489.99573pt, space=503.99754pt, baseline=13.99988pt
 [1579]
Underfill[A]: [1580] ht=447.9961pt, space=503.99754pt, baseline=13.99988pt
Underfill[B]: [1580] ht=447.9961pt, space=503.99754pt, baseline=13.99988pt
 [1580]
Underfill[A]: [1581] ht=461.99597pt, space=503.99754pt, baseline=13.99988pt
Underfill[B]: [1581] ht=461.99597pt, space=503.99754pt, baseline=13.99988pt
 [1581] [1582]
Underfill[A]: [1583] ht=475.99585pt, space=503.99754pt, baseline=13.99988pt
Underfill[B]: [1583] ht=475.99585pt, space=503.99754pt, baseline=13.99988pt
 [1583]
Underfill[A]: [1584] ht=391.99658pt, space=503.99754pt, baseline=13.99988pt
Underfill[B]: [1584] ht=391.99658pt, space=503.99754pt, baseline=13.99988pt
 [1584]
Underfill[A]: [1585] ht=475.99585pt, space=503.99754pt, baseline=13.99988pt
Underfill[B]: [1585] ht=475.99585pt, space=503.99754pt, baseline=13.99988pt
 [1585] [1586]
Underfill[A]: [1587] ht=475.99585pt, space=503.99754pt, baseline=13.99988pt
Underfill[B]: [1587] ht=475.99585pt, space=503.99754pt, baseline=13.99988pt
 [1587]
Underfill[A]: [1588] ht=419.99634pt, space=503.99754pt, baseline=13.99988pt
Underfill[B]: [1588] ht=419.99634pt, space=503.99754pt, baseline=13.99988pt
 [1588] [1589])
Underfill[A]: [1590] ht=349.99695pt, space=363.99683pt, baseline=13.99988pt
 [1590] ptxfile 42MRKakjv-two-Default.USFM monoglot,
(no adjustment list "../../../shared/ptxprint/Default/AdjLists/42MRKakjv-two-Default.USFM.adj" found)
(no picture list "42MRKakjv-two-Default.USFM.piclist" found)
 (./42MRKakjv-two-Default.USFM First chapter for MRK
Underfill[A]: [1591] ht=391.99658pt, space=433.99815pt, baseline=13.99988pt
Underfill[B]: [1591] ht=391.99658pt, space=433.99815pt, baseline=13.99988pt
 [1591]
Underfill[A]: [1592] ht=419.99634pt, space=503.99754pt, baseline=13.99988pt
Underfill[B]: [1592] ht=419.99634pt, space=503.99754pt, baseline=13.99988pt
 [1592]
Underfill[A]: [1593] ht=391.99658pt, space=503.99754pt, baseline=13.99988pt
Underfill[B]: [1593] ht=391.99658pt, space=503.99754pt, baseline=13.99988pt
 [1593] [1594]
Underfill[A]: [1595] ht=489.99573pt, space=503.99754pt, baseline=13.99988pt
Underfill[B]: [1595] ht=489.99573pt, space=503.99754pt, baseline=13.99988pt
 [1595]
Underfill[A]: [1596] ht=489.99573pt, space=503.99754pt, baseline=13.99988pt
Underfill[B]: [1596] ht=489.99573pt, space=503.99754pt, baseline=13.99988pt
 [1596]
Underfill[A]: [1597] ht=475.99585pt, space=503.99754pt, baseline=13.99988pt
Underfill[B]: [1597] ht=475.99585pt, space=503.99754pt, baseline=13.99988pt
 [1597] [1598]
Underfill[A]: [1599] ht=489.99573pt, space=503.99754pt, baseline=13.99988pt
Underfill[B]: [1599] ht=489.99573pt, space=503.99754pt, baseline=13.99988pt
 [1599]
Underfill[A]: [1600] ht=405.99646pt, space=503.99754pt, baseline=13.99988pt
Underfill[B]: [1600] ht=405.99646pt, space=503.99754pt, baseline=13.99988pt
 [1600] [1601] [1602]
Underfill[A]: [1603] ht=349.99695pt, space=503.99754pt, baseline=13.99988pt
Underfill[B]: [1603] ht=349.99695pt, space=503.99754pt, baseline=13.99988pt
 [1603] [1604]
Underfill[A]: [1605] ht=475.99585pt, space=503.99754pt, baseline=13.99988pt
Underfill[B]: [1605] ht=475.99585pt, space=503.99754pt, baseline=13.99988pt
 [1605]
Underfill[A]: [1606] ht=433.99622pt, space=503.99754pt, baseline=13.99988pt
Underfill[B]: [1606] ht=433.99622pt, space=503.99754pt, baseline=13.99988pt
 [1606]
Underfill[A]: [1607] ht=489.99573pt, space=503.99754pt, baseline=13.99988pt
Underfill[B]: [1607] ht=489.99573pt, space=503.99754pt, baseline=13.99988pt
 [1607]
Underfill[A]: [1608] ht=489.99573pt, space=503.99754pt, baseline=13.99988pt
Underfill[B]: [1608] ht=489.99573pt, space=503.99754pt, baseline=13.99988pt
 [1608] [1609]
Underfill[A]: [1610] ht=419.99634pt, space=503.99754pt, baseline=13.99988pt
Underfill[B]: [1610] ht=419.99634pt, space=503.99754pt, baseline=13.99988pt
 [1610] [1611]
Underfill[A]: [1612] ht=489.99573pt, space=503.99754pt, baseline=13.99988pt
Underfill[B]: [1612] ht=489.99573pt, space=503.99754pt, baseline=13.99988pt
 [1612] [1613]
Underfill[A]: [1614] ht=349.99695pt, space=503.99754pt, baseline=13.99988pt
Underfill[B]: [1614] ht=349.99695pt, space=503.99754pt, baseline=13.99988pt
 [1614]
Underfill[A]: [1615] ht=391.99658pt, space=503.99754pt, baseline=13.99988pt
Underfill[B]: [1615] ht=391.99658pt, space=503.99754pt, baseline=13.99988pt
 [1615]
Underfill[A]: [1616] ht=489.99573pt, space=503.99754pt, baseline=13.99988pt
Underfill[B]: [1616] ht=489.99573pt, space=503.99754pt, baseline=13.99988pt
 [1616]
Underfill[A]: [1617] ht=419.99634pt, space=503.99754pt, baseline=13.99988pt
Underfill[B]: [1617] ht=419.99634pt, space=503.99754pt, baseline=13.99988pt
 [1617]
Underfill[A]: [1618] ht=419.99634pt, space=503.99754pt, baseline=13.99988pt
Underfill[B]: [1618] ht=419.99634pt, space=503.99754pt, baseline=13.99988pt
 [1618] [1619] [1620]
Underfill[A]: [1621] ht=489.99573pt, space=503.99754pt, baseline=13.99988pt
Underfill[B]: [1621] ht=489.99573pt, space=503.99754pt, baseline=13.99988pt
 [1621] [1622]
Underfill[A]: [1623] ht=489.99573pt, space=503.99754pt, baseline=13.99988pt
Underfill[B]: [1623] ht=489.99573pt, space=503.99754pt, baseline=13.99988pt
 [1623]
Underfill[A]: [1624] ht=447.9961pt, space=503.99754pt, baseline=13.99988pt
Underfill[B]: [1624] ht=447.9961pt, space=503.99754pt, baseline=13.99988pt
 [1624] [1625]
Underfill[A]: [1626] ht=489.99573pt, space=503.99754pt, baseline=13.99988pt
Underfill[B]: [1626] ht=489.99573pt, space=503.99754pt, baseline=13.99988pt
 [1626]
Underfill[A]: [1627] ht=489.99573pt, space=503.99754pt, baseline=13.99988pt
Underfill[B]: [1627] ht=489.99573pt, space=503.99754pt, baseline=13.99988pt
 [1627]
Underfill[A]: [1628] ht=489.99573pt, space=503.99754pt, baseline=13.99988pt
Underfill[B]: [1628] ht=489.99573pt, space=503.99754pt, baseline=13.99988pt
 [1628])
Underfill[A]: [1629] ht=391.99658pt, space=405.99646pt, baseline=13.99988pt
 [1629] ptxfile 43LUKakjv-two-Default.USFM monoglot,
(no adjustment list "../../../shared/ptxprint/Default/AdjLists/43LUKakjv-two-Default.USFM.adj" found)
(no picture list "43LUKakjv-two-Default.USFM.piclist" found)
 (./43LUKakjv-two-Default.USFM First chapter for LUK
Underfill[A]: [1630] ht=363.99683pt, space=433.99815pt, baseline=13.99988pt
Underfill[B]: [1630] ht=363.99683pt, space=433.99815pt, baseline=13.99988pt
 [1630] [1631]
Underfill[A]: [1632] ht=461.99597pt, space=503.99754pt, baseline=13.99988pt
Underfill[B]: [1632] ht=461.99597pt, space=503.99754pt, baseline=13.99988pt
 [1632]
Underfill[A]: [1633] ht=419.99634pt, space=503.99754pt, baseline=13.99988pt
Underfill[B]: [1633] ht=419.99634pt, space=503.99754pt, baseline=13.99988pt
 [1633] [1634]
Underfill[A]: [1635] ht=461.99597pt, space=503.99754pt, baseline=13.99988pt
Underfill[B]: [1635] ht=461.99597pt, space=503.99754pt, baseline=13.99988pt
 [1635]
Underfill[A]: [1636] ht=489.99573pt, space=503.99754pt, baseline=13.99988pt
Underfill[B]: [1636] ht=489.99573pt, space=503.99754pt, baseline=13.99988pt
 [1636] [1637]
Underfill[A]: [1638] ht=475.99585pt, space=503.99754pt, baseline=13.99988pt
Underfill[B]: [1638] ht=475.99585pt, space=503.99754pt, baseline=13.99988pt
 [1638] [1639] [1640]
Underfill[A]: [1641] ht=475.99585pt, space=503.99754pt, baseline=13.99988pt
Underfill[B]: [1641] ht=475.99585pt, space=503.99754pt, baseline=13.99988pt
 [1641] [1642] [1643]
Underfill[A]: [1644] ht=475.99585pt, space=503.99754pt, baseline=13.99988pt
Underfill[B]: [1644] ht=475.99585pt, space=503.99754pt, baseline=13.99988pt
 [1644]
Underfill[A]: [1645] ht=405.99646pt, space=503.99754pt, baseline=13.99988pt
Underfill[B]: [1645] ht=405.99646pt, space=503.99754pt, baseline=13.99988pt
 [1645] [1646]
Underfill[A]: [1647] ht=475.99585pt, space=503.99754pt, baseline=13.99988pt
Underfill[B]: [1647] ht=475.99585pt, space=503.99754pt, baseline=13.99988pt
 [1647]
Underfill[A]: [1648] ht=461.99597pt, space=503.99754pt, baseline=13.99988pt
Underfill[B]: [1648] ht=461.99597pt, space=503.99754pt, baseline=13.99988pt
 [1648] [1649] [1650] [1651]
Underfill[A]: [1652] ht=447.9961pt, space=503.99754pt, baseline=13.99988pt
Underfill[B]: [1652] ht=447.9961pt, space=503.99754pt, baseline=13.99988pt
 [1652]
Underfill[A]: [1653] ht=447.9961pt, space=503.99754pt, baseline=13.99988pt
Underfill[B]: [1653] ht=447.9961pt, space=503.99754pt, baseline=13.99988pt
 [1653]
Underfill[A]: [1654] ht=433.99622pt, space=503.99754pt, baseline=13.99988pt
Underfill[B]: [1654] ht=433.99622pt, space=503.99754pt, baseline=13.99988pt
 [1654] [1655] [1656]
Underfill[A]: [1657] ht=461.99597pt, space=503.99754pt, baseline=13.99988pt
Underfill[B]: [1657] ht=461.99597pt, space=503.99754pt, baseline=13.99988pt
 [1657]
Underfill[A]: [1658] ht=489.99573pt, space=503.99754pt, baseline=13.99988pt
Underfill[B]: [1658] ht=489.99573pt, space=503.99754pt, baseline=13.99988pt
 [1658] [1659]
Underfill[A]: [1660] ht=489.99573pt, space=503.99754pt, baseline=13.99988pt
Underfill[B]: [1660] ht=489.99573pt, space=503.99754pt, baseline=13.99988pt
 [1660]
Underfill[A]: [1661] ht=447.9961pt, space=503.99754pt, baseline=13.99988pt
Underfill[B]: [1661] ht=447.9961pt, space=503.99754pt, baseline=13.99988pt
 [1661]
Underfill[A]: [1662] ht=475.99585pt, space=503.99754pt, baseline=13.99988pt
Underfill[B]: [1662] ht=475.99585pt, space=503.99754pt, baseline=13.99988pt
 [1662]
Underfill[A]: [1663] ht=489.99573pt, space=503.99754pt, baseline=13.99988pt
Underfill[B]: [1663] ht=489.99573pt, space=503.99754pt, baseline=13.99988pt
 [1663] [1664] [1665]
Underfill[A]: [1666] ht=475.99585pt, space=503.99754pt, baseline=13.99988pt
Underfill[B]: [1666] ht=475.99585pt, space=503.99754pt, baseline=13.99988pt
 [1666] [1667]
Underfill[A]: [1668] ht=377.9967pt, space=503.99754pt, baseline=13.99988pt
Underfill[B]: [1668] ht=377.9967pt, space=503.99754pt, baseline=13.99988pt
 [1668]
Underfill[A]: [1669] ht=475.99585pt, space=503.99754pt, baseline=13.99988pt
Underfill[B]: [1669] ht=475.99585pt, space=503.99754pt, baseline=13.99988pt
 [1669] [1670]
Underfill[A]: [1671] ht=433.99622pt, space=503.99754pt, baseline=13.99988pt
Underfill[B]: [1671] ht=433.99622pt, space=503.99754pt, baseline=13.99988pt
 [1671]
Underfill[A]: [1672] ht=475.99585pt, space=503.99754pt, baseline=13.99988pt
Underfill[B]: [1672] ht=475.99585pt, space=503.99754pt, baseline=13.99988pt
 [1672]
Underfill[A]: [1673] ht=489.99573pt, space=503.99754pt, baseline=13.99988pt
Underfill[B]: [1673] ht=489.99573pt, space=503.99754pt, baseline=13.99988pt
 [1673]
Underfill[A]: [1674] ht=475.99585pt, space=503.99754pt, baseline=13.99988pt
Underfill[B]: [1674] ht=475.99585pt, space=503.99754pt, baseline=13.99988pt
 [1674]
Underfill[A]: [1675] ht=419.99634pt, space=503.99754pt, baseline=13.99988pt
Underfill[B]: [1675] ht=419.99634pt, space=503.99754pt, baseline=13.99988pt
 [1675]
Underfill[A]: [1676] ht=489.99573pt, space=503.99754pt, baseline=13.99988pt
Underfill[B]: [1676] ht=489.99573pt, space=503.99754pt, baseline=13.99988pt
 [1676]
Underfill[A]: [1677] ht=461.99597pt, space=503.99754pt, baseline=13.99988pt
Underfill[B]: [1677] ht=461.99597pt, space=503.99754pt, baseline=13.99988pt
 [1677]
Underfill[A]: [1678] ht=433.99622pt, space=503.99754pt, baseline=13.99988pt
Underfill[B]: [1678] ht=433.99622pt, space=503.99754pt, baseline=13.99988pt
 [1678]
Underfill[A]: [1679] ht=489.99573pt, space=503.99754pt, baseline=13.99988pt
Underfill[B]: [1679] ht=489.99573pt, space=503.99754pt, baseline=13.99988pt
 [1679]
Underfill[A]: [1680] ht=279.99756pt, space=503.99754pt, baseline=13.99988pt
Underfill[B]: [1680] ht=279.99756pt, space=503.99754pt, baseline=13.99988pt
 [1680]
Underfill[A]: [1681] ht=475.99585pt, space=503.99754pt, baseline=13.99988pt
Underfill[B]: [1681] ht=475.99585pt, space=503.99754pt, baseline=13.99988pt
 [1681]
Underfill[A]: [1682] ht=475.99585pt, space=503.99754pt, baseline=13.99988pt
Underfill[B]: [1682] ht=475.99585pt, space=503.99754pt, baseline=13.99988pt
 [1682]
Underfill[A]: [1683] ht=419.99634pt, space=503.99754pt, baseline=13.99988pt
Underfill[B]: [1683] ht=419.99634pt, space=503.99754pt, baseline=13.99988pt
 [1683]
Underfill[A]: [1684] ht=447.9961pt, space=503.99754pt, baseline=13.99988pt
Underfill[B]: [1684] ht=447.9961pt, space=503.99754pt, baseline=13.99988pt
 [1684]
Underfill[A]: [1685] ht=405.99646pt, space=503.99754pt, baseline=13.99988pt
Underfill[B]: [1685] ht=405.99646pt, space=503.99754pt, baseline=13.99988pt
 [1685]
Underfill[A]: [1686] ht=475.99585pt, space=503.99754pt, baseline=13.99988pt
Underfill[B]: [1686] ht=475.99585pt, space=503.99754pt, baseline=13.99988pt
 [1686]
Underfill[A]: [1687] ht=475.99585pt, space=503.99754pt, baseline=13.99988pt
Underfill[B]: [1687] ht=475.99585pt, space=503.99754pt, baseline=13.99988pt
 [1687]
Underfill[A]: [1688] ht=475.99585pt, space=503.99754pt, baseline=13.99988pt
Underfill[B]: [1688] ht=475.99585pt, space=503.99754pt, baseline=13.99988pt
 [1688]
Underfill[A]: [1689] ht=461.99597pt, space=503.99754pt, baseline=13.99988pt
Underfill[B]: [1689] ht=461.99597pt, space=503.99754pt, baseline=13.99988pt
 [1689]
Underfill[A]: [1690] ht=433.99622pt, space=503.99754pt, baseline=13.99988pt
Underfill[B]: [1690] ht=433.99622pt, space=503.99754pt, baseline=13.99988pt
 [1690] [1691]
Underfill[A]: [1692] ht=489.99573pt, space=503.99754pt, baseline=13.99988pt
Underfill[B]: [1692] ht=489.99573pt, space=503.99754pt, baseline=13.99988pt
 [1692]
Underfill[A]: [1693] ht=279.99756pt, space=503.99754pt, baseline=13.99988pt
Underfill[B]: [1693] ht=279.99756pt, space=503.99754pt, baseline=13.99988pt
 [1693] [1694]
Underfill[A]: [1695] ht=321.9972pt, space=503.99754pt, baseline=13.99988pt
Underfill[B]: [1695] ht=321.9972pt, space=503.99754pt, baseline=13.99988pt
 [1695])
Underfill[B]: [1696] ht=223.99805pt, space=237.99792pt, baseline=13.99988pt
 [1696] ptxfile 44JHNakjv-two-Default.USFM monoglot,
(no adjustment list "../../../shared/ptxprint/Default/AdjLists/44JHNakjv-two-Default.USFM.adj" found)
(no picture list "44JHNakjv-two-Default.USFM.piclist" found)
 (./44JHNakjv-two-Default.USFM First chapter for JHN
Underfill[A]: [1697] ht=419.99634pt, space=433.99815pt, baseline=13.99988pt
Underfill[B]: [1697] ht=419.99634pt, space=433.99815pt, baseline=13.99988pt
 [1697]
Underfill[A]: [1698] ht=489.99573pt, space=503.99754pt, baseline=13.99988pt
Underfill[B]: [1698] ht=489.99573pt, space=503.99754pt, baseline=13.99988pt
 [1698] [1699]
Underfill[A]: [1700] ht=475.99585pt, space=503.99754pt, baseline=13.99988pt
Underfill[B]: [1700] ht=475.99585pt, space=503.99754pt, baseline=13.99988pt
 [1700]
Underfill[A]: [1701] ht=405.99646pt, space=503.99754pt, baseline=13.99988pt
Underfill[B]: [1701] ht=405.99646pt, space=503.99754pt, baseline=13.99988pt
 [1701]
Underfill[A]: [1702] ht=349.99695pt, space=503.99754pt, baseline=13.99988pt
Underfill[B]: [1702] ht=349.99695pt, space=503.99754pt, baseline=13.99988pt
 [1702]
Underfill[A]: [1703] ht=475.99585pt, space=503.99754pt, baseline=13.99988pt
Underfill[B]: [1703] ht=475.99585pt, space=503.99754pt, baseline=13.99988pt
 [1703]
Underfill[A]: [1704] ht=489.99573pt, space=503.99754pt, baseline=13.99988pt
Underfill[B]: [1704] ht=489.99573pt, space=503.99754pt, baseline=13.99988pt
 [1704]
Underfill[A]: [1705] ht=475.99585pt, space=503.99754pt, baseline=13.99988pt
Underfill[B]: [1705] ht=475.99585pt, space=503.99754pt, baseline=13.99988pt
 [1705]
Underfill[A]: [1706] ht=433.99622pt, space=503.99754pt, baseline=13.99988pt
Underfill[B]: [1706] ht=433.99622pt, space=503.99754pt, baseline=13.99988pt
 [1706]
Underfill[A]: [1707] ht=335.99707pt, space=503.99754pt, baseline=13.99988pt
Underfill[B]: [1707] ht=335.99707pt, space=503.99754pt, baseline=13.99988pt
 [1707] [1708] [1709]
Underfill[A]: [1710] ht=447.9961pt, space=503.99754pt, baseline=13.99988pt
Underfill[B]: [1710] ht=447.9961pt, space=503.99754pt, baseline=13.99988pt
 [1710]
Underfill[A]: [1711] ht=419.99634pt, space=503.99754pt, baseline=13.99988pt
Underfill[B]: [1711] ht=419.99634pt, space=503.99754pt, baseline=13.99988pt
 [1711]
Underfill[A]: [1712] ht=419.99634pt, space=503.99754pt, baseline=13.99988pt
Underfill[B]: [1712] ht=419.99634pt, space=503.99754pt, baseline=13.99988pt
 [1712]
Underfill[A]: [1713] ht=419.99634pt, space=503.99754pt, baseline=13.99988pt
Underfill[B]: [1713] ht=419.99634pt, space=503.99754pt, baseline=13.99988pt
 [1713]
Underfill[A]: [1714] ht=489.99573pt, space=503.99754pt, baseline=13.99988pt
Underfill[B]: [1714] ht=489.99573pt, space=503.99754pt, baseline=13.99988pt
 [1714]
Underfill[A]: [1715] ht=391.99658pt, space=503.99754pt, baseline=13.99988pt
Underfill[B]: [1715] ht=391.99658pt, space=503.99754pt, baseline=13.99988pt
 [1715]
Underfill[A]: [1716] ht=475.99585pt, space=503.99754pt, baseline=13.99988pt
Underfill[B]: [1716] ht=475.99585pt, space=503.99754pt, baseline=13.99988pt
 [1716]
Underfill[A]: [1717] ht=489.99573pt, space=503.99754pt, baseline=13.99988pt
Underfill[B]: [1717] ht=489.99573pt, space=503.99754pt, baseline=13.99988pt
 [1717] [1718]
Underfill[A]: [1719] ht=363.99683pt, space=503.99754pt, baseline=13.99988pt
Underfill[B]: [1719] ht=363.99683pt, space=503.99754pt, baseline=13.99988pt
 [1719]
Underfill[A]: [1720] ht=363.99683pt, space=503.99754pt, baseline=13.99988pt
Underfill[B]: [1720] ht=363.99683pt, space=503.99754pt, baseline=13.99988pt
 [1720]
Underfill[A]: [1721] ht=461.99597pt, space=503.99754pt, baseline=13.99988pt
Underfill[B]: [1721] ht=461.99597pt, space=503.99754pt, baseline=13.99988pt
 [1721]
Underfill[A]: [1722] ht=461.99597pt, space=503.99754pt, baseline=13.99988pt
Underfill[B]: [1722] ht=461.99597pt, space=503.99754pt, baseline=13.99988pt
 [1722]
Underfill[A]: [1723] ht=405.99646pt, space=503.99754pt, baseline=13.99988pt
Underfill[B]: [1723] ht=405.99646pt, space=503.99754pt, baseline=13.99988pt
 [1723] [1724]
Underfill[A]: [1725] ht=489.99573pt, space=503.99754pt, baseline=13.99988pt
Underfill[B]: [1725] ht=489.99573pt, space=503.99754pt, baseline=13.99988pt
 [1725]
Underfill[A]: [1726] ht=475.99585pt, space=503.99754pt, baseline=13.99988pt
Underfill[B]: [1726] ht=475.99585pt, space=503.99754pt, baseline=13.99988pt
 [1726]
Underfill[A]: [1727] ht=461.99597pt, space=503.99754pt, baseline=13.99988pt
Underfill[B]: [1727] ht=461.99597pt, space=503.99754pt, baseline=13.99988pt
 [1727]
Underfill[A]: [1728] ht=489.99573pt, space=503.99754pt, baseline=13.99988pt
Underfill[B]: [1728] ht=489.99573pt, space=503.99754pt, baseline=13.99988pt
 [1728]
Underfill[A]: [1729] ht=475.99585pt, space=503.99754pt, baseline=13.99988pt
Underfill[B]: [1729] ht=475.99585pt, space=503.99754pt, baseline=13.99988pt
 [1729]
Underfill[A]: [1730] ht=461.99597pt, space=503.99754pt, baseline=13.99988pt
Underfill[B]: [1730] ht=461.99597pt, space=503.99754pt, baseline=13.99988pt
 [1730] [1731]
Underfill[A]: [1732] ht=489.99573pt, space=503.99754pt, baseline=13.99988pt
Underfill[B]: [1732] ht=489.99573pt, space=503.99754pt, baseline=13.99988pt
 [1732]
Underfill[A]: [1733] ht=419.99634pt, space=503.99754pt, baseline=13.99988pt
Underfill[B]: [1733] ht=419.99634pt, space=503.99754pt, baseline=13.99988pt
 [1733] [1734]
Underfill[A]: [1735] ht=489.99573pt, space=503.99754pt, baseline=13.99988pt
Underfill[B]: [1735] ht=489.99573pt, space=503.99754pt, baseline=13.99988pt
 [1735]
Underfill[A]: [1736] ht=489.99573pt, space=503.99754pt, baseline=13.99988pt
Underfill[B]: [1736] ht=489.99573pt, space=503.99754pt, baseline=13.99988pt
 [1736]
Underfill[A]: [1737] ht=489.99573pt, space=503.99754pt, baseline=13.99988pt
Underfill[B]: [1737] ht=489.99573pt, space=503.99754pt, baseline=13.99988pt
 [1737] [1738] [1739]
Underfill[A]: [1740] ht=321.9972pt, space=503.99754pt, baseline=13.99988pt
Underfill[B]: [1740] ht=321.9972pt, space=503.99754pt, baseline=13.99988pt
 [1740]
Underfill[A]: [1741] ht=489.99573pt, space=503.99754pt, baseline=13.99988pt
Underfill[B]: [1741] ht=489.99573pt, space=503.99754pt, baseline=13.99988pt
 [1741]
Underfill[A]: [1742] ht=475.99585pt, space=503.99754pt, baseline=13.99988pt
Underfill[B]: [1742] ht=475.99585pt, space=503.99754pt, baseline=13.99988pt
 [1742] [1743] [1744])
Underfill[B]: [1745] ht=265.99768pt, space=279.99756pt, baseline=13.99988pt
 [1745] ptxfile 45ACTakjv-two-Default.USFM monoglot,
(no adjustment list "../../../shared/ptxprint/Default/AdjLists/45ACTakjv-two-Default.USFM.adj" found)
(no picture list "45ACTakjv-two-Default.USFM.piclist" found)
 (./45ACTakjv-two-Default.USFM First chapter for ACT [1746]
Underfill[A]: [1747] ht=489.99573pt, space=503.99754pt, baseline=13.99988pt
Underfill[B]: [1747] ht=489.99573pt, space=503.99754pt, baseline=13.99988pt
 [1747] [1748]
Underfill[A]: [1749] ht=419.99634pt, space=503.99754pt, baseline=13.99988pt
Underfill[B]: [1749] ht=419.99634pt, space=503.99754pt, baseline=13.99988pt
 [1749]
Underfill[A]: [1750] ht=489.99573pt, space=503.99754pt, baseline=13.99988pt
Underfill[B]: [1750] ht=489.99573pt, space=503.99754pt, baseline=13.99988pt
 [1750]
Underfill[A]: [1751] ht=489.99573pt, space=503.99754pt, baseline=13.99988pt
Underfill[B]: [1751] ht=489.99573pt, space=503.99754pt, baseline=13.99988pt
 [1751]
Underfill[A]: [1752] ht=391.99658pt, space=503.99754pt, baseline=13.99988pt
Underfill[B]: [1752] ht=391.99658pt, space=503.99754pt, baseline=13.99988pt
 [1752]
Underfill[A]: [1753] ht=489.99573pt, space=503.99754pt, baseline=13.99988pt
Underfill[B]: [1753] ht=489.99573pt, space=503.99754pt, baseline=13.99988pt
 [1753] [1754]
Underfill[A]: [1755] ht=461.99597pt, space=503.99754pt, baseline=13.99988pt
Underfill[B]: [1755] ht=461.99597pt, space=503.99754pt, baseline=13.99988pt
 [1755] [1756] [1757] [1758]
Underfill[A]: [1759] ht=433.99622pt, space=503.99754pt, baseline=13.99988pt
Underfill[B]: [1759] ht=433.99622pt, space=503.99754pt, baseline=13.99988pt
 [1759]
Underfill[A]: [1760] ht=489.99573pt, space=503.99754pt, baseline=13.99988pt
Underfill[B]: [1760] ht=489.99573pt, space=503.99754pt, baseline=13.99988pt
 [1760] [1761] [1762] [1763]
Underfill[A]: [1764] ht=489.99573pt, space=503.99754pt, baseline=13.99988pt
Underfill[B]: [1764] ht=489.99573pt, space=503.99754pt, baseline=13.99988pt
 [1764] [1765] [1766]
Underfill[A]: [1767] ht=461.99597pt, space=503.99754pt, baseline=13.99988pt
Underfill[B]: [1767] ht=461.99597pt, space=503.99754pt, baseline=13.99988pt
 [1767]
Underfill[A]: [1768] ht=489.99573pt, space=503.99754pt, baseline=13.99988pt
Underfill[B]: [1768] ht=489.99573pt, space=503.99754pt, baseline=13.99988pt
 [1768]
Underfill[A]: [1769] ht=489.99573pt, space=503.99754pt, baseline=13.99988pt
Underfill[B]: [1769] ht=489.99573pt, space=503.99754pt, baseline=13.99988pt
 [1769] [1770]
Underfill[A]: [1771] ht=433.99622pt, space=503.99754pt, baseline=13.99988pt
Underfill[B]: [1771] ht=433.99622pt, space=503.99754pt, baseline=13.99988pt
 [1771] [1772]
Underfill[A]: [1773] ht=489.99573pt, space=503.99754pt, baseline=13.99988pt
Underfill[B]: [1773] ht=489.99573pt, space=503.99754pt, baseline=13.99988pt
 [1773] [1774]
Underfill[A]: [1775] ht=475.99585pt, space=503.99754pt, baseline=13.99988pt
Underfill[B]: [1775] ht=475.99585pt, space=503.99754pt, baseline=13.99988pt
 [1775] [1776]
Underfill[A]: [1777] ht=489.99573pt, space=503.99754pt, baseline=13.99988pt
Underfill[B]: [1777] ht=489.99573pt, space=503.99754pt, baseline=13.99988pt
 [1777]
Underfill[A]: [1778] ht=489.99573pt, space=503.99754pt, baseline=13.99988pt
Underfill[B]: [1778] ht=489.99573pt, space=503.99754pt, baseline=13.99988pt
 [1778] [1779] [1780] [1781]
Underfill[A]: [1782] ht=447.9961pt, space=503.99754pt, baseline=13.99988pt
Underfill[B]: [1782] ht=447.9961pt, space=503.99754pt, baseline=13.99988pt
 [1782] [1783]
Underfill[A]: [1784] ht=433.99622pt, space=503.99754pt, baseline=13.99988pt
Underfill[B]: [1784] ht=433.99622pt, space=503.99754pt, baseline=13.99988pt
 [1784]
Underfill[A]: [1785] ht=489.99573pt, space=503.99754pt, baseline=13.99988pt
Underfill[B]: [1785] ht=489.99573pt, space=503.99754pt, baseline=13.99988pt
 [1785]
Underfill[A]: [1786] ht=461.99597pt, space=503.99754pt, baseline=13.99988pt
Underfill[B]: [1786] ht=461.99597pt, space=503.99754pt, baseline=13.99988pt
 [1786]
Underfill[A]: [1787] ht=461.99597pt, space=503.99754pt, baseline=13.99988pt
Underfill[B]: [1787] ht=461.99597pt, space=503.99754pt, baseline=13.99988pt
 [1787] [1788]
Underfill[A]: [1789] ht=433.99622pt, space=503.99754pt, baseline=13.99988pt
Underfill[B]: [1789] ht=433.99622pt, space=503.99754pt, baseline=13.99988pt
 [1789] [1790] [1791]
Underfill[A]: [1792] ht=489.99573pt, space=503.99754pt, baseline=13.99988pt
Underfill[B]: [1792] ht=489.99573pt, space=503.99754pt, baseline=13.99988pt
 [1792]
Underfill[A]: [1793] ht=377.9967pt, space=503.99754pt, baseline=13.99988pt
Underfill[B]: [1793] ht=377.9967pt, space=503.99754pt, baseline=13.99988pt
 [1793]
Underfill[A]: [1794] ht=433.99622pt, space=503.99754pt, baseline=13.99988pt
Underfill[B]: [1794] ht=433.99622pt, space=503.99754pt, baseline=13.99988pt
 [1794]
Underfill[A]: [1795] ht=489.99573pt, space=503.99754pt, baseline=13.99988pt
Underfill[B]: [1795] ht=489.99573pt, space=503.99754pt, baseline=13.99988pt
 [1795]
Underfill[A]: [1796] ht=461.99597pt, space=503.99754pt, baseline=13.99988pt
Underfill[B]: [1796] ht=461.99597pt, space=503.99754pt, baseline=13.99988pt
 [1796]
Underfill[A]: [1797] ht=405.99646pt, space=503.99754pt, baseline=13.99988pt
Underfill[B]: [1797] ht=405.99646pt, space=503.99754pt, baseline=13.99988pt
 [1797] [1798]
Underfill[A]: [1799] ht=461.99597pt, space=503.99754pt, baseline=13.99988pt
Underfill[B]: [1799] ht=461.99597pt, space=503.99754pt, baseline=13.99988pt
 [1799] [1800]
Underfill[A]: [1801] ht=461.99597pt, space=503.99754pt, baseline=13.99988pt
Underfill[B]: [1801] ht=461.99597pt, space=503.99754pt, baseline=13.99988pt
 [1801] [1802]
Underfill[A]: [1803] ht=419.99634pt, space=503.99754pt, baseline=13.99988pt
Underfill[B]: [1803] ht=419.99634pt, space=503.99754pt, baseline=13.99988pt
 [1803]
Underfill[A]: [1804] ht=391.99658pt, space=503.99754pt, baseline=13.99988pt
Underfill[B]: [1804] ht=391.99658pt, space=503.99754pt, baseline=13.99988pt
 [1804]
Underfill[A]: [1805] ht=461.99597pt, space=503.99754pt, baseline=13.99988pt
Underfill[B]: [1805] ht=461.99597pt, space=503.99754pt, baseline=13.99988pt
 [1805] [1806])
Underfill[A]: [1807] ht=447.9961pt, space=503.99754pt, baseline=13.99988pt
Underfill[B]: [1807] ht=447.9961pt, space=503.99754pt, baseline=13.99988pt
 [1807]
Underfill[A]: [1808] ht=83.99927pt, space=111.99902pt, baseline=13.99988pt
 [1808] ptxfile 46ROMakjv-two-Default.USFM monoglot,
(no adjustment list "../../../shared/ptxprint/Default/AdjLists/46ROMakjv-two-Default.USFM.adj" found)
(no picture list "46ROMakjv-two-Default.USFM.piclist" found)
 (./46ROMakjv-two-Default.USFM First chapter for ROM
Underfill[A]: [1809] ht=307.99731pt, space=433.99815pt, baseline=13.99988pt
Underfill[B]: [1809] ht=307.99731pt, space=433.99815pt, baseline=13.99988pt
 [1809]
Underfill[A]: [1810] ht=489.99573pt, space=503.99754pt, baseline=13.99988pt
Underfill[B]: [1810] ht=489.99573pt, space=503.99754pt, baseline=13.99988pt
 [1810] [1811]
Underfill[A]: [1812] ht=489.99573pt, space=503.99754pt, baseline=13.99988pt
Underfill[B]: [1812] ht=489.99573pt, space=503.99754pt, baseline=13.99988pt
 [1812]
Underfill[A]: [1813] ht=475.99585pt, space=503.99754pt, baseline=13.99988pt
Underfill[B]: [1813] ht=475.99585pt, space=503.99754pt, baseline=13.99988pt
 [1813]
Underfill[A]: [1814] ht=489.99573pt, space=503.99754pt, baseline=13.99988pt
Underfill[B]: [1814] ht=489.99573pt, space=503.99754pt, baseline=13.99988pt
 [1814] [1815]
Underfill[A]: [1816] ht=489.99573pt, space=503.99754pt, baseline=13.99988pt
Underfill[B]: [1816] ht=489.99573pt, space=503.99754pt, baseline=13.99988pt
 [1816]
Underfill[A]: [1817] ht=475.99585pt, space=503.99754pt, baseline=13.99988pt
Underfill[B]: [1817] ht=475.99585pt, space=503.99754pt, baseline=13.99988pt
 [1817] [1818]
Underfill[A]: [1819] ht=475.99585pt, space=503.99754pt, baseline=13.99988pt
Underfill[B]: [1819] ht=475.99585pt, space=503.99754pt, baseline=13.99988pt
 [1819]
Underfill[A]: [1820] ht=447.9961pt, space=503.99754pt, baseline=13.99988pt
Underfill[B]: [1820] ht=447.9961pt, space=503.99754pt, baseline=13.99988pt
 [1820]
Underfill[A]: [1821] ht=475.99585pt, space=503.99754pt, baseline=13.99988pt
Underfill[B]: [1821] ht=475.99585pt, space=503.99754pt, baseline=13.99988pt
 [1821] [1822]
Underfill[A]: [1823] ht=461.99597pt, space=503.99754pt, baseline=13.99988pt
Underfill[B]: [1823] ht=461.99597pt, space=503.99754pt, baseline=13.99988pt
 [1823]
Underfill[A]: [1824] ht=475.99585pt, space=503.99754pt, baseline=13.99988pt
Underfill[B]: [1824] ht=475.99585pt, space=503.99754pt, baseline=13.99988pt
 [1824]
Underfill[A]: [1825] ht=475.99585pt, space=503.99754pt, baseline=13.99988pt
Underfill[B]: [1825] ht=475.99585pt, space=503.99754pt, baseline=13.99988pt
 [1825]
Underfill[A]: [1826] ht=419.99634pt, space=503.99754pt, baseline=13.99988pt
Underfill[B]: [1826] ht=419.99634pt, space=503.99754pt, baseline=13.99988pt
 [1826]
Underfill[A]: [1827] ht=489.99573pt, space=503.99754pt, baseline=13.99988pt
Underfill[B]: [1827] ht=489.99573pt, space=503.99754pt, baseline=13.99988pt
 [1827] [1828]
Underfill[A]: [1829] ht=293.99744pt, space=503.99754pt, baseline=13.99988pt
Underfill[B]: [1829] ht=293.99744pt, space=503.99754pt, baseline=13.99988pt
 [1829]
Underfill[A]: [1830] ht=475.99585pt, space=503.99754pt, baseline=13.99988pt
Underfill[B]: [1830] ht=475.99585pt, space=503.99754pt, baseline=13.99988pt
 [1830] [1831]
Underfill[A]: [1832] ht=461.99597pt, space=503.99754pt, baseline=13.99988pt
Underfill[B]: [1832] ht=461.99597pt, space=503.99754pt, baseline=13.99988pt
 [1832])
Underfill[B]: [1833] ht=251.9978pt, space=265.99768pt, baseline=13.99988pt
 [1833] ptxfile 471COakjv-two-Default.USFM monoglot,
(no adjustment list "../../../shared/ptxprint/Default/AdjLists/471COakjv-two-Default.USFM.adj" found)
(no picture list "471COakjv-two-Default.USFM.piclist" found)
 (./471COakjv-two-Default.USFM First chapter for 1CO [1834]
Underfill[A]: [1835] ht=489.99573pt, space=503.99754pt, baseline=13.99988pt
Underfill[B]: [1835] ht=489.99573pt, space=503.99754pt, baseline=13.99988pt
 [1835]
Underfill[A]: [1836] ht=405.99646pt, space=503.99754pt, baseline=13.99988pt
Underfill[B]: [1836] ht=405.99646pt, space=503.99754pt, baseline=13.99988pt
 [1836]
Underfill[A]: [1837] ht=489.99573pt, space=503.99754pt, baseline=13.99988pt
Underfill[B]: [1837] ht=489.99573pt, space=503.99754pt, baseline=13.99988pt
 [1837]
Underfill[A]: [1838] ht=489.99573pt, space=503.99754pt, baseline=13.99988pt
Underfill[B]: [1838] ht=489.99573pt, space=503.99754pt, baseline=13.99988pt
 [1838]
Underfill[A]: [1839] ht=461.99597pt, space=503.99754pt, baseline=13.99988pt
Underfill[B]: [1839] ht=461.99597pt, space=503.99754pt, baseline=13.99988pt
 [1839]
Underfill[A]: [1840] ht=461.99597pt, space=503.99754pt, baseline=13.99988pt
Underfill[B]: [1840] ht=461.99597pt, space=503.99754pt, baseline=13.99988pt
 [1840]
Underfill[A]: [1841] ht=391.99658pt, space=503.99754pt, baseline=13.99988pt
Underfill[B]: [1841] ht=391.99658pt, space=503.99754pt, baseline=13.99988pt
 [1841]
Underfill[A]: [1842] ht=489.99573pt, space=503.99754pt, baseline=13.99988pt
Underfill[B]: [1842] ht=489.99573pt, space=503.99754pt, baseline=13.99988pt
 [1842] [1843] [1844] [1845]
Underfill[A]: [1846] ht=489.99573pt, space=503.99754pt, baseline=13.99988pt
Underfill[B]: [1846] ht=489.99573pt, space=503.99754pt, baseline=13.99988pt
 [1846]
Underfill[A]: [1847] ht=447.9961pt, space=503.99754pt, baseline=13.99988pt
Underfill[B]: [1847] ht=447.9961pt, space=503.99754pt, baseline=13.99988pt
 [1847]
Underfill[A]: [1848] ht=377.9967pt, space=503.99754pt, baseline=13.99988pt
Underfill[B]: [1848] ht=377.9967pt, space=503.99754pt, baseline=13.99988pt
 [1848]
Underfill[A]: [1849] ht=461.99597pt, space=503.99754pt, baseline=13.99988pt
Underfill[B]: [1849] ht=461.99597pt, space=503.99754pt, baseline=13.99988pt
 [1849]
Underfill[A]: [1850] ht=405.99646pt, space=503.99754pt, baseline=13.99988pt
Underfill[B]: [1850] ht=405.99646pt, space=503.99754pt, baseline=13.99988pt
 [1850]
Underfill[A]: [1851] ht=475.99585pt, space=503.99754pt, baseline=13.99988pt
Underfill[B]: [1851] ht=475.99585pt, space=503.99754pt, baseline=13.99988pt
 [1851]
Underfill[A]: [1852] ht=447.9961pt, space=503.99754pt, baseline=13.99988pt
Underfill[B]: [1852] ht=447.9961pt, space=503.99754pt, baseline=13.99988pt
 [1852]
Underfill[A]: [1853] ht=433.99622pt, space=503.99754pt, baseline=13.99988pt
Underfill[B]: [1853] ht=433.99622pt, space=503.99754pt, baseline=13.99988pt
 [1853]
Underfill[A]: [1854] ht=419.99634pt, space=503.99754pt, baseline=13.99988pt
Underfill[B]: [1854] ht=419.99634pt, space=503.99754pt, baseline=13.99988pt
 [1854] [1855]
Underfill[A]: [1856] ht=433.99622pt, space=503.99754pt, baseline=13.99988pt
Underfill[B]: [1856] ht=433.99622pt, space=503.99754pt, baseline=13.99988pt
 [1856] [1857])
Underfill[B]: [1858] ht=125.9989pt, space=153.99866pt, baseline=13.99988pt
 [1858] ptxfile 482COakjv-two-Default.USFM monoglot,
(no adjustment list "../../../shared/ptxprint/Default/AdjLists/482COakjv-two-Default.USFM.adj" found)
(no picture list "482COakjv-two-Default.USFM.piclist" found)
 (./482COakjv-two-Default.USFM First chapter for 2CO
Underfill[A]: [1859] ht=363.99683pt, space=433.99815pt, baseline=13.99988pt
Underfill[B]: [1859] ht=363.99683pt, space=433.99815pt, baseline=13.99988pt
 [1859]
Underfill[A]: [1860] ht=475.99585pt, space=503.99754pt, baseline=13.99988pt
Underfill[B]: [1860] ht=475.99585pt, space=503.99754pt, baseline=13.99988pt
 [1860]
Underfill[A]: [1861] ht=489.99573pt, space=503.99754pt, baseline=13.99988pt
Underfill[B]: [1861] ht=489.99573pt, space=503.99754pt, baseline=13.99988pt
 [1861]
Underfill[A]: [1862] ht=489.99573pt, space=503.99754pt, baseline=13.99988pt
Underfill[B]: [1862] ht=489.99573pt, space=503.99754pt, baseline=13.99988pt
 [1862]
Underfill[A]: [1863] ht=489.99573pt, space=503.99754pt, baseline=13.99988pt
Underfill[B]: [1863] ht=489.99573pt, space=503.99754pt, baseline=13.99988pt
 [1863]
Underfill[A]: [1864] ht=489.99573pt, space=503.99754pt, baseline=13.99988pt
Underfill[B]: [1864] ht=489.99573pt, space=503.99754pt, baseline=13.99988pt
 [1864] [1865]
Underfill[A]: [1866] ht=419.99634pt, space=503.99754pt, baseline=13.99988pt
Underfill[B]: [1866] ht=419.99634pt, space=503.99754pt, baseline=13.99988pt
 [1866]
Underfill[A]: [1867] ht=489.99573pt, space=503.99754pt, baseline=13.99988pt
Underfill[B]: [1867] ht=489.99573pt, space=503.99754pt, baseline=13.99988pt
 [1867]
Underfill[A]: [1868] ht=433.99622pt, space=503.99754pt, baseline=13.99988pt
Underfill[B]: [1868] ht=433.99622pt, space=503.99754pt, baseline=13.99988pt
 [1868]
Underfill[A]: [1869] ht=475.99585pt, space=503.99754pt, baseline=13.99988pt
Underfill[B]: [1869] ht=475.99585pt, space=503.99754pt, baseline=13.99988pt
 [1869]
Underfill[A]: [1870] ht=489.99573pt, space=503.99754pt, baseline=13.99988pt
Underfill[B]: [1870] ht=489.99573pt, space=503.99754pt, baseline=13.99988pt
 [1870] [1871]
Underfill[A]: [1872] ht=419.99634pt, space=503.99754pt, baseline=13.99988pt
Underfill[B]: [1872] ht=419.99634pt, space=503.99754pt, baseline=13.99988pt
 [1872]
Underfill[A]: [1873] ht=489.99573pt, space=503.99754pt, baseline=13.99988pt
Underfill[B]: [1873] ht=489.99573pt, space=503.99754pt, baseline=13.99988pt
 [1873])
Underfill[B]: [1874] ht=223.99805pt, space=237.99792pt, baseline=13.99988pt
 [1874] ptxfile 49GALakjv-two-Default.USFM monoglot,
(no adjustment list "../../../shared/ptxprint/Default/AdjLists/49GALakjv-two-Default.USFM.adj" found)
(no picture list "49GALakjv-two-Default.USFM.piclist" found)
 (./49GALakjv-two-Default.USFM First chapter for GAL
Underfill[A]: [1875] ht=335.99707pt, space=433.99815pt, baseline=13.99988pt
Underfill[B]: [1875] ht=335.99707pt, space=433.99815pt, baseline=13.99988pt
 [1875]
Underfill[A]: [1876] ht=475.99585pt, space=503.99754pt, baseline=13.99988pt
Underfill[B]: [1876] ht=475.99585pt, space=503.99754pt, baseline=13.99988pt
 [1876]
Underfill[A]: [1877] ht=447.9961pt, space=503.99754pt, baseline=13.99988pt
Underfill[B]: [1877] ht=447.9961pt, space=503.99754pt, baseline=13.99988pt
 [1877] [1878]
Underfill[A]: [1879] ht=391.99658pt, space=503.99754pt, baseline=13.99988pt
Underfill[B]: [1879] ht=391.99658pt, space=503.99754pt, baseline=13.99988pt
 [1879]
Underfill[A]: [1880] ht=405.99646pt, space=503.99754pt, baseline=13.99988pt
Underfill[B]: [1880] ht=405.99646pt, space=503.99754pt, baseline=13.99988pt
 [1880] [1881]
Underfill[A]: [1882] ht=447.9961pt, space=503.99754pt, baseline=13.99988pt
Underfill[B]: [1882] ht=447.9961pt, space=503.99754pt, baseline=13.99988pt
 [1882])
Underfill[B]: [1883] ht=167.99854pt, space=181.99841pt, baseline=13.99988pt
 [1883] ptxfile 50EPHakjv-two-Default.USFM monoglot,
(no adjustment list "../../../shared/ptxprint/Default/AdjLists/50EPHakjv-two-Default.USFM.adj" found)
(no picture list "50EPHakjv-two-Default.USFM.piclist" found)
 (./50EPHakjv-two-Default.USFM First chapter for EPH
Underfill[A]: [1884] ht=419.99634pt, space=433.99815pt, baseline=13.99988pt
Underfill[B]: [1884] ht=419.99634pt, space=433.99815pt, baseline=13.99988pt
 [1884] [1885]
Underfill[A]: [1886] ht=489.99573pt, space=503.99754pt, baseline=13.99988pt
Underfill[B]: [1886] ht=489.99573pt, space=503.99754pt, baseline=13.99988pt
 [1886]
Underfill[A]: [1887] ht=461.99597pt, space=503.99754pt, baseline=13.99988pt
Underfill[B]: [1887] ht=461.99597pt, space=503.99754pt, baseline=13.99988pt
 [1887]
Underfill[A]: [1888] ht=461.99597pt, space=503.99754pt, baseline=13.99988pt
Underfill[B]: [1888] ht=461.99597pt, space=503.99754pt, baseline=13.99988pt
 [1888] [1889]
Underfill[A]: [1890] ht=489.99573pt, space=503.99754pt, baseline=13.99988pt
Underfill[B]: [1890] ht=489.99573pt, space=503.99754pt, baseline=13.99988pt
 [1890])
Underfill[A]: [1891] ht=405.99646pt, space=419.99634pt, baseline=13.99988pt
 [1891] ptxfile 51PHPakjv-two-Default.USFM monoglot,
(no adjustment list "../../../shared/ptxprint/Default/AdjLists/51PHPakjv-two-Default.USFM.adj" found)
(no picture list "51PHPakjv-two-Default.USFM.piclist" found)
 (./51PHPakjv-two-Default.USFM First chapter for PHP
Underfill[A]: [1892] ht=405.99646pt, space=433.99815pt, baseline=13.99988pt
Underfill[B]: [1892] ht=405.99646pt, space=433.99815pt, baseline=13.99988pt
 [1892]
Underfill[A]: [1893] ht=461.99597pt, space=503.99754pt, baseline=13.99988pt
Underfill[B]: [1893] ht=461.99597pt, space=503.99754pt, baseline=13.99988pt
 [1893] [1894]
Underfill[A]: [1895] ht=447.9961pt, space=503.99754pt, baseline=13.99988pt
Underfill[B]: [1895] ht=447.9961pt, space=503.99754pt, baseline=13.99988pt
 [1895]
Underfill[A]: [1896] ht=419.99634pt, space=503.99754pt, baseline=13.99988pt
Underfill[B]: [1896] ht=419.99634pt, space=503.99754pt, baseline=13.99988pt
 [1896]) [1897] ptxfile 52COLakjv-two-Default.USFM monoglot,
(no adjustment list "../../../shared/ptxprint/Default/AdjLists/52COLakjv-two-Default.USFM.adj" found)
(no picture list "52COLakjv-two-Default.USFM.piclist" found)
 (./52COLakjv-two-Default.USFM First chapter for COL
Underfill[A]: [1898] ht=307.99731pt, space=433.99815pt, baseline=13.99988pt
Underfill[B]: [1898] ht=307.99731pt, space=433.99815pt, baseline=13.99988pt
 [1898]
Underfill[A]: [1899] ht=461.99597pt, space=503.99754pt, baseline=13.99988pt
Underfill[B]: [1899] ht=461.99597pt, space=503.99754pt, baseline=13.99988pt
 [1899]
Underfill[A]: [1900] ht=419.99634pt, space=503.99754pt, baseline=13.99988pt
Underfill[B]: [1900] ht=419.99634pt, space=503.99754pt, baseline=13.99988pt
 [1900]
Underfill[A]: [1901] ht=461.99597pt, space=503.99754pt, baseline=13.99988pt
Underfill[B]: [1901] ht=461.99597pt, space=503.99754pt, baseline=13.99988pt
 [1901]
Underfill[A]: [1902] ht=279.99756pt, space=503.99754pt, baseline=13.99988pt
Underfill[B]: [1902] ht=279.99756pt, space=503.99754pt, baseline=13.99988pt
 [1902])
Underfill[A]: [1903] ht=489.99573pt, space=503.99754pt, baseline=13.99988pt
Underfill[B]: [1903] ht=489.99573pt, space=503.99754pt, baseline=13.99988pt
 [1903]
Underfill[B]: [1904] ht=41.99963pt, space=55.99951pt, baseline=13.99988pt
 [1904] ptxfile 531THakjv-two-Default.USFM monoglot,
(no adjustment list "../../../shared/ptxprint/Default/AdjLists/531THakjv-two-Default.USFM.adj" found)
(no picture list "531THakjv-two-Default.USFM.piclist" found)
 (./531THakjv-two-Default.USFM First chapter for 1TH
Underfill[A]: [1905] ht=377.9967pt, space=433.99815pt, baseline=13.99988pt
Underfill[B]: [1905] ht=377.9967pt, space=433.99815pt, baseline=13.99988pt
 [1905]
Underfill[A]: [1906] ht=461.99597pt, space=503.99754pt, baseline=13.99988pt
Underfill[B]: [1906] ht=461.99597pt, space=503.99754pt, baseline=13.99988pt
 [1906]
Underfill[A]: [1907] ht=461.99597pt, space=503.99754pt, baseline=13.99988pt
Underfill[B]: [1907] ht=461.99597pt, space=503.99754pt, baseline=13.99988pt
 [1907]
Underfill[A]: [1908] ht=489.99573pt, space=503.99754pt, baseline=13.99988pt
Underfill[B]: [1908] ht=489.99573pt, space=503.99754pt, baseline=13.99988pt
 [1908])
Underfill[B]: [1909] ht=461.99597pt, space=503.9956pt, baseline=13.99988pt
 [1909] ptxfile 542THakjv-two-Default.USFM monoglot,
(no adjustment list "../../../shared/ptxprint/Default/AdjLists/542THakjv-two-Default.USFM.adj" found)
(no picture list "542THakjv-two-Default.USFM.piclist" found)
 (./542THakjv-two-Default.USFM First chapter for 2TH [1910]
Underfill[A]: [1911] ht=461.99597pt, space=503.99754pt, baseline=13.99988pt
Underfill[B]: [1911] ht=461.99597pt, space=503.99754pt, baseline=13.99988pt
 [1911]) [1912] ptxfile 551TIakjv-two-Default.USFM monoglot,
(no adjustment list "../../../shared/ptxprint/Default/AdjLists/551TIakjv-two-Default.USFM.adj" found)
(no picture list "551TIakjv-two-Default.USFM.piclist" found)
 (./551TIakjv-two-Default.USFM First chapter for 1TI [1913]
Underfill[A]: [1914] ht=433.99622pt, space=503.99754pt, baseline=13.99988pt
Underfill[B]: [1914] ht=433.99622pt, space=503.99754pt, baseline=13.99988pt
 [1914]
Underfill[A]: [1915] ht=475.99585pt, space=503.99754pt, baseline=13.99988pt
Underfill[B]: [1915] ht=475.99585pt, space=503.99754pt, baseline=13.99988pt
 [1915]
Underfill[A]: [1916] ht=419.99634pt, space=503.99754pt, baseline=13.99988pt
Underfill[B]: [1916] ht=419.99634pt, space=503.99754pt, baseline=13.99988pt
 [1916]
Underfill[A]: [1917] ht=475.99585pt, space=503.99754pt, baseline=13.99988pt
Underfill[B]: [1917] ht=475.99585pt, space=503.99754pt, baseline=13.99988pt
 [1917]
Underfill[A]: [1918] ht=475.99585pt, space=503.99754pt, baseline=13.99988pt
Underfill[B]: [1918] ht=475.99585pt, space=503.99754pt, baseline=13.99988pt
 [1918])
Underfill[B]: [1919] ht=209.99817pt, space=237.99792pt, baseline=13.99988pt
 [1919] ptxfile 562TIakjv-two-Default.USFM monoglot,
(no adjustment list "../../../shared/ptxprint/Default/AdjLists/562TIakjv-two-Default.USFM.adj" found)
(no picture list "562TIakjv-two-Default.USFM.piclist" found)
 (./562TIakjv-two-Default.USFM First chapter for 2TI
Underfill[A]: [1920] ht=391.99658pt, space=433.99815pt, baseline=13.99988pt
Underfill[B]: [1920] ht=391.99658pt, space=433.99815pt, baseline=13.99988pt
 [1920]
Underfill[A]: [1921] ht=475.99585pt, space=503.99754pt, baseline=13.99988pt
Underfill[B]: [1921] ht=475.99585pt, space=503.99754pt, baseline=13.99988pt
 [1921]
Underfill[A]: [1922] ht=475.99585pt, space=503.99754pt, baseline=13.99988pt
Underfill[B]: [1922] ht=475.99585pt, space=503.99754pt, baseline=13.99988pt
 [1922]
Underfill[A]: [1923] ht=461.99597pt, space=503.99754pt, baseline=13.99988pt
Underfill[B]: [1923] ht=461.99597pt, space=503.99754pt, baseline=13.99988pt
 [1923])
Underfill[B]: [1924] ht=335.99707pt, space=363.99683pt, baseline=13.99988pt
 [1924] ptxfile 57TITakjv-two-Default.USFM monoglot,
(no adjustment list "../../../shared/ptxprint/Default/AdjLists/57TITakjv-two-Default.USFM.adj" found)
(no picture list "57TITakjv-two-Default.USFM.piclist" found)
 (./57TITakjv-two-Default.USFM First chapter for TIT [1925]
Underfill[A]: [1926] ht=461.99597pt, space=503.99754pt, baseline=13.99988pt
Underfill[B]: [1926] ht=461.99597pt, space=503.99754pt, baseline=13.99988pt
 [1926]) [1927] ptxfile 58PHMakjv-two-Default.USFM monoglot,
(no adjustment list "../../../shared/ptxprint/Default/AdjLists/58PHMakjv-two-Default.USFM.adj" found)
(no picture list "58PHMakjv-two-Default.USFM.piclist" found)
 (./58PHMakjv-two-Default.USFM First chapter for PHM
Underfill[A]: [1928] ht=391.99658pt, space=433.99815pt, baseline=13.99988pt
Underfill[B]: [1928] ht=391.99658pt, space=433.99815pt, baseline=13.99988pt
 [1928])
Underfill[B]: [1929] ht=153.99866pt, space=167.99854pt, baseline=13.99988pt
 [1929] ptxfile 59HEBakjv-two-Default.USFM monoglot,
(no adjustment list "../../../shared/ptxprint/Default/AdjLists/59HEBakjv-two-Default.USFM.adj" found)
(no picture list "59HEBakjv-two-Default.USFM.piclist" found)
 (./59HEBakjv-two-Default.USFM First chapter for HEB
Underfill[A]: [1930] ht=419.99634pt, space=433.99815pt, baseline=13.99988pt
Underfill[B]: [1930] ht=419.99634pt, space=433.99815pt, baseline=13.99988pt
 [1930]
Underfill[A]: [1931] ht=475.99585pt, space=503.99754pt, baseline=13.99988pt
Underfill[B]: [1931] ht=475.99585pt, space=503.99754pt, baseline=13.99988pt
 [1931]
Underfill[A]: [1932] ht=433.99622pt, space=503.99754pt, baseline=13.99988pt
Underfill[B]: [1932] ht=433.99622pt, space=503.99754pt, baseline=13.99988pt
 [1932]
Underfill[A]: [1933] ht=447.9961pt, space=503.99754pt, baseline=13.99988pt
Underfill[B]: [1933] ht=447.9961pt, space=503.99754pt, baseline=13.99988pt
 [1933]
Underfill[A]: [1934] ht=433.99622pt, space=503.99754pt, baseline=13.99988pt
Underfill[B]: [1934] ht=433.99622pt, space=503.99754pt, baseline=13.99988pt
 [1934] [1935]
Underfill[A]: [1936] ht=447.9961pt, space=503.99754pt, baseline=13.99988pt
Underfill[B]: [1936] ht=447.9961pt, space=503.99754pt, baseline=13.99988pt
 [1936]
Underfill[A]: [1937] ht=489.99573pt, space=503.99754pt, baseline=13.99988pt
Underfill[B]: [1937] ht=489.99573pt, space=503.99754pt, baseline=13.99988pt
 [1937]
Underfill[A]: [1938] ht=447.9961pt, space=503.99754pt, baseline=13.99988pt
Underfill[B]: [1938] ht=447.9961pt, space=503.99754pt, baseline=13.99988pt
 [1938] [1939]
Underfill[A]: [1940] ht=391.99658pt, space=503.99754pt, baseline=13.99988pt
Underfill[B]: [1940] ht=391.99658pt, space=503.99754pt, baseline=13.99988pt
 [1940]
Underfill[A]: [1941] ht=489.99573pt, space=503.99754pt, baseline=13.99988pt
Underfill[B]: [1941] ht=489.99573pt, space=503.99754pt, baseline=13.99988pt
 [1941]
Underfill[A]: [1942] ht=475.99585pt, space=503.99754pt, baseline=13.99988pt
Underfill[B]: [1942] ht=475.99585pt, space=503.99754pt, baseline=13.99988pt
 [1942]
Underfill[A]: [1943] ht=447.9961pt, space=503.99754pt, baseline=13.99988pt
Underfill[B]: [1943] ht=447.9961pt, space=503.99754pt, baseline=13.99988pt
 [1943]
Underfill[A]: [1944] ht=489.99573pt, space=503.99754pt, baseline=13.99988pt
Underfill[B]: [1944] ht=489.99573pt, space=503.99754pt, baseline=13.99988pt
 [1944]
Underfill[A]: [1945] ht=475.99585pt, space=503.99754pt, baseline=13.99988pt
Underfill[B]: [1945] ht=475.99585pt, space=503.99754pt, baseline=13.99988pt
 [1945]
Underfill[A]: [1946] ht=461.99597pt, space=503.99754pt, baseline=13.99988pt
Underfill[B]: [1946] ht=461.99597pt, space=503.99754pt, baseline=13.99988pt
 [1946])
Underfill[A]: [1947] ht=475.99585pt, space=503.99754pt, baseline=13.99988pt
Underfill[B]: [1947] ht=475.99585pt, space=503.99754pt, baseline=13.99988pt
 [1947]
Underfill[A]: [1948] ht=41.99963pt, space=55.99951pt, baseline=13.99988pt
 [1948] ptxfile 60JASakjv-two-Default.USFM monoglot,
(no adjustment list "../../../shared/ptxprint/Default/AdjLists/60JASakjv-two-Default.USFM.adj" found)
(no picture list "60JASakjv-two-Default.USFM.piclist" found)
 (./60JASakjv-two-Default.USFM First chapter for JAS
Underfill[A]: [1949] ht=349.99695pt, space=433.99815pt, baseline=13.99988pt
Underfill[B]: [1949] ht=349.99695pt, space=433.99815pt, baseline=13.99988pt
 [1949] [1950] [1951]
Underfill[A]: [1952] ht=461.99597pt, space=503.99754pt, baseline=13.99988pt
Underfill[B]: [1952] ht=461.99597pt, space=503.99754pt, baseline=13.99988pt
 [1952]
Underfill[A]: [1953] ht=433.99622pt, space=503.99754pt, baseline=13.99988pt
Underfill[B]: [1953] ht=433.99622pt, space=503.99754pt, baseline=13.99988pt
 [1953]) [1954] ptxfile 611PEakjv-two-Default.USFM monoglot,
(no adjustment list "../../../shared/ptxprint/Default/AdjLists/611PEakjv-two-Default.USFM.adj" found)
(no picture list "611PEakjv-two-Default.USFM.piclist" found)
 (./611PEakjv-two-Default.USFM First chapter for 1PE
Underfill[A]: [1955] ht=419.99634pt, space=433.99815pt, baseline=13.99988pt
Underfill[B]: [1955] ht=419.99634pt, space=433.99815pt, baseline=13.99988pt
 [1955]
Underfill[A]: [1956] ht=475.99585pt, space=503.99754pt, baseline=13.99988pt
Underfill[B]: [1956] ht=475.99585pt, space=503.99754pt, baseline=13.99988pt
 [1956] [1957] [1958]
Underfill[A]: [1959] ht=475.99585pt, space=503.99754pt, baseline=13.99988pt
Underfill[B]: [1959] ht=475.99585pt, space=503.99754pt, baseline=13.99988pt
 [1959]
Underfill[A]: [1960] ht=405.99646pt, space=503.99754pt, baseline=13.99988pt
Underfill[B]: [1960] ht=405.99646pt, space=503.99754pt, baseline=13.99988pt
 [1960])
Underfill[B]: [1961] ht=209.99817pt, space=223.99805pt, baseline=13.99988pt
 [1961] ptxfile 622PEakjv-two-Default.USFM monoglot,
(no adjustment list "../../../shared/ptxprint/Default/AdjLists/622PEakjv-two-Default.USFM.adj" found)
(no picture list "622PEakjv-two-Default.USFM.piclist" found)
 (./622PEakjv-two-Default.USFM First chapter for 2PE [1962]
Underfill[A]: [1963] ht=489.99573pt, space=503.99754pt, baseline=13.99988pt
Underfill[B]: [1963] ht=489.99573pt, space=503.99754pt, baseline=13.99988pt
 [1963]
Underfill[A]: [1964] ht=489.99573pt, space=503.99754pt, baseline=13.99988pt
Underfill[B]: [1964] ht=489.99573pt, space=503.99754pt, baseline=13.99988pt
 [1964] [1965])
Underfill[A]: [1966] ht=41.99963pt, space=55.99951pt, baseline=13.99988pt
 [1966] ptxfile 631JNakjv-two-Default.USFM monoglot,
(no adjustment list "../../../shared/ptxprint/Default/AdjLists/631JNakjv-two-Default.USFM.adj" found)
(no picture list "631JNakjv-two-Default.USFM.piclist" found)
 (./631JNakjv-two-Default.USFM First chapter for 1JN
Underfill[A]: [1967] ht=419.99634pt, space=433.99815pt, baseline=13.99988pt
Underfill[B]: [1967] ht=419.99634pt, space=433.99815pt, baseline=13.99988pt
 [1967] [1968]
Underfill[A]: [1969] ht=447.9961pt, space=503.99754pt, baseline=13.99988pt
Underfill[B]: [1969] ht=447.9961pt, space=503.99754pt, baseline=13.99988pt
 [1969]
Underfill[A]: [1970] ht=489.99573pt, space=503.99754pt, baseline=13.99988pt
Underfill[B]: [1970] ht=489.99573pt, space=503.99754pt, baseline=13.99988pt
 [1970]
Underfill[A]: [1971] ht=363.99683pt, space=503.99754pt, baseline=13.99988pt
Underfill[B]: [1971] ht=363.99683pt, space=503.99754pt, baseline=13.99988pt
 [1971]
Underfill[A]: [1972] ht=489.99573pt, space=503.99754pt, baseline=13.99988pt
Underfill[B]: [1972] ht=489.99573pt, space=503.99754pt, baseline=13.99988pt
 [1972])
Underfill[B]: [1973] ht=125.9989pt, space=167.99854pt, baseline=13.99988pt
 [1973] ptxfile 642JNakjv-two-Default.USFM monoglot,
(no adjustment list "../../../shared/ptxprint/Default/AdjLists/642JNakjv-two-Default.USFM.adj" found)
(no picture list "642JNakjv-two-Default.USFM.piclist" found)
 (./642JNakjv-two-Default.USFM First chapter for 2JN)
Overfull \vbox (21.59312pt too high) detected at line 623

\vbox(597.50787+0.0)x421.10078
.\kern 51.21964
.\vbox(534.91498+3.091)x421.10078
..\hbox(534.91498+3.091)x421.10078, glue set 34.1433fil
...\glue 0.0 plus 1.0fil minus 1.0fil
...\hbox(534.91498+3.091)x352.8142
....\vbox(534.91498+3.091)x352.8142
.....\vbox(0.0+0.0)x352.8142, glue set 15.00977fil
......\kern -51.21964
......\vbox(36.20987+0.0)x352.8142
.......\kern 28.50987
.......\vbox(7.7+0.0)x352.8142
........\hbox(0.0+0.0)x352.8142
.........\special{color push rgb 0 0 0}
.........\hbox(0.0+0.0)x352.8142, glue set 176.4071fil
..........\hbox(0.0+0.0)x0.0
...........\hbox(0.0+0.0)x0.0
...........\glue 0.0 plus 1.0fil minus 1.0fil
..........\glue 0.0 plus 1.0fil
..........\glue 0.0 plus 1.0fil
..........\hbox(0.0+0.0)x0.0
...........\glue 0.0 plus 1.0fil minus 1.0fil
...........\hbox(0.0+0.0)x0.0
.........\special{color pop}
......\glue 0.0 plus 1.0fil minus 1.0fil
.....\vbox(516.41286+0.0)x352.8142
......\vbox(423.08734+0.0)x352.8142
.......\vbox(423.08734+0.0)x352.8142
........\hbox(423.08734+0.0)x352.8142
.........\vbox(423.08734+0.0)x352.8142
..........\vbox(69.99939+0.0)x352.8142
...........\hbox(69.99939+0.0)x352.8142
............\vbox(69.99939+0.0)x352.8142
.............\hbox(69.99939+0.0)x352.8142
..............\vbox(69.99939+0.0)x352.8142
...............\pdfsavepos
...............\write0{\@colstart{69.99939pt}{0.0pt}{352.8142pt}{\the \pdflastxpos }{\the \pdflastypos }}
...............\mark{title}
...............\glue(\topskip) 0.0
...............\vbox(55.99951+0.0)x352.8142
................\kern 7.85239
................\glue 0.0
................\penalty 10000
................\glue(\parskip) 0.0
................\hbox(10.75073+4.048)x352.8142, glue set 0.25275
.................\glue(\leftskip) 0.0 plus 352.8142
.................\hbox(0.0+0.0)x0.0
.................\beginL
.................\pdfsavepos
.................\write0{\noexpand \@parstart {2JN0.1}{title}{mt2}{18.6665pt}{\the \pdflastxpos }{\the \pdflastypos }}
.................\endL
.................\special{pdf:dest (2JN.) [@thispage /Fit]}
.................\special{pdf:outline 0 << /Title (2 John) /A << /S /GoTo /D (2JN.) >> >>}
.................\font<mt2-16.0> T
.................\penalty 10000
.................\glue 0.0 plus 0.04004 minus 0.16003
.................\font<mt2-16.0> h
.................\penalty 10000
.................\glue 0.0 plus 0.04004 minus 0.16003
.................\font<mt2-16.0> e
.................\glue 3.66669 plus 3.66669 minus 1.83334
.................\font<mt2-16.0> S
.................\penalty 10000
.................\glue 0.0 plus 0.04004 minus 0.16003
.................\font<mt2-16.0> e
.................\penalty 10000
.................\glue 0.0 plus 0.04004 minus 0.16003
.................\font<mt2-16.0> c
.................\penalty 10000
.................\glue 0.0 plus 0.04004 minus 0.16003
.................\font<mt2-16.0> o
.................\penalty 10000
.................\glue 0.0 plus 0.04004 minus 0.16003
.................\font<mt2-16.0> n
.................\penalty 10000
.................\glue 0.0 plus 0.04004 minus 0.16003
.................\font<mt2-16.0> d
.................\glue 3.66669 plus 3.66669 minus 1.83334
.................\font<mt2-16.0> L
.................\penalty 10000
.................\glue 0.0 plus 0.04004 minus 0.16003
.................\font<mt2-16.0> e
.................\penalty 10000
.................\glue 0.0 plus 0.04004 minus 0.16003
.................\font<mt2-16.0> t
.................\penalty 10000
.................\glue 0.0 plus 0.04004 minus 0.16003
.................\font<mt2-16.0> t
.................\penalty 10000
.................\glue 0.0 plus 0.04004 minus 0.16003
.................\font<mt2-16.0> e
.................\penalty 10000
.................\glue 0.0 plus 0.04004 minus 0.16003
.................\font<mt2-16.0> r
.................\glue 3.66669 plus 3.66669 minus 1.83334
.................\font<mt2-16.0> G
.................\penalty 10000
.................\glue 0.0 plus 0.04004 minus 0.16003
.................\font<mt2-16.0> e
.................\penalty 10000
.................\glue 0.0 plus 0.04004 minus 0.16003
.................\font<mt2-16.0> n
.................\penalty 10000
.................\glue 0.0 plus 0.04004 minus 0.16003
.................\font<mt2-16.0> e
.................\penalty 10000
.................\glue 0.0 plus 0.04004 minus 0.16003
.................\font<mt2-16.0> r
.................\penalty 10000
.................\glue 0.0 plus 0.04004 minus 0.16003
.................\font<mt2-16.0> a
.................\penalty 10000
.................\glue 0.0 plus 0.04004 minus 0.16003
.................\font<mt2-16.0> l
.................\glue 3.66669 plus 3.66669 minus 1.83334
.................\font<mt2-16.0> o
.................\penalty 10000
.................\glue 0.0 plus 0.04004 minus 0.16003
.................\font<mt2-16.0> f
.................\beginL
.................\pdfsavepos
.................\write0{\noexpand \@parend {0}{\the \pdflastxpos }{\the \pdflastypos }{\the \lastdepth }}
.................\endL
.................\penalty 10000
.................\glue(\parfillskip) 0.0
.................\glue(\rightskip) 0.0 plus 352.8142
................\write0{\@parlen{2JN0.1}{1}{1}{mt2}{2JN0.1}{1}}
................\penalty 10000
................\glue 2.33331
................\penalty 10000
................\penalty 10000
................\glue 2.33331
................\glue(\parskip) 0.0
................\glue(\baselineskip) 6.08505
................\hbox(13.20007+4.73001)x352.8142, glue set 0.44362
.................\glue(\leftskip) 0.0 plus 352.8142
.................\hbox(0.0+0.0)x0.0
.................\beginL
.................\pdfsavepos
.................\write0{\noexpand \@parstart {2JN0.1}{title}{mt1}{23.33313pt}{\the \pdflastxpos }{\the \pdflastypos }}
.................\endL
.................\font<mt1-20.0> J
.................\penalty 10000
.................\glue 0.0 plus 0.04004 minus 0.16003
.................\font<mt1-20.0> o
.................\penalty 10000
.................\glue 0.0 plus 0.04004 minus 0.16003
.................\font<mt1-20.0> h
.................\penalty 10000
.................\glue 0.0 plus 0.04004 minus 0.16003
.................\font<mt1-20.0> n
.................\beginL
.................\pdfsavepos
.................\write0{\noexpand \@parend {2}{\the \pdflastxpos }{\the \pdflastypos }{\the \lastdepth }}
.................\endL
.................\penalty 10000
.................\glue(\parfillskip) 0.0
.................\glue(\rightskip) 0.0 plus 352.8142
................\write0{\@parlen{2JN1.0}{2}{1}{mt1}{2JN0.1}{2}}
................\penalty 10000
................\glue 4.66663
...............\penalty 10000
...............\penalty 10000
...............\mark{title}
...............\penalty 10000
...............\glue 0.0
...............\penalty -101
...............\glue 13.99988
...............\pdfsavepos
...............\write0{\string \@colstop {\the \pdflastxpos }{\the \pdflastypos }}
...............\glue 0.0 plus 1.0fil
..............\hbox(0.0+0.0)x0.0
...........\glue 0.0
..........\glue(\lineskip) 0.0
..........\vbox(353.08795+0.0)x352.8142
...........\hbox(349.99695+0.0)x352.8142, glue set 6.00005fil
............\vbox(349.99695+0.0)x169.90706
.............\pdfsavepos
.............\write0{\@colstart{349.99695pt}{3.091pt}{169.90706pt}{\the \pdflastxpos }{\the \pdflastypos }}
.............\glue(\topskip) 0.0
.............\vbox(13.99988+0.0)x0.0
..............\kern 9.33325
..............\glue -9.33325
..............\penalty 10000
..............\penalty 10000
..............\glue 9.33325
..............\penalty 10000
..............\penalty 10000
..............\glue 4.66663
.............\penalty 10000
.............\penalty 10000
.............\glue(\parskip) 0.0
.............\glue(\baselineskip) 4.72145
.............\hbox(9.27843+3.091)x169.90706, glue set - 0.12263
..............\hbox(0.0+0.0)x0.0
..............\beginL
..............\pdfsavepos
..............\write0{\noexpand \@parstart {2JN1.1}{versetext}{m}{13.99988pt}{\the \pdflastxpos }{\the \pdflastypos }}
..............\endL
..............\special{pdf:dest (2JN.1) [@thispage /Fit]}
..............\special{pdf:outline 1 << /Title (2 John 1) /A << /S /GoTo /D (2JN.1) >> >>}
..............\special{pdf:dest (2JN.1:1) [@thispage /XYZ @xpos @ypos null]}
..............\hbox(5.98953+2.31825)x4.12503, shifted -3.2889
...............\font<v-12.0+m> 1
..............\kern 1.65001
..............\penalty 10000
..............\glue 0.0
..............\font<m-12.0> T
..............\penalty 10000
..............\glue 0.0 plus 0.04004 minus 0.16003
..............\font<m-12.0> h
..............\penalty 10000
..............\glue 0.0 plus 0.04004 minus 0.16003
..............\font<m-12.0> e
..............\glue 2.75002 plus 2.75002 minus 1.375
..............\font<m-12.0> e
..............\penalty 10000
..............\glue 0.0 plus 0.04004 minus 0.16003
..............\font<m-12.0> l
..............\penalty 10000
..............\glue 0.0 plus 0.04004 minus 0.16003
..............\font<m-12.0> d
..............\penalty 10000
..............\glue 0.0 plus 0.04004 minus 0.16003
..............\font<m-12.0> e
..............\penalty 10000
..............\glue 0.0 plus 0.04004 minus 0.16003
..............\font<m-12.0> r
..............\glue 2.75002 plus 2.75002 minus 1.375
..............\font<m-12.0> t
..............\penalty 10000
..............\glue 0.0 plus 0.04004 minus 0.16003
..............\font<m-12.0> o
..............\glue 2.75002 plus 2.75002 minus 1.375
..............\font<m-12.0> t
..............\penalty 10000
..............\glue 0.0 plus 0.04004 minus 0.16003
..............\font<m-12.0> h
..............\penalty 10000
..............\glue 0.0 plus 0.04004 minus 0.16003
..............\font<m-12.0> e
..............\glue 2.75002 plus 2.75002 minus 1.375
..............\font<m-12.0> e
..............\penalty 10000
..............\glue 0.0 plus 0.04004 minus 0.16003
..............\font<m-12.0> l
..............\penalty 10000
..............\glue 0.0 plus 0.04004 minus 0.16003
..............\font<m-12.0> e
..............\penalty 10000
..............\glue 0.0 plus 0.04004 minus 0.16003
..............\font<m-12.0> c
..............\penalty 10000
..............\glue 0.0 plus 0.04004 minus 0.16003
..............\font<m-12.0> t
..............\glue 2.75002 plus 2.75002 minus 1.375
..............\font<m-12.0> l
..............\penalty 10000
..............\glue 0.0 plus 0.04004 minus 0.16003
..............\font<m-12.0> a
..............\penalty 10000
..............\glue 0.0 plus 0.04004 minus 0.16003
..............\font<m-12.0> d
..............\penalty 10000
..............\glue 0.0 plus 0.04004 minus 0.16003
..............\font<m-12.0> y
..............\glue 2.75002 plus 2.75002 minus 1.375
..............\font<m-12.0> a
..............\penalty 10000
..............\glue 0.0 plus 0.04004 minus 0.16003
..............\font<m-12.0> n
..............\penalty 10000
..............\glue 0.0 plus 0.04004 minus 0.16003
..............\font<m-12.0> d
..............\glue 2.75002 plus 2.75002 minus 1.375
..............\font<m-12.0> h
..............\penalty 10000
..............\glue 0.0 plus 0.04004 minus 0.16003
..............\font<m-12.0> e
..............\penalty 10000
..............\glue 0.0 plus 0.04004 minus 0.16003
..............\font<m-12.0> r
..............\glue(\rightskip) 0.0
.............\mark{2 John:1:1}
.............\penalty 10000
.............\glue(\baselineskip) 2.92284
.............\hbox(7.98604+3.091)x169.90706, glue set 0.1418
..............\font<m-12.0> c
..............\penalty 10000
..............\glue 0.0 plus 0.04004 minus 0.16003
..............\font<m-12.0> h
..............\penalty 10000
..............\glue 0.0 plus 0.04004 minus 0.16003
..............\font<m-12.0> i
..............\penalty 10000
..............\glue 0.0 plus 0.04004 minus 0.16003
..............\font<m-12.0> l
..............\penalty 10000
..............\glue 0.0 plus 0.04004 minus 0.16003
..............\font<m-12.0> d
..............\penalty 10000
..............\glue 0.0 plus 0.04004 minus 0.16003
..............\font<m-12.0> r
..............\penalty 10000
..............\glue 0.0 plus 0.04004 minus 0.16003
..............\font<m-12.0> e
..............\penalty 10000
..............\glue 0.0 plus 0.04004 minus 0.16003
..............\font<m-12.0> n
..............\penalty 10000
..............\glue 0.0 plus 0.04004 minus 0.16003
..............\font<m-12.0> ,
..............\glue 2.75002 plus 2.75002 minus 1.375
..............\font<m-12.0> w
..............\penalty 10000
..............\glue 0.0 plus 0.04004 minus 0.16003
..............\font<m-12.0> h
..............\penalty 10000
..............\glue 0.0 plus 0.04004 minus 0.16003
..............\font<m-12.0> o
..............\penalty 10000
..............\glue 0.0 plus 0.04004 minus 0.16003
..............\font<m-12.0> m
..............\glue 2.75002 plus 2.75002 minus 1.375
..............\font<m-12.0> I
..............\glue 2.75002 plus 2.74725 minus 1.37637
..............\font<m-12.0> l
..............\penalty 10000
..............\glue 0.0 plus 0.04004 minus 0.16003
..............\font<m-12.0> o
..............\penalty 10000
..............\glue 0.0 plus 0.04004 minus 0.16003
..............\font<m-12.0> v
..............\penalty 10000
..............\glue 0.0 plus 0.04004 minus 0.16003
..............\font<m-12.0> e
..............\glue 2.75002 plus 2.75002 minus 1.375
..............\font<m-12.0> i
..............\penalty 10000
..............\glue 0.0 plus 0.04004 minus 0.16003
..............\font<m-12.0> n
..............\glue 2.75002 plus 2.75002 minus 1.375
..............\font<m-12.0> t
..............\penalty 10000
..............\glue 0.0 plus 0.04004 minus 0.16003
..............\font<m-12.0> h
..............\penalty 10000
..............\glue 0.0 plus 0.04004 minus 0.16003
..............\font<m-12.0> e
..............\glue 2.75002 plus 2.75002 minus 1.375
..............\font<m-12.0> t
..............\penalty 10000
..............\glue 0.0 plus 0.04004 minus 0.16003
..............\font<m-12.0> r
..............\penalty 10000
..............\glue 0.0 plus 0.04004 minus 0.16003
..............\font<m-12.0> u
..............\penalty 10000
..............\glue 0.0 plus 0.04004 minus 0.16003
..............\font<m-12.0> t
..............\penalty 10000
..............\glue 0.0 plus 0.04004 minus 0.16003
..............\font<m-12.0> h
..............\penalty 10000
..............\glue 0.0 plus 0.04004 minus 0.16003
..............\font<m-12.0> ;
..............\glue(\rightskip) 0.0
.............\glue(\baselineskip) 2.92284
.............\hbox(7.98604+3.091)x169.90706, glue set - 0.20296
..............\font<m-12.0> a
..............\penalty 10000
..............\glue 0.0 plus 0.04004 minus 0.16003
..............\font<m-12.0> n
..............\penalty 10000
..............\glue 0.0 plus 0.04004 minus 0.16003
..............\font<m-12.0> d
..............\glue 2.75002 plus 2.75002 minus 1.375
..............\font<m-12.0> n
..............\penalty 10000
..............\glue 0.0 plus 0.04004 minus 0.16003
..............\font<m-12.0> o
..............\penalty 10000
..............\glue 0.0 plus 0.04004 minus 0.16003
..............\font<m-12.0> t
..............\glue 2.75002 plus 2.75002 minus 1.375
..............\font<m-12.0> I
..............\glue 2.75002 plus 2.74725 minus 1.37637
..............\font<m-12.0> o
..............\penalty 10000
..............\glue 0.0 plus 0.04004 minus 0.16003
..............\font<m-12.0> n
..............\penalty 10000
..............\glue 0.0 plus 0.04004 minus 0.16003
..............\font<m-12.0> l
..............\penalty 10000
..............\glue 0.0 plus 0.04004 minus 0.16003
..............\font<m-12.0> y
..............\penalty 10000
..............\glue 0.0 plus 0.04004 minus 0.16003
..............\font<m-12.0> ,
..............\glue 2.75002 plus 2.75002 minus 1.375
..............\font<m-12.0> b
..............\penalty 10000
..............\glue 0.0 plus 0.04004 minus 0.16003
..............\font<m-12.0> u
..............\penalty 10000
..............\glue 0.0 plus 0.04004 minus 0.16003
..............\font<m-12.0> t
..............\glue 2.75002 plus 2.75002 minus 1.375
..............\font<m-12.0> a
..............\penalty 10000
..............\glue 0.0 plus 0.04004 minus 0.16003
..............\font<m-12.0> l
..............\penalty 10000
..............\glue 0.0 plus 0.04004 minus 0.16003
..............\font<m-12.0> s
..............\penalty 10000
..............\glue 0.0 plus 0.04004 minus 0.16003
..............\font<m-12.0> o
..............\glue 2.75002 plus 2.75002 minus 1.375
..............\font<m-12.0> a
..............\penalty 10000
..............\glue 0.0 plus 0.04004 minus 0.16003
..............\font<m-12.0> l
..............\penalty 10000
..............\glue 0.0 plus 0.04004 minus 0.16003
..............\font<m-12.0> l
..............\glue 2.75002 plus 2.75002 minus 1.375
..............\font<m-12.0> t
..............\penalty 10000
..............\glue 0.0 plus 0.04004 minus 0.16003
..............\font<m-12.0> h
..............\penalty 10000
..............\glue 0.0 plus 0.04004 minus 0.16003
..............\font<m-12.0> e
..............\penalty 10000
..............\glue 0.0 plus 0.04004 minus 0.16003
..............\font<m-12.0> y
..............\glue 2.75002 plus 2.75002 minus 1.375
..............\font<m-12.0> t
..............\penalty 10000
..............\glue 0.0 plus 0.04004 minus 0.16003
..............\font<m-12.0> h
..............\penalty 10000
..............\glue 0.0 plus 0.04004 minus 0.16003
..............\font<m-12.0> a
..............\penalty 10000
..............\glue 0.0 plus 0.04004 minus 0.16003
..............\font<m-12.0> t
..............\glue(\rightskip) 0.0
.............\penalty 10000
.............\glue(\baselineskip) 2.92284
.............\hbox(7.98604+3.091)x169.90706, glue set 61.61145fil
..............\font<m-12.0> h
..............\penalty 10000
..............\glue 0.0 plus 0.04004 minus 0.16003
..............\font<m-12.0> a
..............\penalty 10000
..............\glue 0.0 plus 0.04004 minus 0.16003
..............\font<m-12.0> v
..............\penalty 10000
..............\glue 0.0 plus 0.04004 minus 0.16003
..............\font<m-12.0> e
..............\glue 2.75002 plus 2.75002 minus 1.375
..............\font<m-12.0> k
..............\penalty 10000
..............\glue 0.0 plus 0.04004 minus 0.16003
..............\font<m-12.0> n
..............\penalty 10000
..............\glue 0.0 plus 0.04004 minus 0.16003
..............\font<m-12.0> o
..............\penalty 10000
..............\glue 0.0 plus 0.04004 minus 0.16003
..............\font<m-12.0> w
..............\penalty 10000
..............\glue 0.0 plus 0.04004 minus 0.16003
..............\font<m-12.0> n
..............\glue 2.75002 plus 2.75002 minus 1.375
..............\font<m-12.0> t
..............\penalty 10000
..............\glue 0.0 plus 0.04004 minus 0.16003
..............\font<m-12.0> h
..............\penalty 10000
..............\glue 0.0 plus 0.04004 minus 0.16003
..............\font<m-12.0> e
..............\glue 2.75002 plus 2.75002 minus 1.375
..............\font<m-12.0> t
..............\penalty 10000
..............\glue 0.0 plus 0.04004 minus 0.16003
..............\font<m-12.0> r
..............\penalty 10000
..............\glue 0.0 plus 0.04004 minus 0.16003
..............\font<m-12.0> u
..............\penalty 10000
..............\glue 0.0 plus 0.04004 minus 0.16003
..............\font<m-12.0> t
..............\penalty 10000
..............\glue 0.0 plus 0.04004 minus 0.16003
..............\font<m-12.0> h
..............\penalty 10000
..............\glue 0.0 plus 0.04004 minus 0.16003
..............\font<m-12.0> ;
..............\beginL
..............\pdfsavepos
..............\write0{\noexpand \@parend {0}{\the \pdflastxpos }{\the \pdflastypos }{\the \lastdepth }}
..............\endL
..............\penalty 10000
..............\glue(\parfillskip) 0.0 plus 1.0fil
..............\glue(\rightskip) 0.0
.............\write0{\@parlen{2JN1.1}{1}{4}{m}{2JN1.1}{1}}
.............\glue(\parskip) 0.0
.............\glue(\baselineskip) 1.63045
.............\hbox(9.27843+3.091)x169.90706, glue set 0.03394
..............\hbox(0.0+0.0)x0.0
..............\beginL
..............\pdfsavepos
..............\write0{\noexpand \@parstart {2JN1.2}{versetext}{m}{13.99988pt}{\the \pdflastxpos }{\the \pdflastypos }}
..............\endL
..............\special{pdf:dest (2JN.1:2) [@thispage /XYZ @xpos @ypos null]}
..............\hbox(5.98953+2.31825)x4.12503, shifted -3.2889
...............\font<v-12.0+m> 2
..............\kern 1.65001
..............\penalty 10000
..............\glue 0.0
..............\font<m-12.0> F
..............\penalty 10000
..............\glue 0.0 plus 0.04004 minus 0.16003
..............\font<m-12.0> o
..............\penalty 10000
..............\glue 0.0 plus 0.04004 minus 0.16003
..............\font<m-12.0> r
..............\glue 2.75002 plus 2.75002 minus 1.375
..............\font<m-12.0> t
..............\penalty 10000
..............\glue 0.0 plus 0.04004 minus 0.16003
..............\font<m-12.0> h
..............\penalty 10000
..............\glue 0.0 plus 0.04004 minus 0.16003
..............\font<m-12.0> e
..............\glue 2.75002 plus 2.75002 minus 1.375
..............\font<m-12.0> t
..............\penalty 10000
..............\glue 0.0 plus 0.04004 minus 0.16003
..............\font<m-12.0> r
..............\penalty 10000
..............\glue 0.0 plus 0.04004 minus 0.16003
..............\font<m-12.0> u
..............\penalty 10000
..............\glue 0.0 plus 0.04004 minus 0.16003
..............\font<m-12.0> t
..............\penalty 10000
..............\glue 0.0 plus 0.04004 minus 0.16003
..............\font<m-12.0> h’s
..............\glue 2.75002 plus 2.75002 minus 1.375
..............\font<m-12.0> s
..............\penalty 10000
..............\glue 0.0 plus 0.04004 minus 0.16003
..............\font<m-12.0> a
..............\penalty 10000
..............\glue 0.0 plus 0.04004 minus 0.16003
..............\font<m-12.0> k
..............\penalty 10000
..............\glue 0.0 plus 0.04004 minus 0.16003
..............\font<m-12.0> e
..............\penalty 10000
..............\glue 0.0 plus 0.04004 minus 0.16003
..............\font<m-12.0> ,
..............\glue 2.75002 plus 2.75002 minus 1.375
..............\font<m-12.0> w
..............\penalty 10000
..............\glue 0.0 plus 0.04004 minus 0.16003
..............\font<m-12.0> h
..............\penalty 10000
..............\glue 0.0 plus 0.04004 minus 0.16003
..............\font<m-12.0> i
..............\penalty 10000
..............\glue 0.0 plus 0.04004 minus 0.16003
..............\font<m-12.0> c
..............\penalty 10000
..............\glue 0.0 plus 0.04004 minus 0.16003
..............\font<m-12.0> h
..............\glue 2.75002 plus 2.75002 minus 1.375
..............\font<m-12.0> d
..............\penalty 10000
..............\glue 0.0 plus 0.04004 minus 0.16003
..............\font<m-12.0> w
..............\penalty 10000
..............\glue 0.0 plus 0.04004 minus 0.16003
..............\font<m-12.0> e
..............\penalty 10000
..............\glue 0.0 plus 0.04004 minus 0.16003
..............\font<m-12.0> l
..............\penalty 10000
..............\glue 0.0 plus 0.04004 minus 0.16003
..............\font<m-12.0> l
..............\penalty 10000
..............\glue 0.0 plus 0.04004 minus 0.16003
..............\font<m-12.0> s
..............\glue(\rightskip) 0.0
.............\mark{2 John:1:2}
.............\penalty 20000
.............\glue(\baselineskip) 2.92284
.............\hbox(7.98604+3.091)x169.90706, glue set - 0.00851
..............\font<m-12.0> i
..............\penalty 10000
..............\glue 0.0 plus 0.04004 minus 0.16003
..............\font<m-12.0> n
..............\glue 2.75002 plus 2.75002 minus 1.375
..............\font<m-12.0> u
..............\penalty 10000
..............\glue 0.0 plus 0.04004 minus 0.16003
..............\font<m-12.0> s
..............\penalty 10000
..............\glue 0.0 plus 0.04004 minus 0.16003
..............\font<m-12.0> ,
..............\glue 2.75002 plus 2.75002 minus 1.375
..............\font<m-12.0> a
..............\penalty 10000
..............\glue 0.0 plus 0.04004 minus 0.16003
..............\font<m-12.0> n
..............\penalty 10000
..............\glue 0.0 plus 0.04004 minus 0.16003
..............\font<m-12.0> d
..............\glue 2.75002 plus 2.75002 minus 1.375
..............\font<m-12.0> s
..............\penalty 10000
..............\glue 0.0 plus 0.04004 minus 0.16003
..............\font<m-12.0> h
..............\penalty 10000
..............\glue 0.0 plus 0.04004 minus 0.16003
..............\font<m-12.0> a
..............\penalty 10000
..............\glue 0.0 plus 0.04004 minus 0.16003
..............\font<m-12.0> l
..............\penalty 10000
..............\glue 0.0 plus 0.04004 minus 0.16003
..............\font<m-12.0> l
..............\glue 2.75002 plus 2.75002 minus 1.375
..............\font<m-12.0> b
..............\penalty 10000
..............\glue 0.0 plus 0.04004 minus 0.16003
..............\font<m-12.0> e
..............\glue 2.75002 plus 2.75002 minus 1.375
..............\font<m-12.0> w
..............\penalty 10000
..............\glue 0.0 plus 0.04004 minus 0.16003
..............\font<m-12.0> i
..............\penalty 10000
..............\glue 0.0 plus 0.04004 minus 0.16003
..............\font<m-12.0> t
..............\penalty 10000
..............\glue 0.0 plus 0.04004 minus 0.16003
..............\font<m-12.0> h
..............\glue 2.75002 plus 2.75002 minus 1.375
..............\font<m-12.0> u
..............\penalty 10000
..............\glue 0.0 plus 0.04004 minus 0.16003
..............\font<m-12.0> s
..............\glue 2.75002 plus 2.75002 minus 1.375
..............\font<m-12.0> f
..............\penalty 10000
..............\glue 0.0 plus 0.04004 minus 0.16003
..............\font<m-12.0> o
..............\penalty 10000
..............\glue 0.0 plus 0.04004 minus 0.16003
..............\font<m-12.0> r
..............\glue 2.75002 plus 2.75002 minus 1.375
..............\font<m-12.0> e
..............\penalty 10000
..............\glue 0.0 plus 0.04004 minus 0.16003
..............\font<m-12.0> v
..............\penalty 10000
..............\glue 0.0 plus 0.04004 minus 0.16003
..............\font<m-12.0> e
..............\penalty 10000
..............\glue 0.0 plus 0.04004 minus 0.16003
..............\font<m-12.0> r
..............\penalty 10000
..............\glue 0.0 plus 0.04004 minus 0.16003
..............\font<m-12.0> .
..............\beginL
..............\pdfsavepos
..............\write0{\noexpand \@parend {0}{\the \pdflastxpos }{\the \pdflastypos }{\the \lastdepth }}
..............\endL
..............\penalty 10000
..............\glue(\parfillskip) 0.0 plus 1.0fil
..............\glue(\rightskip) 0.0
.............\write0{\@parlen{2JN1.2}{1}{2}{m}{2JN1.2}{1}}
.............\glue(\parskip) 0.0
.............\glue(\baselineskip) 1.63045
.............\hbox(9.27843+3.091)x169.90706, glue set 1.04446
..............\hbox(0.0+0.0)x0.0
..............\beginL
..............\pdfsavepos
..............\write0{\noexpand \@parstart {2JN1.3}{versetext}{m}{13.99988pt}{\the \pdflastxpos }{\the \pdflastypos }}
..............\endL
..............\special{pdf:dest (2JN.1:3) [@thispage /XYZ @xpos @ypos null]}
..............\hbox(5.98953+2.31825)x4.12503, shifted -3.2889
...............\font<v-12.0+m> 3
..............\kern 1.65001
..............\penalty 10000
..............\glue 0.0
..............\font<m-12.0> G
..............\penalty 10000
..............\glue 0.0 plus 0.04004 minus 0.16003
..............\font<m-12.0> r
..............\penalty 10000
..............\glue 0.0 plus 0.04004 minus 0.16003
..............\font<m-12.0> a
..............\penalty 10000
..............\glue 0.0 plus 0.04004 minus 0.16003
..............\font<m-12.0> c
..............\penalty 10000
..............\glue 0.0 plus 0.04004 minus 0.16003
..............\font<m-12.0> e
..............\glue 2.75002 plus 2.75002 minus 1.375
..............\font<m-12.0> b
..............\penalty 10000
..............\glue 0.0 plus 0.04004 minus 0.16003
..............\font<m-12.0> e
..............\glue 2.75002 plus 2.75002 minus 1.375
..............\font<m-12.0> w
..............\penalty 10000
..............\glue 0.0 plus 0.04004 minus 0.16003
..............\font<m-12.0> i
..............\penalty 10000
..............\glue 0.0 plus 0.04004 minus 0.16003
..............\font<m-12.0> t
..............\penalty 10000
..............\glue 0.0 plus 0.04004 minus 0.16003
..............\font<m-12.0> h
..............\glue 2.75002 plus 2.75002 minus 1.375
..............\font<m-12.0> y
..............\penalty 10000
..............\glue 0.0 plus 0.04004 minus 0.16003
..............\font<m-12.0> o
..............\penalty 10000
..............\glue 0.0 plus 0.04004 minus 0.16003
..............\font<m-12.0> u
..............\penalty 10000
..............\glue 0.0 plus 0.04004 minus 0.16003
..............\font<m-12.0> ,
..............\glue 2.75002 plus 2.75002 minus 1.375
..............\font<m-12.0> m
..............\penalty 10000
..............\glue 0.0 plus 0.04004 minus 0.16003
..............\font<m-12.0> e
..............\penalty 10000
..............\glue 0.0 plus 0.04004 minus 0.16003
..............\font<m-12.0> r
..............\penalty 10000
..............\glue 0.0 plus 0.04004 minus 0.16003
..............\font<m-12.0> c
..............\penalty 10000
..............\glue 0.0 plus 0.04004 minus 0.16003
..............\font<m-12.0> y
..............\penalty 10000
..............\glue 0.0 plus 0.04004 minus 0.16003
..............\font<m-12.0> ,
..............\glue 2.75002 plus 2.75002 minus 1.375
..............\font<m-12.0> a
..............\penalty 10000
..............\glue 0.0 plus 0.04004 minus 0.16003
..............\font<m-12.0> n
..............\penalty 10000
..............\glue 0.0 plus 0.04004 minus 0.16003
..............\font<m-12.0> d
..............\glue(\rightskip) 0.0
.............\mark{2 John:1:3}
.............\penalty 10000
.............\glue(\baselineskip) 2.92284
.............\hbox(7.98604+3.091)x169.90706, glue set 0.90567
..............\font<m-12.0> p
..............\penalty 10000
..............\glue 0.0 plus 0.04004 minus 0.16003
..............\font<m-12.0> e
..............\penalty 10000
..............\glue 0.0 plus 0.04004 minus 0.16003
..............\font<m-12.0> a
..............\penalty 10000
..............\glue 0.0 plus 0.04004 minus 0.16003
..............\font<m-12.0> c
..............\penalty 10000
..............\glue 0.0 plus 0.04004 minus 0.16003
..............\font<m-12.0> e
..............\penalty 10000
..............\glue 0.0 plus 0.04004 minus 0.16003
..............\font<m-12.0> ,
..............\glue 2.75002 plus 2.75002 minus 1.375
..............\font<m-12.0> f
..............\penalty 10000
..............\glue 0.0 plus 0.04004 minus 0.16003
..............\font<m-12.0> r
..............\penalty 10000
..............\glue 0.0 plus 0.04004 minus 0.16003
..............\font<m-12.0> o
..............\penalty 10000
..............\glue 0.0 plus 0.04004 minus 0.16003
..............\font<m-12.0> m
..............\glue 2.75002 plus 2.75002 minus 1.375
..............\font<m-12.0> G
..............\penalty 10000
..............\glue 0.0 plus 0.04004 minus 0.16003
..............\font<m-12.0> o
..............\penalty 10000
..............\glue 0.0 plus 0.04004 minus 0.16003
..............\font<m-12.0> d
..............\glue 2.75002 plus 2.75002 minus 1.375
..............\font<m-12.0> t
..............\penalty 10000
..............\glue 0.0 plus 0.04004 minus 0.16003
..............\font<m-12.0> h
..............\penalty 10000
..............\glue 0.0 plus 0.04004 minus 0.16003
..............\font<m-12.0> e
..............\glue 2.75002 plus 2.75002 minus 1.375
..............\font<m-12.0> F
..............\penalty 10000
..............\glue 0.0 plus 0.04004 minus 0.16003
..............\font<m-12.0> a
..............\penalty 10000
..............\glue 0.0 plus 0.04004 minus 0.16003
..............\font<m-12.0> t
..............\penalty 10000
..............\glue 0.0 plus 0.04004 minus 0.16003
..............\font<m-12.0> h
..............\penalty 10000
..............\glue 0.0 plus 0.04004 minus 0.16003
..............\font<m-12.0> e
..............\penalty 10000
..............\glue 0.0 plus 0.04004 minus 0.16003
..............\font<m-12.0> r
..............\penalty 10000
..............\glue 0.0 plus 0.04004 minus 0.16003
..............\font<m-12.0> ,
..............\glue 2.75002 plus 2.75002 minus 1.375
..............\font<m-12.0> a
..............\penalty 10000
..............\glue 0.0 plus 0.04004 minus 0.16003
..............\font<m-12.0> n
..............\penalty 10000
..............\glue 0.0 plus 0.04004 minus 0.16003
..............\font<m-12.0> d
..............\glue(\rightskip) 0.0
.............\glue(\baselineskip) 2.92284
.............\hbox(7.98604+3.091)x169.90706, glue set - 0.03458
..............\font<m-12.0> f
..............\penalty 10000
..............\glue 0.0 plus 0.04004 minus 0.16003
..............\font<m-12.0> r
..............\penalty 10000
..............\glue 0.0 plus 0.04004 minus 0.16003
..............\font<m-12.0> o
..............\penalty 10000
..............\glue 0.0 plus 0.04004 minus 0.16003
..............\font<m-12.0> m
..............\glue 2.75002 plus 2.75002 minus 1.375
..............\font<m-12.0> t
..............\penalty 10000
..............\glue 0.0 plus 0.04004 minus 0.16003
..............\font<m-12.0> h
..............\penalty 10000
..............\glue 0.0 plus 0.04004 minus 0.16003
..............\font<m-12.0> e
..............\glue 2.75002 plus 2.75002 minus 1.375
..............\font<m-12.0> L
..............\penalty 10000
..............\glue 0.0 plus 0.04004 minus 0.16003
..............\font<m-12.0> o
..............\penalty 10000
..............\glue 0.0 plus 0.04004 minus 0.16003
..............\font<m-12.0> r
..............\penalty 10000
..............\glue 0.0 plus 0.04004 minus 0.16003
..............\font<m-12.0> d
..............\glue 2.75002 plus 2.75002 minus 1.375
..............\font<m-12.0> J
..............\penalty 10000
..............\glue 0.0 plus 0.04004 minus 0.16003
..............\font<m-12.0> e
..............\penalty 10000
..............\glue 0.0 plus 0.04004 minus 0.16003
..............\font<m-12.0> s
..............\penalty 10000
..............\glue 0.0 plus 0.04004 minus 0.16003
..............\font<m-12.0> u
..............\penalty 10000
..............\glue 0.0 plus 0.04004 minus 0.16003
..............\font<m-12.0> s
..............\glue 2.75002 plus 2.75002 minus 1.375
..............\font<m-12.0> C
..............\penalty 10000
..............\glue 0.0 plus 0.04004 minus 0.16003
..............\font<m-12.0> h
..............\penalty 10000
..............\glue 0.0 plus 0.04004 minus 0.16003
..............\font<m-12.0> r
..............\penalty 10000
..............\glue 0.0 plus 0.04004 minus 0.16003
..............\font<m-12.0> i
..............\penalty 10000
..............\glue 0.0 plus 0.04004 minus 0.16003
..............\font<m-12.0> s
..............\penalty 10000
..............\glue 0.0 plus 0.04004 minus 0.16003
..............\font<m-12.0> t
..............\penalty 10000
..............\glue 0.0 plus 0.04004 minus 0.16003
..............\font<m-12.0> ,
..............\glue 2.75002 plus 2.75002 minus 1.375
..............\font<m-12.0> t
..............\penalty 10000
..............\glue 0.0 plus 0.04004 minus 0.16003
..............\font<m-12.0> h
..............\penalty 10000
..............\glue 0.0 plus 0.04004 minus 0.16003
..............\font<m-12.0> e
..............\glue 2.75002 plus 2.75002 minus 1.375
..............\font<m-12.0> S
..............\penalty 10000
..............\glue 0.0 plus 0.04004 minus 0.16003
..............\font<m-12.0> o
..............\penalty 10000
..............\glue 0.0 plus 0.04004 minus 0.16003
..............\font<m-12.0> n
..............\glue(\rightskip) 0.0
.............\penalty 10000
.............\glue(\baselineskip) 2.92284
.............\hbox(7.98604+3.091)x169.90706, glue set 18.33722fil
..............\font<m-12.0> o
..............\penalty 10000
..............\glue 0.0 plus 0.04004 minus 0.16003
..............\font<m-12.0> f
..............\glue 2.75002 plus 2.75002 minus 1.375
..............\font<m-12.0> t
..............\penalty 10000
..............\glue 0.0 plus 0.04004 minus 0.16003
..............\font<m-12.0> h
..............\penalty 10000
..............\glue 0.0 plus 0.04004 minus 0.16003
..............\font<m-12.0> e
..............\glue 2.75002 plus 2.75002 minus 1.375
..............\font<m-12.0> F
..............\penalty 10000
..............\glue 0.0 plus 0.04004 minus 0.16003
..............\font<m-12.0> a
..............\penalty 10000
..............\glue 0.0 plus 0.04004 minus 0.16003
..............\font<m-12.0> t
..............\penalty 10000
..............\glue 0.0 plus 0.04004 minus 0.16003
..............\font<m-12.0> h
..............\penalty 10000
..............\glue 0.0 plus 0.04004 minus 0.16003
..............\font<m-12.0> e
..............\penalty 10000
..............\glue 0.0 plus 0.04004 minus 0.16003
..............\font<m-12.0> r
..............\penalty 10000
..............\glue 0.0 plus 0.04004 minus 0.16003
..............\font<m-12.0> ,
..............\glue 2.75002 plus 2.75002 minus 1.375
..............\font<m-12.0> i
..............\penalty 10000
..............\glue 0.0 plus 0.04004 minus 0.16003
..............\font<m-12.0> n
..............\glue 2.75002 plus 2.75002 minus 1.375
..............\font<m-12.0> t
..............\penalty 10000
..............\glue 0.0 plus 0.04004 minus 0.16003
..............\font<m-12.0> r
..............\penalty 10000
..............\glue 0.0 plus 0.04004 minus 0.16003
..............\font<m-12.0> u
..............\penalty 10000
..............\glue 0.0 plus 0.04004 minus 0.16003
..............\font<m-12.0> t
..............\penalty 10000
..............\glue 0.0 plus 0.04004 minus 0.16003
..............\font<m-12.0> h
..............\glue 2.75002 plus 2.75002 minus 1.375
..............\font<m-12.0> a
..............\penalty 10000
..............\glue 0.0 plus 0.04004 minus 0.16003
..............\font<m-12.0> n
..............\penalty 10000
..............\glue 0.0 plus 0.04004 minus 0.16003
..............\font<m-12.0> d
..............\glue 2.75002 plus 2.75002 minus 1.375
..............\font<m-12.0> l
..............\penalty 10000
..............\glue 0.0 plus 0.04004 minus 0.16003
..............\font<m-12.0> o
..............\penalty 10000
..............\glue 0.0 plus 0.04004 minus 0.16003
..............\font<m-12.0> v
..............\penalty 10000
..............\glue 0.0 plus 0.04004 minus 0.16003
..............\font<m-12.0> e
..............\penalty 10000
..............\glue 0.0 plus 0.04004 minus 0.16003
..............\font<m-12.0> .
..............\beginL
..............\pdfsavepos
..............\write0{\noexpand \@parend {0}{\the \pdflastxpos }{\the \pdflastypos }{\the \lastdepth }}
..............\endL
..............\penalty 10000
..............\glue(\parfillskip) 0.0 plus 1.0fil
..............\glue(\rightskip) 0.0
.............\write0{\@parlen{2JN1.3}{1}{4}{m}{2JN1.3}{1}}
.............\glue(\parskip) 0.0
.............\glue(\baselineskip) 1.63045
.............\hbox(9.27843+3.091)x169.90706, glue set 0.55904
..............\hbox(0.0+0.0)x0.0
..............\beginL
..............\pdfsavepos
..............\write0{\noexpand \@parstart {2JN1.4}{versetext}{m}{13.99988pt}{\the \pdflastxpos }{\the \pdflastypos }}
..............\endL
..............\special{pdf:dest (2JN.1:4) [@thispage /XYZ @xpos @ypos null]}
..............\hbox(5.98953+2.31825)x4.12503, shifted -3.2889
...............\font<v-12.0+m> 4
..............\kern 1.65001
..............\penalty 10000
..............\glue 0.0
..............\font<m-12.0> I
..............\glue 2.75002 plus 2.74725 minus 1.37637
..............\font<m-12.0> r
..............\penalty 10000
..............\glue 0.0 plus 0.04004 minus 0.16003
..............\font<m-12.0> e
..............\penalty 10000
..............\glue 0.0 plus 0.04004 minus 0.16003
..............\font<m-12.0> j
..............\penalty 10000
..............\glue 0.0 plus 0.04004 minus 0.16003
..............\font<m-12.0> o
..............\penalty 10000
..............\glue 0.0 plus 0.04004 minus 0.16003
..............\font<m-12.0> i
..............\penalty 10000
..............\glue 0.0 plus 0.04004 minus 0.16003
..............\font<m-12.0> c
..............\penalty 10000
..............\glue 0.0 plus 0.04004 minus 0.16003
..............\font<m-12.0> e
..............\penalty 10000
..............\glue 0.0 plus 0.04004 minus 0.16003
..............\font<m-12.0> d
..............\glue 2.75002 plus 2.75002 minus 1.375
..............\font<m-12.0> g
..............\penalty 10000
..............\glue 0.0 plus 0.04004 minus 0.16003
..............\font<m-12.0> r
..............\penalty 10000
..............\glue 0.0 plus 0.04004 minus 0.16003
..............\font<m-12.0> e
..............\penalty 10000
..............\glue 0.0 plus 0.04004 minus 0.16003
..............\font<m-12.0> a
..............\penalty 10000
..............\glue 0.0 plus 0.04004 minus 0.16003
..............\font<m-12.0> t
..............\penalty 10000
..............\glue 0.0 plus 0.04004 minus 0.16003
..............\font<m-12.0> l
..............\penalty 10000
..............\glue 0.0 plus 0.04004 minus 0.16003
..............\font<m-12.0> y
..............\glue 2.75002 plus 2.75002 minus 1.375
..............\font<m-12.0> t
..............\penalty 10000
..............\glue 0.0 plus 0.04004 minus 0.16003
..............\font<m-12.0> h
..............\penalty 10000
..............\glue 0.0 plus 0.04004 minus 0.16003
..............\font<m-12.0> a
..............\penalty 10000
..............\glue 0.0 plus 0.04004 minus 0.16003
..............\font<m-12.0> t
..............\glue 2.75002 plus 2.75002 minus 1.375
..............\font<m-12.0> I
..............\glue 2.75002 plus 2.74725 minus 1.37637
..............\font<m-12.0> f
..............\penalty 10000
..............\glue 0.0 plus 0.04004 minus 0.16003
..............\font<m-12.0> o
..............\penalty 10000
..............\glue 0.0 plus 0.04004 minus 0.16003
..............\font<m-12.0> u
..............\penalty 10000
..............\glue 0.0 plus 0.04004 minus 0.16003
..............\font<m-12.0> n
..............\penalty 10000
..............\glue 0.0 plus 0.04004 minus 0.16003
..............\font<m-12.0> d
..............\glue 2.75002 plus 2.75002 minus 1.375
..............\font<m-12.0> o
..............\penalty 10000
..............\glue 0.0 plus 0.04004 minus 0.16003
..............\font<m-12.0> f
..............\glue(\rightskip) 0.0
.............\mark{2 John:1:4}
.............\penalty 10000
.............\glue(\baselineskip) 2.92284
.............\hbox(7.98604+3.091)x169.90706, glue set 0.40788
..............\font<m-12.0> y
..............\penalty 10000
..............\glue 0.0 plus 0.04004 minus 0.16003
..............\font<m-12.0> o
..............\penalty 10000
..............\glue 0.0 plus 0.04004 minus 0.16003
..............\font<m-12.0> u
..............\penalty 10000
..............\glue 0.0 plus 0.04004 minus 0.16003
..............\font<m-12.0> r
..............\glue 2.75002 plus 2.75002 minus 1.375
..............\font<m-12.0> c
..............\penalty 10000
..............\glue 0.0 plus 0.04004 minus 0.16003
..............\font<m-12.0> h
..............\penalty 10000
..............\glue 0.0 plus 0.04004 minus 0.16003
..............\font<m-12.0> i
..............\penalty 10000
..............\glue 0.0 plus 0.04004 minus 0.16003
..............\font<m-12.0> l
..............\penalty 10000
..............\glue 0.0 plus 0.04004 minus 0.16003
..............\font<m-12.0> d
..............\penalty 10000
..............\glue 0.0 plus 0.04004 minus 0.16003
..............\font<m-12.0> r
..............\penalty 10000
..............\glue 0.0 plus 0.04004 minus 0.16003
..............\font<m-12.0> e
..............\penalty 10000
..............\glue 0.0 plus 0.04004 minus 0.16003
..............\font<m-12.0> n
..............\glue 2.75002 plus 2.75002 minus 1.375
..............\font<m-12.0> w
..............\penalty 10000
..............\glue 0.0 plus 0.04004 minus 0.16003
..............\font<m-12.0> a
..............\penalty 10000
..............\glue 0.0 plus 0.04004 minus 0.16003
..............\font<m-12.0> l
..............\penalty 10000
..............\glue 0.0 plus 0.04004 minus 0.16003
..............\font<m-12.0> k
..............\penalty 10000
..............\glue 0.0 plus 0.04004 minus 0.16003
..............\font<m-12.0> i
..............\penalty 10000
..............\glue 0.0 plus 0.04004 minus 0.16003
..............\font<m-12.0> n
..............\penalty 10000
..............\glue 0.0 plus 0.04004 minus 0.16003
..............\font<m-12.0> g
..............\glue 2.75002 plus 2.75002 minus 1.375
..............\font<m-12.0> i
..............\penalty 10000
..............\glue 0.0 plus 0.04004 minus 0.16003
..............\font<m-12.0> n
..............\glue 2.75002 plus 2.75002 minus 1.375
..............\font<m-12.0> t
..............\penalty 10000
..............\glue 0.0 plus 0.04004 minus 0.16003
..............\font<m-12.0> r
..............\penalty 10000
..............\glue 0.0 plus 0.04004 minus 0.16003
..............\font<m-12.0> u
..............\penalty 10000
..............\glue 0.0 plus 0.04004 minus 0.16003
..............\font<m-12.0> t
..............\penalty 10000
..............\glue 0.0 plus 0.04004 minus 0.16003
..............\font<m-12.0> h
..............\penalty 10000
..............\glue 0.0 plus 0.04004 minus 0.16003
..............\font<m-12.0> ,
..............\glue 2.75002 plus 2.75002 minus 1.375
..............\font<m-12.0> a
..............\penalty 10000
..............\glue 0.0 plus 0.04004 minus 0.16003
..............\font<m-12.0> s
..............\glue(\rightskip) 0.0
.............\glue(\baselineskip) 2.92284
.............\hbox(7.98604+3.091)x169.90706, glue set 0.04553
..............\font<m-12.0> w
..............\penalty 10000
..............\glue 0.0 plus 0.04004 minus 0.16003
..............\font<m-12.0> e
..............\glue 2.75002 plus 2.75002 minus 1.375
..............\font<m-12.0> h
..............\penalty 10000
..............\glue 0.0 plus 0.04004 minus 0.16003
..............\font<m-12.0> a
..............\penalty 10000
..............\glue 0.0 plus 0.04004 minus 0.16003
..............\font<m-12.0> v
..............\penalty 10000
..............\glue 0.0 plus 0.04004 minus 0.16003
..............\font<m-12.0> e
..............\glue 2.75002 plus 2.75002 minus 1.375
..............\font<m-12.0> r
..............\penalty 10000
..............\glue 0.0 plus 0.04004 minus 0.16003
..............\font<m-12.0> e
..............\penalty 10000
..............\glue 0.0 plus 0.04004 minus 0.16003
..............\font<m-12.0> c
..............\penalty 10000
..............\glue 0.0 plus 0.04004 minus 0.16003
..............\font<m-12.0> e
..............\penalty 10000
..............\glue 0.0 plus 0.04004 minus 0.16003
..............\font<m-12.0> i
..............\penalty 10000
..............\glue 0.0 plus 0.04004 minus 0.16003
..............\font<m-12.0> v
..............\penalty 10000
..............\glue 0.0 plus 0.04004 minus 0.16003
..............\font<m-12.0> e
..............\penalty 10000
..............\glue 0.0 plus 0.04004 minus 0.16003
..............\font<m-12.0> d
..............\glue 2.75002 plus 2.75002 minus 1.375
..............\font<m-12.0> a
..............\glue 2.75002 plus 2.75002 minus 1.375
..............\font<m-12.0> c
..............\penalty 10000
..............\glue 0.0 plus 0.04004 minus 0.16003
..............\font<m-12.0> o
..............\penalty 10000
..............\glue 0.0 plus 0.04004 minus 0.16003
..............\font<m-12.0> m
..............\penalty 10000
..............\glue 0.0 plus 0.04004 minus 0.16003
..............\font<m-12.0> m
..............\penalty 10000
..............\glue 0.0 plus 0.04004 minus 0.16003
..............\font<m-12.0> a
..............\penalty 10000
..............\glue 0.0 plus 0.04004 minus 0.16003
..............\font<m-12.0> n
..............\penalty 10000
..............\glue 0.0 plus 0.04004 minus 0.16003
..............\font<m-12.0> d
..............\penalty 10000
..............\glue 0.0 plus 0.04004 minus 0.16003
..............\font<m-12.0> m
..............\penalty 10000
..............\glue 0.0 plus 0.04004 minus 0.16003
..............\font<m-12.0> e
..............\penalty 10000
..............\glue 0.0 plus 0.04004 minus 0.16003
..............\font<m-12.0> n
..............\penalty 10000
..............\glue 0.0 plus 0.04004 minus 0.16003
..............\font<m-12.0> t
..............\glue(\rightskip) 0.0
.............\penalty 10000
.............\glue(\baselineskip) 2.92284
.............\hbox(7.98604+3.091)x169.90706, glue set 91.45462fil
..............\font<m-12.0> f
..............\penalty 10000
..............\glue 0.0 plus 0.04004 minus 0.16003
..............\font<m-12.0> r
..............\penalty 10000
..............\glue 0.0 plus 0.04004 minus 0.16003
..............\font<m-12.0> o
..............\penalty 10000
..............\glue 0.0 plus 0.04004 minus 0.16003
..............\font<m-12.0> m
..............\glue 2.75002 plus 2.75002 minus 1.375
..............\font<m-12.0> t
..............\penalty 10000
..............\glue 0.0 plus 0.04004 minus 0.16003
..............\font<m-12.0> h
..............\penalty 10000
..............\glue 0.0 plus 0.04004 minus 0.16003
..............\font<m-12.0> e
..............\glue 2.75002 plus 2.75002 minus 1.375
..............\font<m-12.0> F
..............\penalty 10000
..............\glue 0.0 plus 0.04004 minus 0.16003
..............\font<m-12.0> a
..............\penalty 10000
..............\glue 0.0 plus 0.04004 minus 0.16003
..............\font<m-12.0> t
..............\penalty 10000
..............\glue 0.0 plus 0.04004 minus 0.16003
..............\font<m-12.0> h
..............\penalty 10000
..............\glue 0.0 plus 0.04004 minus 0.16003
..............\font<m-12.0> e
..............\penalty 10000
..............\glue 0.0 plus 0.04004 minus 0.16003
..............\font<m-12.0> r
..............\penalty 10000
..............\glue 0.0 plus 0.04004 minus 0.16003
..............\font<m-12.0> .
..............\beginL
..............\pdfsavepos
..............\write0{\noexpand \@parend {0}{\the \pdflastxpos }{\the \pdflastypos }{\the \lastdepth }}
..............\endL
..............\penalty 10000
..............\glue(\parfillskip) 0.0 plus 1.0fil
..............\glue(\rightskip) 0.0
.............\write0{\@parlen{2JN1.4}{1}{4}{m}{2JN1.4}{1}}
.............\glue(\parskip) 0.0
.............\glue(\baselineskip) 1.63045
.............\hbox(9.27843+3.091)x169.90706, glue set 1.37082
..............\hbox(0.0+0.0)x0.0
..............\beginL
..............\pdfsavepos
..............\write0{\noexpand \@parstart {2JN1.5}{versetext}{m}{13.99988pt}{\the \pdflastxpos }{\the \pdflastypos }}
..............\endL
..............\special{pdf:dest (2JN.1:5) [@thispage /XYZ @xpos @ypos null]}
..............\hbox(5.98953+2.31825)x4.12503, shifted -3.2889
...............\font<v-12.0+m> 5
..............\kern 1.65001
..............\penalty 10000
..............\glue 0.0
..............\font<m-12.0> A
..............\penalty 10000
..............\glue 0.0 plus 0.04004 minus 0.16003
..............\font<m-12.0> n
..............\penalty 10000
..............\glue 0.0 plus 0.04004 minus 0.16003
..............\font<m-12.0> d
..............\glue 2.75002 plus 2.75002 minus 1.375
..............\font<m-12.0> n
..............\penalty 10000
..............\glue 0.0 plus 0.04004 minus 0.16003
..............\font<m-12.0> o
..............\penalty 10000
..............\glue 0.0 plus 0.04004 minus 0.16003
..............\font<m-12.0> w
..............\glue 2.75002 plus 2.75002 minus 1.375
..............\font<m-12.0> I
..............\glue 2.75002 plus 2.74725 minus 1.37637
..............\font<m-12.0> b
..............\penalty 10000
..............\glue 0.0 plus 0.04004 minus 0.16003
..............\font<m-12.0> e
..............\penalty 10000
..............\glue 0.0 plus 0.04004 minus 0.16003
..............\font<m-12.0> s
..............\penalty 10000
..............\glue 0.0 plus 0.04004 minus 0.16003
..............\font<m-12.0> e
..............\penalty 10000
..............\glue 0.0 plus 0.04004 minus 0.16003
..............\font<m-12.0> e
..............\penalty 10000
..............\glue 0.0 plus 0.04004 minus 0.16003
..............\font<m-12.0> c
..............\penalty 10000
..............\glue 0.0 plus 0.04004 minus 0.16003
..............\font<m-12.0> h
..............\glue 2.75002 plus 2.75002 minus 1.375
..............\font<m-12.0> y
..............\penalty 10000
..............\glue 0.0 plus 0.04004 minus 0.16003
..............\font<m-12.0> o
..............\penalty 10000
..............\glue 0.0 plus 0.04004 minus 0.16003
..............\font<m-12.0> u
..............\penalty 10000
..............\glue 0.0 plus 0.04004 minus 0.16003
..............\font<m-12.0> ,
..............\glue 2.75002 plus 2.75002 minus 1.375
..............\font<m-12.0> l
..............\penalty 10000
..............\glue 0.0 plus 0.04004 minus 0.16003
..............\font<m-12.0> a
..............\penalty 10000
..............\glue 0.0 plus 0.04004 minus 0.16003
..............\font<m-12.0> d
..............\penalty 10000
..............\glue 0.0 plus 0.04004 minus 0.16003
..............\font<m-12.0> y
..............\penalty 10000
..............\glue 0.0 plus 0.04004 minus 0.16003
..............\font<m-12.0> ,
..............\glue(\rightskip) 0.0
.............\mark{2 John:1:5}
.............\penalty 10000
.............\glue(\baselineskip) 2.92284
.............\hbox(7.98604+3.091)x169.90706, glue set 1.97394
..............\font<m-12.0> n
..............\penalty 10000
..............\glue 0.0 plus 0.04004 minus 0.16003
..............\font<m-12.0> o
..............\penalty 10000
..............\glue 0.0 plus 0.04004 minus 0.16003
..............\font<m-12.0> t
..............\glue 2.75002 plus 2.75002 minus 1.375
..............\font<m-12.0> a
..............\penalty 10000
..............\glue 0.0 plus 0.04004 minus 0.16003
..............\font<m-12.0> s
..............\glue 2.75002 plus 2.75002 minus 1.375
..............\font<m-12.0> t
..............\penalty 10000
..............\glue 0.0 plus 0.04004 minus 0.16003
..............\font<m-12.0> h
..............\penalty 10000
..............\glue 0.0 plus 0.04004 minus 0.16003
..............\font<m-12.0> o
..............\penalty 10000
..............\glue 0.0 plus 0.04004 minus 0.16003
..............\font<m-12.0> u
..............\penalty 10000
..............\glue 0.0 plus 0.04004 minus 0.16003
..............\font<m-12.0> g
..............\penalty 10000
..............\glue 0.0 plus 0.04004 minus 0.16003
..............\font<m-12.0> h
..............\glue 2.75002 plus 2.75002 minus 1.375
..............\font<m-12.0> I
..............\glue 2.75002 plus 2.74725 minus 1.37637
..............\font<m-12.0> w
..............\penalty 10000
..............\glue 0.0 plus 0.04004 minus 0.16003
..............\font<m-12.0> r
..............\penalty 10000
..............\glue 0.0 plus 0.04004 minus 0.16003
..............\font<m-12.0> o
..............\penalty 10000
..............\glue 0.0 plus 0.04004 minus 0.16003
..............\font<m-12.0> t
..............\penalty 10000
..............\glue 0.0 plus 0.04004 minus 0.16003
..............\font<m-12.0> e
..............\glue 2.75002 plus 2.75002 minus 1.375
..............\font<m-12.0> a
..............\glue 2.75002 plus 2.75002 minus 1.375
..............\font<m-12.0> n
..............\penalty 10000
..............\glue 0.0 plus 0.04004 minus 0.16003
..............\font<m-12.0> e
..............\penalty 10000
..............\glue 0.0 plus 0.04004 minus 0.16003
..............\font<m-12.0> w
..............\glue(\rightskip) 0.0
.............\glue(\baselineskip) 2.92284
.............\hbox(7.98604+3.091)x169.90706, glue set 1.57509
..............\font<m-12.0> c
..............\penalty 10000
..............\glue 0.0 plus 0.04004 minus 0.16003
..............\font<m-12.0> o
..............\penalty 10000
..............\glue 0.0 plus 0.04004 minus 0.16003
..............\font<m-12.0> m
..............\penalty 10000
..............\glue 0.0 plus 0.04004 minus 0.16003
..............\font<m-12.0> m
..............\penalty 10000
..............\glue 0.0 plus 0.04004 minus 0.16003
..............\font<m-12.0> a
..............\penalty 10000
..............\glue 0.0 plus 0.04004 minus 0.16003
..............\font<m-12.0> n
..............\penalty 10000
..............\glue 0.0 plus 0.04004 minus 0.16003
..............\font<m-12.0> d
..............\penalty 10000
..............\glue 0.0 plus 0.04004 minus 0.16003
..............\font<m-12.0> m
..............\penalty 10000
..............\glue 0.0 plus 0.04004 minus 0.16003
..............\font<m-12.0> e
..............\penalty 10000
..............\glue 0.0 plus 0.04004 minus 0.16003
..............\font<m-12.0> n
..............\penalty 10000
..............\glue 0.0 plus 0.04004 minus 0.16003
..............\font<m-12.0> t
..............\glue 2.75002 plus 2.75002 minus 1.375
..............\font<m-12.0> t
..............\penalty 10000
..............\glue 0.0 plus 0.04004 minus 0.16003
..............\font<m-12.0> o
..............\glue 2.75002 plus 2.75002 minus 1.375
..............\font<m-12.0> y
..............\penalty 10000
..............\glue 0.0 plus 0.04004 minus 0.16003
..............\font<m-12.0> o
..............\penalty 10000
..............\glue 0.0 plus 0.04004 minus 0.16003
..............\font<m-12.0> u
..............\penalty 10000
..............\glue 0.0 plus 0.04004 minus 0.16003
..............\font<m-12.0> ,
..............\glue 2.75002 plus 2.75002 minus 1.375
..............\font<m-12.0> b
..............\penalty 10000
..............\glue 0.0 plus 0.04004 minus 0.16003
..............\font<m-12.0> u
..............\penalty 10000
..............\glue 0.0 plus 0.04004 minus 0.16003
..............\font<m-12.0> t
..............\glue 2.75002 plus 2.75002 minus 1.375
..............\font<m-12.0> t
..............\penalty 10000
..............\glue 0.0 plus 0.04004 minus 0.16003
..............\font<m-12.0> h
..............\penalty 10000
..............\glue 0.0 plus 0.04004 minus 0.16003
..............\font<m-12.0> a
..............\penalty 10000
..............\glue 0.0 plus 0.04004 minus 0.16003
..............\font<m-12.0> t
..............\glue(\rightskip) 0.0
.............\glue(\baselineskip) 2.92284
.............\hbox(7.98604+3.091)x169.90706, glue set 0.15305
..............\font<m-12.0> w
..............\penalty 10000
..............\glue 0.0 plus 0.04004 minus 0.16003
..............\font<m-12.0> h
..............\penalty 10000
..............\glue 0.0 plus 0.04004 minus 0.16003
..............\font<m-12.0> i
..............\penalty 10000
..............\glue 0.0 plus 0.04004 minus 0.16003
..............\font<m-12.0> c
..............\penalty 10000
..............\glue 0.0 plus 0.04004 minus 0.16003
..............\font<m-12.0> h
..............\glue 2.75002 plus 2.75002 minus 1.375
..............\font<m-12.0> w
..............\penalty 10000
..............\glue 0.0 plus 0.04004 minus 0.16003
..............\font<m-12.0> e
..............\glue 2.75002 plus 2.75002 minus 1.375
..............\font<m-12.0> h
..............\penalty 10000
..............\glue 0.0 plus 0.04004 minus 0.16003
..............\font<m-12.0> a
..............\penalty 10000
..............\glue 0.0 plus 0.04004 minus 0.16003
..............\font<m-12.0> d
..............\glue 2.75002 plus 2.75002 minus 1.375
..............\font<m-12.0> f
..............\penalty 10000
..............\glue 0.0 plus 0.04004 minus 0.16003
..............\font<m-12.0> r
..............\penalty 10000
..............\glue 0.0 plus 0.04004 minus 0.16003
..............\font<m-12.0> o
..............\penalty 10000
..............\glue 0.0 plus 0.04004 minus 0.16003
..............\font<m-12.0> m
..............\glue 2.75002 plus 2.75002 minus 1.375
..............\font<m-12.0> t
..............\penalty 10000
..............\glue 0.0 plus 0.04004 minus 0.16003
..............\font<m-12.0> h
..............\penalty 10000
..............\glue 0.0 plus 0.04004 minus 0.16003
..............\font<m-12.0> e
..............\glue 2.75002 plus 2.75002 minus 1.375
..............\font<m-12.0> b
..............\penalty 10000
..............\glue 0.0 plus 0.04004 minus 0.16003
..............\font<m-12.0> e
..............\penalty 10000
..............\glue 0.0 plus 0.04004 minus 0.16003
..............\font<m-12.0> g
..............\penalty 10000
..............\glue 0.0 plus 0.04004 minus 0.16003
..............\font<m-12.0> i
..............\penalty 10000
..............\glue 0.0 plus 0.04004 minus 0.16003
..............\font<m-12.0> n
..............\penalty 10000
..............\glue 0.0 plus 0.04004 minus 0.16003
..............\font<m-12.0> n
..............\penalty 10000
..............\glue 0.0 plus 0.04004 minus 0.16003
..............\font<m-12.0> i
..............\penalty 10000
..............\glue 0.0 plus 0.04004 minus 0.16003
..............\font<m-12.0> n
..............\penalty 10000
..............\glue 0.0 plus 0.04004 minus 0.16003
..............\font<m-12.0> g
..............\penalty 10000
..............\glue 0.0 plus 0.04004 minus 0.16003
..............\font<m-12.0> ,
..............\glue(\rightskip) 0.0
.............\penalty 10000
.............\glue(\baselineskip) 2.92284
.............\hbox(7.98604+3.091)x169.90706, glue set 46.76138fil
..............\font<m-12.0> t
..............\penalty 10000
..............\glue 0.0 plus 0.04004 minus 0.16003
..............\font<m-12.0> h
..............\penalty 10000
..............\glue 0.0 plus 0.04004 minus 0.16003
..............\font<m-12.0> a
..............\penalty 10000
..............\glue 0.0 plus 0.04004 minus 0.16003
..............\font<m-12.0> t
..............\glue 2.75002 plus 2.75002 minus 1.375
..............\font<m-12.0> w
..............\penalty 10000
..............\glue 0.0 plus 0.04004 minus 0.16003
..............\font<m-12.0> e
..............\glue 2.75002 plus 2.75002 minus 1.375
..............\font<m-12.0> l
..............\penalty 10000
..............\glue 0.0 plus 0.04004 minus 0.16003
..............\font<m-12.0> o
..............\penalty 10000
..............\glue 0.0 plus 0.04004 minus 0.16003
..............\font<m-12.0> v
..............\penalty 10000
..............\glue 0.0 plus 0.04004 minus 0.16003
..............\font<m-12.0> e
..............\glue 2.75002 plus 2.75002 minus 1.375
..............\font<m-12.0> o
..............\penalty 10000
..............\glue 0.0 plus 0.04004 minus 0.16003
..............\font<m-12.0> n
..............\penalty 10000
..............\glue 0.0 plus 0.04004 minus 0.16003
..............\font<m-12.0> e
..............\glue 2.75002 plus 2.75002 minus 1.375
..............\font<m-12.0> a
..............\penalty 10000
..............\glue 0.0 plus 0.04004 minus 0.16003
..............\font<m-12.0> n
..............\penalty 10000
..............\glue 0.0 plus 0.04004 minus 0.16003
..............\font<m-12.0> o
..............\penalty 10000
..............\glue 0.0 plus 0.04004 minus 0.16003
..............\font<m-12.0> t
..............\penalty 10000
..............\glue 0.0 plus 0.04004 minus 0.16003
..............\font<m-12.0> h
..............\penalty 10000
..............\glue 0.0 plus 0.04004 minus 0.16003
..............\font<m-12.0> e
..............\penalty 10000
..............\glue 0.0 plus 0.04004 minus 0.16003
..............\font<m-12.0> r
..............\penalty 10000
..............\glue 0.0 plus 0.04004 minus 0.16003
..............\font<m-12.0> .
..............\beginL
..............\pdfsavepos
..............\write0{\noexpand \@parend {0}{\the \pdflastxpos }{\the \pdflastypos }{\the \lastdepth }}
..............\endL
..............\penalty 10000
..............\glue(\parfillskip) 0.0 plus 1.0fil
..............\glue(\rightskip) 0.0
.............\write0{\@parlen{2JN1.5}{1}{5}{m}{2JN1.5}{1}}
.............\glue(\parskip) 0.0
.............\glue(\baselineskip) 1.63045
.............\hbox(9.27843+3.091)x169.90706, glue set 1.1275
..............\hbox(0.0+0.0)x0.0
..............\beginL
..............\pdfsavepos
..............\write0{\noexpand \@parstart {2JN1.6}{versetext}{m}{13.99988pt}{\the \pdflastxpos }{\the \pdflastypos }}
..............\endL
..............\special{pdf:dest (2JN.1:6) [@thispage /XYZ @xpos @ypos null]}
..............\hbox(5.98953+2.31825)x4.12503, shifted -3.2889
...............\font<v-12.0+m> 6
..............\kern 1.65001
..............\penalty 10000
..............\glue 0.0
..............\font<m-12.0> A
..............\penalty 10000
..............\glue 0.0 plus 0.04004 minus 0.16003
..............\font<m-12.0> n
..............\penalty 10000
..............\glue 0.0 plus 0.04004 minus 0.16003
..............\font<m-12.0> d
..............\glue 2.75002 plus 2.75002 minus 1.375
..............\font<m-12.0> t
..............\penalty 10000
..............\glue 0.0 plus 0.04004 minus 0.16003
..............\font<m-12.0> h
..............\penalty 10000
..............\glue 0.0 plus 0.04004 minus 0.16003
..............\font<m-12.0> i
..............\penalty 10000
..............\glue 0.0 plus 0.04004 minus 0.16003
..............\font<m-12.0> s
..............\glue 2.75002 plus 2.75002 minus 1.375
..............\font<m-12.0> i
..............\penalty 10000
..............\glue 0.0 plus 0.04004 minus 0.16003
..............\font<m-12.0> s
..............\glue 2.75002 plus 2.75002 minus 1.375
..............\font<m-12.0> l
..............\penalty 10000
..............\glue 0.0 plus 0.04004 minus 0.16003
..............\font<m-12.0> o
..............\penalty 10000
..............\glue 0.0 plus 0.04004 minus 0.16003
..............\font<m-12.0> v
..............\penalty 10000
..............\glue 0.0 plus 0.04004 minus 0.16003
..............\font<m-12.0> e
..............\penalty 10000
..............\glue 0.0 plus 0.04004 minus 0.16003
..............\font<m-12.0> ,
..............\glue 2.75002 plus 2.75002 minus 1.375
..............\font<m-12.0> t
..............\penalty 10000
..............\glue 0.0 plus 0.04004 minus 0.16003
..............\font<m-12.0> h
..............\penalty 10000
..............\glue 0.0 plus 0.04004 minus 0.16003
..............\font<m-12.0> a
..............\penalty 10000
..............\glue 0.0 plus 0.04004 minus 0.16003
..............\font<m-12.0> t
..............\glue 2.75002 plus 2.75002 minus 1.375
..............\font<m-12.0> w
..............\penalty 10000
..............\glue 0.0 plus 0.04004 minus 0.16003
..............\font<m-12.0> e
..............\glue 2.75002 plus 2.75002 minus 1.375
..............\font<m-12.0> w
..............\penalty 10000
..............\glue 0.0 plus 0.04004 minus 0.16003
..............\font<m-12.0> a
..............\penalty 10000
..............\glue 0.0 plus 0.04004 minus 0.16003
..............\font<m-12.0> l
..............\penalty 10000
..............\glue 0.0 plus 0.04004 minus 0.16003
..............\font<m-12.0> k
..............\glue(\rightskip) 0.0
.............\mark{2 John:1:6}
.............\penalty 10000
.............\glue(\baselineskip) 2.92284
.............\hbox(7.98604+3.091)x169.90706, glue set 1.02771
..............\font<m-12.0> a
..............\penalty 10000
..............\glue 0.0 plus 0.04004 minus 0.16003
..............\font<m-12.0> f
..............\penalty 10000
..............\glue 0.0 plus 0.04004 minus 0.16003
..............\font<m-12.0> t
..............\penalty 10000
..............\glue 0.0 plus 0.04004 minus 0.16003
..............\font<m-12.0> e
..............\penalty 10000
..............\glue 0.0 plus 0.04004 minus 0.16003
..............\font<m-12.0> r
..............\glue 2.75002 plus 2.75002 minus 1.375
..............\font<m-12.0> h
..............\penalty 10000
..............\glue 0.0 plus 0.04004 minus 0.16003
..............\font<m-12.0> i
..............\penalty 10000
..............\glue 0.0 plus 0.04004 minus 0.16003
..............\font<m-12.0> s
..............\glue 2.75002 plus 2.75002 minus 1.375
..............\font<m-12.0> c
..............\penalty 10000
..............\glue 0.0 plus 0.04004 minus 0.16003
..............\font<m-12.0> o
..............\penalty 10000
..............\glue 0.0 plus 0.04004 minus 0.16003
..............\font<m-12.0> m
..............\penalty 10000
..............\glue 0.0 plus 0.04004 minus 0.16003
..............\font<m-12.0> m
..............\penalty 10000
..............\glue 0.0 plus 0.04004 minus 0.16003
..............\font<m-12.0> a
..............\penalty 10000
..............\glue 0.0 plus 0.04004 minus 0.16003
..............\font<m-12.0> n
..............\penalty 10000
..............\glue 0.0 plus 0.04004 minus 0.16003
..............\font<m-12.0> d
..............\penalty 10000
..............\glue 0.0 plus 0.04004 minus 0.16003
..............\font<m-12.0> m
..............\penalty 10000
..............\glue 0.0 plus 0.04004 minus 0.16003
..............\font<m-12.0> e
..............\penalty 10000
..............\glue 0.0 plus 0.04004 minus 0.16003
..............\font<m-12.0> n
..............\penalty 10000
..............\glue 0.0 plus 0.04004 minus 0.16003
..............\font<m-12.0> t
..............\penalty 10000
..............\glue 0.0 plus 0.04004 minus 0.16003
..............\font<m-12.0> s
..............\penalty 10000
..............\glue 0.0 plus 0.04004 minus 0.16003
..............\font<m-12.0> .
..............\glue 2.75002 plus 2.75002 minus 1.375
..............\font<m-12.0> T
..............\penalty 10000
..............\glue 0.0 plus 0.04004 minus 0.16003
..............\font<m-12.0> h
..............\penalty 10000
..............\glue 0.0 plus 0.04004 minus 0.16003
..............\font<m-12.0> i
..............\penalty 10000
..............\glue 0.0 plus 0.04004 minus 0.16003
..............\font<m-12.0> s
..............\glue 2.75002 plus 2.75002 minus 1.375
..............\font<m-12.0> i
..............\penalty 10000
..............\glue 0.0 plus 0.04004 minus 0.16003
..............\font<m-12.0> s
..............\glue(\rightskip) 0.0
.............\glue(\baselineskip) 2.92284
.............\hbox(7.98604+3.091)x169.90706, glue set 1.10925
..............\font<m-12.0> t
..............\penalty 10000
..............\glue 0.0 plus 0.04004 minus 0.16003
..............\font<m-12.0> h
..............\penalty 10000
..............\glue 0.0 plus 0.04004 minus 0.16003
..............\font<m-12.0> e
..............\glue 2.75002 plus 2.75002 minus 1.375
..............\font<m-12.0> c
..............\penalty 10000
..............\glue 0.0 plus 0.04004 minus 0.16003
..............\font<m-12.0> o
..............\penalty 10000
..............\glue 0.0 plus 0.04004 minus 0.16003
..............\font<m-12.0> m
..............\penalty 10000
..............\glue 0.0 plus 0.04004 minus 0.16003
..............\font<m-12.0> m
..............\penalty 10000
..............\glue 0.0 plus 0.04004 minus 0.16003
..............\font<m-12.0> a
..............\penalty 10000
..............\glue 0.0 plus 0.04004 minus 0.16003
..............\font<m-12.0> n
..............\penalty 10000
..............\glue 0.0 plus 0.04004 minus 0.16003
..............\font<m-12.0> d
..............\penalty 10000
..............\glue 0.0 plus 0.04004 minus 0.16003
..............\font<m-12.0> m
..............\penalty 10000
..............\glue 0.0 plus 0.04004 minus 0.16003
..............\font<m-12.0> e
..............\penalty 10000
..............\glue 0.0 plus 0.04004 minus 0.16003
..............\font<m-12.0> n
..............\penalty 10000
..............\glue 0.0 plus 0.04004 minus 0.16003
..............\font<m-12.0> t
..............\penalty 10000
..............\glue 0.0 plus 0.04004 minus 0.16003
..............\font<m-12.0> ,
..............\glue 2.75002 plus 2.75002 minus 1.375
..............\font<m-12.0> T
..............\penalty 10000
..............\glue 0.0 plus 0.04004 minus 0.16003
..............\font<m-12.0> h
..............\penalty 10000
..............\glue 0.0 plus 0.04004 minus 0.16003
..............\font<m-12.0> a
..............\penalty 10000
..............\glue 0.0 plus 0.04004 minus 0.16003
..............\font<m-12.0> t
..............\penalty 10000
..............\glue 0.0 plus 0.04004 minus 0.16003
..............\font<m-12.0> ,
..............\glue 2.75002 plus 2.75002 minus 1.375
..............\font<m-12.0> a
..............\penalty 10000
..............\glue 0.0 plus 0.04004 minus 0.16003
..............\font<m-12.0> s
..............\glue 2.75002 plus 2.75002 minus 1.375
..............\font<m-12.0> y
..............\penalty 10000
..............\glue 0.0 plus 0.04004 minus 0.16003
..............\font<m-12.0> o
..............\penalty 10000
..............\glue 0.0 plus 0.04004 minus 0.16003
..............\font<m-12.0> u
..............\glue(\rightskip) 0.0
.............\glue(\baselineskip) 2.92284
.............\hbox(7.98604+3.091)x169.90706, glue set - 0.47935
..............\font<m-12.0> h
..............\penalty 10000
..............\glue 0.0 plus 0.04004 minus 0.16003
..............\font<m-12.0> a
..............\penalty 10000
..............\glue 0.0 plus 0.04004 minus 0.16003
..............\font<m-12.0> v
..............\penalty 10000
..............\glue 0.0 plus 0.04004 minus 0.16003
..............\font<m-12.0> e
..............\glue 2.75002 plus 2.75002 minus 1.375
..............\font<m-12.0> h
..............\penalty 10000
..............\glue 0.0 plus 0.04004 minus 0.16003
..............\font<m-12.0> e
..............\penalty 10000
..............\glue 0.0 plus 0.04004 minus 0.16003
..............\font<m-12.0> a
..............\penalty 10000
..............\glue 0.0 plus 0.04004 minus 0.16003
..............\font<m-12.0> r
..............\penalty 10000
..............\glue 0.0 plus 0.04004 minus 0.16003
..............\font<m-12.0> d
..............\glue 2.75002 plus 2.75002 minus 1.375
..............\font<m-12.0> f
..............\penalty 10000
..............\glue 0.0 plus 0.04004 minus 0.16003
..............\font<m-12.0> r
..............\penalty 10000
..............\glue 0.0 plus 0.04004 minus 0.16003
..............\font<m-12.0> o
..............\penalty 10000
..............\glue 0.0 plus 0.04004 minus 0.16003
..............\font<m-12.0> m
..............\glue 2.75002 plus 2.75002 minus 1.375
..............\font<m-12.0> t
..............\penalty 10000
..............\glue 0.0 plus 0.04004 minus 0.16003
..............\font<m-12.0> h
..............\penalty 10000
..............\glue 0.0 plus 0.04004 minus 0.16003
..............\font<m-12.0> e
..............\glue 2.75002 plus 2.75002 minus 1.375
..............\font<m-12.0> b
..............\penalty 10000
..............\glue 0.0 plus 0.04004 minus 0.16003
..............\font<m-12.0> e
..............\penalty 10000
..............\glue 0.0 plus 0.04004 minus 0.16003
..............\font<m-12.0> g
..............\penalty 10000
..............\glue 0.0 plus 0.04004 minus 0.16003
..............\font<m-12.0> i
..............\penalty 10000
..............\glue 0.0 plus 0.04004 minus 0.16003
..............\font<m-12.0> n
..............\penalty 10000
..............\glue 0.0 plus 0.04004 minus 0.16003
..............\font<m-12.0> n
..............\penalty 10000
..............\glue 0.0 plus 0.04004 minus 0.16003
..............\font<m-12.0> i
..............\penalty 10000
..............\glue 0.0 plus 0.04004 minus 0.16003
..............\font<m-12.0> n
..............\penalty 10000
..............\glue 0.0 plus 0.04004 minus 0.16003
..............\font<m-12.0> g
..............\penalty 10000
..............\glue 0.0 plus 0.04004 minus 0.16003
..............\font<m-12.0> ,
..............\glue 2.75002 plus 2.75002 minus 1.375
..............\font<m-12.0> y
..............\penalty 10000
..............\glue 0.0 plus 0.04004 minus 0.16003
..............\font<m-12.0> o
..............\penalty 10000
..............\glue 0.0 plus 0.04004 minus 0.16003
..............\font<m-12.0> u
..............\glue(\rightskip) 0.0
.............\penalty 10000
.............\glue(\baselineskip) 2.92284
.............\hbox(7.98604+3.091)x169.90706, glue set 84.98659fil
..............\font<m-12.0> s
..............\penalty 10000
..............\glue 0.0 plus 0.04004 minus 0.16003
..............\font<m-12.0> h
..............\penalty 10000
..............\glue 0.0 plus 0.04004 minus 0.16003
..............\font<m-12.0> o
..............\penalty 10000
..............\glue 0.0 plus 0.04004 minus 0.16003
..............\font<m-12.0> u
..............\penalty 10000
..............\glue 0.0 plus 0.04004 minus 0.16003
..............\font<m-12.0> l
..............\penalty 10000
..............\glue 0.0 plus 0.04004 minus 0.16003
..............\font<m-12.0> d
..............\glue 2.75002 plus 2.75002 minus 1.375
..............\font<m-12.0> w
..............\penalty 10000
..............\glue 0.0 plus 0.04004 minus 0.16003
..............\font<m-12.0> a
..............\penalty 10000
..............\glue 0.0 plus 0.04004 minus 0.16003
..............\font<m-12.0> l
..............\penalty 10000
..............\glue 0.0 plus 0.04004 minus 0.16003
..............\font<m-12.0> k
..............\glue 2.75002 plus 2.75002 minus 1.375
..............\font<m-12.0> i
..............\penalty 10000
..............\glue 0.0 plus 0.04004 minus 0.16003
..............\font<m-12.0> n
..............\glue 2.75002 plus 2.75002 minus 1.375
..............\font<m-12.0> i
..............\penalty 10000
..............\glue 0.0 plus 0.04004 minus 0.16003
..............\font<m-12.0> t
..............\penalty 10000
..............\glue 0.0 plus 0.04004 minus 0.16003
..............\font<m-12.0> .
..............\beginL
..............\pdfsavepos
..............\write0{\noexpand \@parend {0}{\the \pdflastxpos }{\the \pdflastypos }{\the \lastdepth }}
..............\endL
..............\penalty 10000
..............\glue(\parfillskip) 0.0 plus 1.0fil
..............\glue(\rightskip) 0.0
.............\write0{\@parlen{2JN1.6}{1}{5}{m}{2JN1.6}{1}}
.............\pdfsavepos
.............\write0{\string \@colstop {\the \pdflastxpos }{\the \pdflastypos }}
.............\glue 0.0 plus 1.0fil
............\glue 0.0 plus 1.0fil
............\vbox(349.99695+0.0)x1.0
.............\glue 3.0
.............\hbox(346.99695+0.0)x1.0
..............\hbox(346.99695+0.0)x1.0, glue set 0.3fil
...............\special{color push rgb 0 0 0}
...............\glue 0.0 plus 1.0fil
...............\rule(346.99695+*)x0.4
...............\glue 0.0 plus 1.0fil
...............\special{color pop}
.............\glue 0.0 plus 1.0fil
............\glue 0.0 plus 1.0fil
............\vbox(349.99695+0.0)x169.90706
.............\pdfsavepos
.............\write0{\@colstart{349.99695pt}{3.091pt}{169.90706pt}{\the \pdflastxpos }{\the \pdflastypos }}
.............\glue(\splittopskip) 4.72145
.............\hbox(9.27843+3.091)x169.90706, glue set 0.94293
..............\hbox(0.0+0.0)x0.0
..............\beginL
..............\pdfsavepos
..............\write0{\noexpand \@parstart {2JN1.7}{versetext}{m}{13.99988pt}{\the \pdflastxpos }{\the \pdflastypos }}
..............\endL
..............\special{pdf:dest (2JN.1:7) [@thispage /XYZ @xpos @ypos null]}
..............\hbox(5.98953+2.31825)x4.12503, shifted -3.2889
...............\font<v-12.0+m> 7
..............\kern 1.65001
..............\penalty 10000
..............\glue 0.0
..............\font<m-12.0> F
..............\penalty 10000
..............\glue 0.0 plus 0.04004 minus 0.16003
..............\font<m-12.0> o
..............\penalty 10000
..............\glue 0.0 plus 0.04004 minus 0.16003
..............\font<m-12.0> r
..............\glue 2.75002 plus 2.75002 minus 1.375
..............\font<m-12.0> m
..............\penalty 10000
..............\glue 0.0 plus 0.04004 minus 0.16003
..............\font<m-12.0> a
..............\penalty 10000
..............\glue 0.0 plus 0.04004 minus 0.16003
..............\font<m-12.0> n
..............\penalty 10000
..............\glue 0.0 plus 0.04004 minus 0.16003
..............\font<m-12.0> y
..............\glue 2.75002 plus 2.75002 minus 1.375
..............\font<m-12.0> d
..............\penalty 10000
..............\glue 0.0 plus 0.04004 minus 0.16003
..............\font<m-12.0> e
..............\penalty 10000
..............\glue 0.0 plus 0.04004 minus 0.16003
..............\font<m-12.0> c
..............\penalty 10000
..............\glue 0.0 plus 0.04004 minus 0.16003
..............\font<m-12.0> e
..............\penalty 10000
..............\glue 0.0 plus 0.04004 minus 0.16003
..............\font<m-12.0> i
..............\penalty 10000
..............\glue 0.0 plus 0.04004 minus 0.16003
..............\font<m-12.0> v
..............\penalty 10000
..............\glue 0.0 plus 0.04004 minus 0.16003
..............\font<m-12.0> e
..............\penalty 10000
..............\glue 0.0 plus 0.04004 minus 0.16003
..............\font<m-12.0> r
..............\penalty 10000
..............\glue 0.0 plus 0.04004 minus 0.16003
..............\font<m-12.0> s
..............\glue 2.75002 plus 2.75002 minus 1.375
..............\font<m-12.0> a
..............\penalty 10000
..............\glue 0.0 plus 0.04004 minus 0.16003
..............\font<m-12.0> r
..............\penalty 10000
..............\glue 0.0 plus 0.04004 minus 0.16003
..............\font<m-12.0> e
..............\glue 2.75002 plus 2.75002 minus 1.375
..............\font<m-12.0> e
..............\penalty 10000
..............\glue 0.0 plus 0.04004 minus 0.16003
..............\font<m-12.0> n
..............\penalty 10000
..............\glue 0.0 plus 0.04004 minus 0.16003
..............\font<m-12.0> t
..............\penalty 10000
..............\glue 0.0 plus 0.04004 minus 0.16003
..............\font<m-12.0> e
..............\penalty 10000
..............\glue 0.0 plus 0.04004 minus 0.16003
..............\font<m-12.0> r
..............\penalty 10000
..............\glue 0.0 plus 0.04004 minus 0.16003
..............\font<m-12.0> e
..............\penalty 10000
..............\glue 0.0 plus 0.04004 minus 0.16003
..............\font<m-12.0> d
..............\glue(\rightskip) 0.0
.............\mark{2 John:1:7}
.............\penalty 10000
.............\glue(\baselineskip) 2.92284
.............\hbox(7.98604+3.091)x169.90706, glue set - 0.45268
..............\font<m-12.0> i
..............\penalty 10000
..............\glue 0.0 plus 0.04004 minus 0.16003
..............\font<m-12.0> n
..............\penalty 10000
..............\glue 0.0 plus 0.04004 minus 0.16003
..............\font<m-12.0> t
..............\penalty 10000
..............\glue 0.0 plus 0.04004 minus 0.16003
..............\font<m-12.0> o
..............\glue 2.75002 plus 2.75002 minus 1.375
..............\font<m-12.0> t
..............\penalty 10000
..............\glue 0.0 plus 0.04004 minus 0.16003
..............\font<m-12.0> h
..............\penalty 10000
..............\glue 0.0 plus 0.04004 minus 0.16003
..............\font<m-12.0> e
..............\glue 2.75002 plus 2.75002 minus 1.375
..............\font<m-12.0> w
..............\penalty 10000
..............\glue 0.0 plus 0.04004 minus 0.16003
..............\font<m-12.0> o
..............\penalty 10000
..............\glue 0.0 plus 0.04004 minus 0.16003
..............\font<m-12.0> r
..............\penalty 10000
..............\glue 0.0 plus 0.04004 minus 0.16003
..............\font<m-12.0> l
..............\penalty 10000
..............\glue 0.0 plus 0.04004 minus 0.16003
..............\font<m-12.0> d
..............\penalty 10000
..............\glue 0.0 plus 0.04004 minus 0.16003
..............\font<m-12.0> ,
..............\glue 2.75002 plus 2.75002 minus 1.375
..............\font<m-12.0> w
..............\penalty 10000
..............\glue 0.0 plus 0.04004 minus 0.16003
..............\font<m-12.0> h
..............\penalty 10000
..............\glue 0.0 plus 0.04004 minus 0.16003
..............\font<m-12.0> o
..............\glue 2.75002 plus 2.75002 minus 1.375
..............\font<m-12.0> c
..............\penalty 10000
..............\glue 0.0 plus 0.04004 minus 0.16003
..............\font<m-12.0> o
..............\penalty 10000
..............\glue 0.0 plus 0.04004 minus 0.16003
..............\font<m-12.0> n
..............\penalty 10000
..............\glue 0.0 plus 0.04004 minus 0.16003
..............\font<m-12.0> f
..............\penalty 10000
..............\glue 0.0 plus 0.04004 minus 0.16003
..............\font<m-12.0> e
..............\penalty 10000
..............\glue 0.0 plus 0.04004 minus 0.16003
..............\font<m-12.0> s
..............\penalty 10000
..............\glue 0.0 plus 0.04004 minus 0.16003
..............\font<m-12.0> s
..............\glue 2.75002 plus 2.75002 minus 1.375
..............\font<m-12.0> n
..............\penalty 10000
..............\glue 0.0 plus 0.04004 minus 0.16003
..............\font<m-12.0> o
..............\penalty 10000
..............\glue 0.0 plus 0.04004 minus 0.16003
..............\font<m-12.0> t
..............\glue 2.75002 plus 2.75002 minus 1.375
..............\font<m-12.0> t
..............\penalty 10000
..............\glue 0.0 plus 0.04004 minus 0.16003
..............\font<m-12.0> h
..............\penalty 10000
..............\glue 0.0 plus 0.04004 minus 0.16003
..............\font<m-12.0> a
..............\penalty 10000
..............\glue 0.0 plus 0.04004 minus 0.16003
..............\font<m-12.0> t
..............\glue(\rightskip) 0.0
.............\glue(\baselineskip) 2.92284
.............\hbox(7.98604+3.091)x169.90706, glue set - 0.71396
..............\font<m-12.0> J
..............\penalty 10000
..............\glue 0.0 plus 0.04004 minus 0.16003
..............\font<m-12.0> e
..............\penalty 10000
..............\glue 0.0 plus 0.04004 minus 0.16003
..............\font<m-12.0> s
..............\penalty 10000
..............\glue 0.0 plus 0.04004 minus 0.16003
..............\font<m-12.0> u
..............\penalty 10000
..............\glue 0.0 plus 0.04004 minus 0.16003
..............\font<m-12.0> s
..............\glue 2.75002 plus 2.75002 minus 1.375
..............\font<m-12.0> C
..............\penalty 10000
..............\glue 0.0 plus 0.04004 minus 0.16003
..............\font<m-12.0> h
..............\penalty 10000
..............\glue 0.0 plus 0.04004 minus 0.16003
..............\font<m-12.0> r
..............\penalty 10000
..............\glue 0.0 plus 0.04004 minus 0.16003
..............\font<m-12.0> i
..............\penalty 10000
..............\glue 0.0 plus 0.04004 minus 0.16003
..............\font<m-12.0> s
..............\penalty 10000
..............\glue 0.0 plus 0.04004 minus 0.16003
..............\font<m-12.0> t
..............\glue 2.75002 plus 2.75002 minus 1.375
..............\font<m-12.0> i
..............\penalty 10000
..............\glue 0.0 plus 0.04004 minus 0.16003
..............\font<m-12.0> s
..............\glue 2.75002 plus 2.75002 minus 1.375
..............\font<m-12.0> c
..............\penalty 10000
..............\glue 0.0 plus 0.04004 minus 0.16003
..............\font<m-12.0> o
..............\penalty 10000
..............\glue 0.0 plus 0.04004 minus 0.16003
..............\font<m-12.0> m
..............\penalty 10000
..............\glue 0.0 plus 0.04004 minus 0.16003
..............\font<m-12.0> e
..............\glue 2.75002 plus 2.75002 minus 1.375
..............\font<m-12.0> i
..............\penalty 10000
..............\glue 0.0 plus 0.04004 minus 0.16003
..............\font<m-12.0> n
..............\glue 2.75002 plus 2.75002 minus 1.375
..............\font<m-12.0> t
..............\penalty 10000
..............\glue 0.0 plus 0.04004 minus 0.16003
..............\font<m-12.0> h
..............\penalty 10000
..............\glue 0.0 plus 0.04004 minus 0.16003
..............\font<m-12.0> e
..............\glue 2.75002 plus 2.75002 minus 1.375
..............\font<m-12.0> f
..............\penalty 10000
..............\glue 0.0 plus 0.04004 minus 0.16003
..............\font<m-12.0> l
..............\penalty 10000
..............\glue 0.0 plus 0.04004 minus 0.16003
..............\font<m-12.0> e
..............\penalty 10000
..............\glue 0.0 plus 0.04004 minus 0.16003
..............\font<m-12.0> s
..............\penalty 10000
..............\glue 0.0 plus 0.04004 minus 0.16003
..............\font<m-12.0> h
..............\penalty 10000
..............\glue 0.0 plus 0.04004 minus 0.16003
..............\font<m-12.0> .
..............\glue 2.75002 plus 2.75002 minus 1.375
..............\font<m-12.0> T
..............\penalty 10000
..............\glue 0.0 plus 0.04004 minus 0.16003
..............\font<m-12.0> h
..............\penalty 10000
..............\glue 0.0 plus 0.04004 minus 0.16003
..............\font<m-12.0> i
..............\penalty 10000
..............\glue 0.0 plus 0.04004 minus 0.16003
..............\font<m-12.0> s
..............\glue(\rightskip) 0.0
.............\penalty 10000
.............\glue(\baselineskip) 2.92284
.............\hbox(7.98604+3.091)x169.90706, glue set 22.74821fil
..............\font<m-12.0> i
..............\penalty 10000
..............\glue 0.0 plus 0.04004 minus 0.16003
..............\font<m-12.0> s
..............\glue 2.75002 plus 2.75002 minus 1.375
..............\font<m-12.0> a
..............\glue 2.75002 plus 2.75002 minus 1.375
..............\font<m-12.0> d
..............\penalty 10000
..............\glue 0.0 plus 0.04004 minus 0.16003
..............\font<m-12.0> e
..............\penalty 10000
..............\glue 0.0 plus 0.04004 minus 0.16003
..............\font<m-12.0> c
..............\penalty 10000
..............\glue 0.0 plus 0.04004 minus 0.16003
..............\font<m-12.0> e
..............\penalty 10000
..............\glue 0.0 plus 0.04004 minus 0.16003
..............\font<m-12.0> i
..............\penalty 10000
..............\glue 0.0 plus 0.04004 minus 0.16003
..............\font<m-12.0> v
..............\penalty 10000
..............\glue 0.0 plus 0.04004 minus 0.16003
..............\font<m-12.0> e
..............\penalty 10000
..............\glue 0.0 plus 0.04004 minus 0.16003
..............\font<m-12.0> r
..............\glue 2.75002 plus 2.75002 minus 1.375
..............\font<m-12.0> a
..............\penalty 10000
..............\glue 0.0 plus 0.04004 minus 0.16003
..............\font<m-12.0> n
..............\penalty 10000
..............\glue 0.0 plus 0.04004 minus 0.16003
..............\font<m-12.0> d
..............\glue 2.75002 plus 2.75002 minus 1.375
..............\font<m-12.0> a
..............\penalty 10000
..............\glue 0.0 plus 0.04004 minus 0.16003
..............\font<m-12.0> n
..............\glue 2.75002 plus 2.75002 minus 1.375
..............\font<m-12.0> a
..............\penalty 10000
..............\glue 0.0 plus 0.04004 minus 0.16003
..............\font<m-12.0> n
..............\penalty 10000
..............\glue 0.0 plus 0.04004 minus 0.16003
..............\font<m-12.0> t
..............\penalty 10000
..............\glue 0.0 plus 0.04004 minus 0.16003
..............\font<m-12.0> i
..............\penalty 10000
..............\glue 0.0 plus 0.04004 minus 0.16003
..............\font<m-12.0> c
..............\penalty 10000
..............\glue 0.0 plus 0.04004 minus 0.16003
..............\font<m-12.0> h
..............\penalty 10000
..............\glue 0.0 plus 0.04004 minus 0.16003
..............\font<m-12.0> r
..............\penalty 10000
..............\glue 0.0 plus 0.04004 minus 0.16003
..............\font<m-12.0> i
..............\penalty 10000
..............\glue 0.0 plus 0.04004 minus 0.16003
..............\font<m-12.0> s
..............\penalty 10000
..............\glue 0.0 plus 0.04004 minus 0.16003
..............\font<m-12.0> t
..............\penalty 10000
..............\glue 0.0 plus 0.04004 minus 0.16003
..............\font<m-12.0> .
..............\beginL
..............\pdfsavepos
..............\write0{\noexpand \@parend {0}{\the \pdflastxpos }{\the \pdflastypos }{\the \lastdepth }}
..............\endL
..............\penalty 10000
..............\glue(\parfillskip) 0.0 plus 1.0fil
..............\glue(\rightskip) 0.0
.............\write0{\@parlen{2JN1.7}{1}{4}{m}{2JN1.7}{1}}
.............\glue(\parskip) 0.0
.............\glue(\baselineskip) 1.63045
.............\hbox(9.27843+3.091)x169.90706, glue set - 0.88786
..............\hbox(0.0+0.0)x0.0
..............\beginL
..............\pdfsavepos
..............\write0{\noexpand \@parstart {2JN1.8}{versetext}{m}{13.99988pt}{\the \pdflastxpos }{\the \pdflastypos }}
..............\endL
..............\special{pdf:dest (2JN.1:8) [@thispage /XYZ @xpos @ypos null]}
..............\hbox(5.98953+2.31825)x4.12503, shifted -3.2889
...............\font<v-12.0+m> 8
..............\kern 1.65001
..............\penalty 10000
..............\glue 0.0
..............\font<m-12.0> L
..............\penalty 10000
..............\glue 0.0 plus 0.04004 minus 0.16003
..............\font<m-12.0> o
..............\penalty 10000
..............\glue 0.0 plus 0.04004 minus 0.16003
..............\font<m-12.0> o
..............\penalty 10000
..............\glue 0.0 plus 0.04004 minus 0.16003
..............\font<m-12.0> k
..............\glue 2.75002 plus 2.75002 minus 1.375
..............\font<m-12.0> t
..............\penalty 10000
..............\glue 0.0 plus 0.04004 minus 0.16003
..............\font<m-12.0> o
..............\glue 2.75002 plus 2.75002 minus 1.375
..............\font<m-12.0> y
..............\penalty 10000
..............\glue 0.0 plus 0.04004 minus 0.16003
..............\font<m-12.0> o
..............\penalty 10000
..............\glue 0.0 plus 0.04004 minus 0.16003
..............\font<m-12.0> u
..............\penalty 10000
..............\glue 0.0 plus 0.04004 minus 0.16003
..............\font<m-12.0> r
..............\penalty 10000
..............\glue 0.0 plus 0.04004 minus 0.16003
..............\font<m-12.0> s
..............\penalty 10000
..............\glue 0.0 plus 0.04004 minus 0.16003
..............\font<m-12.0> e
..............\penalty 10000
..............\glue 0.0 plus 0.04004 minus 0.16003
..............\font<m-12.0> l
..............\penalty 10000
..............\glue 0.0 plus 0.04004 minus 0.16003
..............\font<m-12.0> v
..............\penalty 10000
..............\glue 0.0 plus 0.04004 minus 0.16003
..............\font<m-12.0> e
..............\penalty 10000
..............\glue 0.0 plus 0.04004 minus 0.16003
..............\font<m-12.0> s
..............\penalty 10000
..............\glue 0.0 plus 0.04004 minus 0.16003
..............\font<m-12.0> ,
..............\glue 2.75002 plus 2.75002 minus 1.375
..............\font<m-12.0> t
..............\penalty 10000
..............\glue 0.0 plus 0.04004 minus 0.16003
..............\font<m-12.0> h
..............\penalty 10000
..............\glue 0.0 plus 0.04004 minus 0.16003
..............\font<m-12.0> a
..............\penalty 10000
..............\glue 0.0 plus 0.04004 minus 0.16003
..............\font<m-12.0> t
..............\glue 2.75002 plus 2.75002 minus 1.375
..............\font<m-12.0> w
..............\penalty 10000
..............\glue 0.0 plus 0.04004 minus 0.16003
..............\font<m-12.0> e
..............\glue 2.75002 plus 2.75002 minus 1.375
..............\font<m-12.0> l
..............\penalty 10000
..............\glue 0.0 plus 0.04004 minus 0.16003
..............\font<m-12.0> o
..............\penalty 10000
..............\glue 0.0 plus 0.04004 minus 0.16003
..............\font<m-12.0> s
..............\penalty 10000
..............\glue 0.0 plus 0.04004 minus 0.16003
..............\font<m-12.0> e
..............\glue 2.75002 plus 2.75002 minus 1.375
..............\font<m-12.0> n
..............\penalty 10000
..............\glue 0.0 plus 0.04004 minus 0.16003
..............\font<m-12.0> o
..............\penalty 10000
..............\glue 0.0 plus 0.04004 minus 0.16003
..............\font<m-12.0> t
..............\glue(\rightskip) 0.0
.............\mark{2 John:1:8}
.............\penalty 10000
.............\glue(\baselineskip) 2.92284
.............\hbox(7.98604+3.091)x169.90706, glue set - 0.78885
..............\font<m-12.0> t
..............\penalty 10000
..............\glue 0.0 plus 0.04004 minus 0.16003
..............\font<m-12.0> h
..............\penalty 10000
..............\glue 0.0 plus 0.04004 minus 0.16003
..............\font<m-12.0> o
..............\penalty 10000
..............\glue 0.0 plus 0.04004 minus 0.16003
..............\font<m-12.0> s
..............\penalty 10000
..............\glue 0.0 plus 0.04004 minus 0.16003
..............\font<m-12.0> e
..............\glue 2.75002 plus 2.75002 minus 1.375
..............\font<m-12.0> t
..............\penalty 10000
..............\glue 0.0 plus 0.04004 minus 0.16003
..............\font<m-12.0> h
..............\penalty 10000
..............\glue 0.0 plus 0.04004 minus 0.16003
..............\font<m-12.0> i
..............\penalty 10000
..............\glue 0.0 plus 0.04004 minus 0.16003
..............\font<m-12.0> n
..............\penalty 10000
..............\glue 0.0 plus 0.04004 minus 0.16003
..............\font<m-12.0> g
..............\penalty 10000
..............\glue 0.0 plus 0.04004 minus 0.16003
..............\font<m-12.0> s
..............\glue 2.75002 plus 2.75002 minus 1.375
..............\font<m-12.0> w
..............\penalty 10000
..............\glue 0.0 plus 0.04004 minus 0.16003
..............\font<m-12.0> h
..............\penalty 10000
..............\glue 0.0 plus 0.04004 minus 0.16003
..............\font<m-12.0> i
..............\penalty 10000
..............\glue 0.0 plus 0.04004 minus 0.16003
..............\font<m-12.0> c
..............\penalty 10000
..............\glue 0.0 plus 0.04004 minus 0.16003
..............\font<m-12.0> h
..............\glue 2.75002 plus 2.75002 minus 1.375
..............\font<m-12.0> w
..............\penalty 10000
..............\glue 0.0 plus 0.04004 minus 0.16003
..............\font<m-12.0> e
..............\glue 2.75002 plus 2.75002 minus 1.375
..............\font<m-12.0> h
..............\penalty 10000
..............\glue 0.0 plus 0.04004 minus 0.16003
..............\font<m-12.0> a
..............\penalty 10000
..............\glue 0.0 plus 0.04004 minus 0.16003
..............\font<m-12.0> v
..............\penalty 10000
..............\glue 0.0 plus 0.04004 minus 0.16003
..............\font<m-12.0> e
..............\glue 2.75002 plus 2.75002 minus 1.375
..............\font<m-12.0> w
..............\penalty 10000
..............\glue 0.0 plus 0.04004 minus 0.16003
..............\font<m-12.0> o
..............\penalty 10000
..............\glue 0.0 plus 0.04004 minus 0.16003
..............\font<m-12.0> r
..............\penalty 10000
..............\glue 0.0 plus 0.04004 minus 0.16003
..............\font<m-12.0> k
..............\penalty 10000
..............\glue 0.0 plus 0.04004 minus 0.16003
..............\font<m-12.0> e
..............\penalty 10000
..............\glue 0.0 plus 0.04004 minus 0.16003
..............\font<m-12.0> d
..............\penalty 10000
..............\glue 0.0 plus 0.04004 minus 0.16003
..............\font<m-12.0> ,
..............\glue(\rightskip) 0.0
.............\penalty 10000
.............\glue(\baselineskip) 2.92284
.............\hbox(7.98604+3.091)x169.90706, glue set 8.87712fil
..............\font<m-12.0> b
..............\penalty 10000
..............\glue 0.0 plus 0.04004 minus 0.16003
..............\font<m-12.0> u
..............\penalty 10000
..............\glue 0.0 plus 0.04004 minus 0.16003
..............\font<m-12.0> t
..............\glue 2.75002 plus 2.75002 minus 1.375
..............\font<m-12.0> t
..............\penalty 10000
..............\glue 0.0 plus 0.04004 minus 0.16003
..............\font<m-12.0> h
..............\penalty 10000
..............\glue 0.0 plus 0.04004 minus 0.16003
..............\font<m-12.0> a
..............\penalty 10000
..............\glue 0.0 plus 0.04004 minus 0.16003
..............\font<m-12.0> t
..............\glue 2.75002 plus 2.75002 minus 1.375
..............\font<m-12.0> w
..............\penalty 10000
..............\glue 0.0 plus 0.04004 minus 0.16003
..............\font<m-12.0> e
..............\glue 2.75002 plus 2.75002 minus 1.375
..............\font<m-12.0> r
..............\penalty 10000
..............\glue 0.0 plus 0.04004 minus 0.16003
..............\font<m-12.0> e
..............\penalty 10000
..............\glue 0.0 plus 0.04004 minus 0.16003
..............\font<m-12.0> c
..............\penalty 10000
..............\glue 0.0 plus 0.04004 minus 0.16003
..............\font<m-12.0> e
..............\penalty 10000
..............\glue 0.0 plus 0.04004 minus 0.16003
..............\font<m-12.0> i
..............\penalty 10000
..............\glue 0.0 plus 0.04004 minus 0.16003
..............\font<m-12.0> v
..............\penalty 10000
..............\glue 0.0 plus 0.04004 minus 0.16003
..............\font<m-12.0> e
..............\glue 2.75002 plus 2.75002 minus 1.375
..............\font<m-12.0> a
..............\glue 2.75002 plus 2.75002 minus 1.375
..............\font<m-12.0> f
..............\penalty 10000
..............\glue 0.0 plus 0.04004 minus 0.16003
..............\font<m-12.0> u
..............\penalty 10000
..............\glue 0.0 plus 0.04004 minus 0.16003
..............\font<m-12.0> l
..............\penalty 10000
..............\glue 0.0 plus 0.04004 minus 0.16003
..............\font<m-12.0> l
..............\glue 2.75002 plus 2.75002 minus 1.375
..............\font<m-12.0> r
..............\penalty 10000
..............\glue 0.0 plus 0.04004 minus 0.16003
..............\font<m-12.0> e
..............\penalty 10000
..............\glue 0.0 plus 0.04004 minus 0.16003
..............\font<m-12.0> w
..............\penalty 10000
..............\glue 0.0 plus 0.04004 minus 0.16003
..............\font<m-12.0> a
..............\penalty 10000
..............\glue 0.0 plus 0.04004 minus 0.16003
..............\font<m-12.0> r
..............\penalty 10000
..............\glue 0.0 plus 0.04004 minus 0.16003
..............\font<m-12.0> d
..............\penalty 10000
..............\glue 0.0 plus 0.04004 minus 0.16003
..............\font<m-12.0> .
..............\beginL
..............\pdfsavepos
..............\write0{\noexpand \@parend {0}{\the \pdflastxpos }{\the \pdflastypos }{\the \lastdepth }}
..............\endL
..............\penalty 10000
..............\glue(\parfillskip) 0.0 plus 1.0fil
..............\glue(\rightskip) 0.0
.............\write0{\@parlen{2JN1.8}{1}{3}{m}{2JN1.8}{1}}
.............\glue(\parskip) 0.0
.............\glue(\baselineskip) 1.63045
.............\hbox(9.27843+3.091)x169.90706, glue set 0.64967
..............\hbox(0.0+0.0)x0.0
..............\beginL
..............\pdfsavepos
..............\write0{\noexpand \@parstart {2JN1.9}{versetext}{m}{13.99988pt}{\the \pdflastxpos }{\the \pdflastypos }}
..............\endL
..............\special{pdf:dest (2JN.1:9) [@thispage /XYZ @xpos @ypos null]}
..............\hbox(5.98953+2.31825)x4.12503, shifted -3.2889
...............\font<v-12.0+m> 9
..............\kern 1.65001
..............\penalty 10000
..............\glue 0.0
..............\font<m-12.0> W
..............\penalty 10000
..............\glue 0.0 plus 0.04004 minus 0.16003
..............\font<m-12.0> h
..............\penalty 10000
..............\glue 0.0 plus 0.04004 minus 0.16003
..............\font<m-12.0> o
..............\penalty 10000
..............\glue 0.0 plus 0.04004 minus 0.16003
..............\font<m-12.0> e
..............\penalty 10000
..............\glue 0.0 plus 0.04004 minus 0.16003
..............\font<m-12.0> v
..............\penalty 10000
..............\glue 0.0 plus 0.04004 minus 0.16003
..............\font<m-12.0> e
..............\penalty 10000
..............\glue 0.0 plus 0.04004 minus 0.16003
..............\font<m-12.0> r
..............\glue 2.75002 plus 2.75002 minus 1.375
..............\font<m-12.0> t
..............\penalty 10000
..............\glue 0.0 plus 0.04004 minus 0.16003
..............\font<m-12.0> r
..............\penalty 10000
..............\glue 0.0 plus 0.04004 minus 0.16003
..............\font<m-12.0> a
..............\penalty 10000
..............\glue 0.0 plus 0.04004 minus 0.16003
..............\font<m-12.0> n
..............\penalty 10000
..............\glue 0.0 plus 0.04004 minus 0.16003
..............\font<m-12.0> s
..............\penalty 10000
..............\glue 0.0 plus 0.04004 minus 0.16003
..............\font<m-12.0> g
..............\penalty 10000
..............\glue 0.0 plus 0.04004 minus 0.16003
..............\font<m-12.0> r
..............\penalty 10000
..............\glue 0.0 plus 0.04004 minus 0.16003
..............\font<m-12.0> e
..............\penalty 10000
..............\glue 0.0 plus 0.04004 minus 0.16003
..............\font<m-12.0> s
..............\penalty 10000
..............\glue 0.0 plus 0.04004 minus 0.16003
..............\font<m-12.0> s
..............\penalty 10000
..............\glue 0.0 plus 0.04004 minus 0.16003
..............\font<m-12.0> e
..............\penalty 10000
..............\glue 0.0 plus 0.04004 minus 0.16003
..............\font<m-12.0> s
..............\penalty 10000
..............\glue 0.0 plus 0.04004 minus 0.16003
..............\font<m-12.0> ,
..............\glue 2.75002 plus 2.75002 minus 1.375
..............\font<m-12.0> a
..............\penalty 10000
..............\glue 0.0 plus 0.04004 minus 0.16003
..............\font<m-12.0> n
..............\penalty 10000
..............\glue 0.0 plus 0.04004 minus 0.16003
..............\font<m-12.0> d
..............\glue 2.75002 plus 2.75002 minus 1.375
..............\font<m-12.0> s
..............\penalty 10000
..............\glue 0.0 plus 0.04004 minus 0.16003
..............\font<m-12.0> t
..............\penalty 10000
..............\glue 0.0 plus 0.04004 minus 0.16003
..............\font<m-12.0> a
..............\penalty 10000
..............\glue 0.0 plus 0.04004 minus 0.16003
..............\font<m-12.0> y
..............\penalty 10000
..............\glue 0.0 plus 0.04004 minus 0.16003
..............\font<m-12.0> s
..............\glue(\rightskip) 0.0
.............\mark{2 John:1:9}
.............\penalty 10000
.............\glue(\baselineskip) 2.92284
.............\hbox(7.98604+3.091)x169.90706, glue set - 0.41003
..............\font<m-12.0> n
..............\penalty 10000
..............\glue 0.0 plus 0.04004 minus 0.16003
..............\font<m-12.0> o
..............\penalty 10000
..............\glue 0.0 plus 0.04004 minus 0.16003
..............\font<m-12.0> t
..............\glue 2.75002 plus 2.75002 minus 1.375
..............\font<m-12.0> i
..............\penalty 10000
..............\glue 0.0 plus 0.04004 minus 0.16003
..............\font<m-12.0> n
..............\glue 2.75002 plus 2.75002 minus 1.375
..............\font<m-12.0> t
..............\penalty 10000
..............\glue 0.0 plus 0.04004 minus 0.16003
..............\font<m-12.0> h
..............\penalty 10000
..............\glue 0.0 plus 0.04004 minus 0.16003
..............\font<m-12.0> e
..............\glue 2.75002 plus 2.75002 minus 1.375
..............\font<m-12.0> d
..............\penalty 10000
..............\glue 0.0 plus 0.04004 minus 0.16003
..............\font<m-12.0> o
..............\penalty 10000
..............\glue 0.0 plus 0.04004 minus 0.16003
..............\font<m-12.0> c
..............\penalty 10000
..............\glue 0.0 plus 0.04004 minus 0.16003
..............\font<m-12.0> t
..............\penalty 10000
..............\glue 0.0 plus 0.04004 minus 0.16003
..............\font<m-12.0> r
..............\penalty 10000
..............\glue 0.0 plus 0.04004 minus 0.16003
..............\font<m-12.0> i
..............\penalty 10000
..............\glue 0.0 plus 0.04004 minus 0.16003
..............\font<m-12.0> n
..............\penalty 10000
..............\glue 0.0 plus 0.04004 minus 0.16003
..............\font<m-12.0> e
..............\glue 2.75002 plus 2.75002 minus 1.375
..............\font<m-12.0> o
..............\penalty 10000
..............\glue 0.0 plus 0.04004 minus 0.16003
..............\font<m-12.0> f
..............\glue 2.75002 plus 2.75002 minus 1.375
..............\font<m-12.0> C
..............\penalty 10000
..............\glue 0.0 plus 0.04004 minus 0.16003
..............\font<m-12.0> h
..............\penalty 10000
..............\glue 0.0 plus 0.04004 minus 0.16003
..............\font<m-12.0> r
..............\penalty 10000
..............\glue 0.0 plus 0.04004 minus 0.16003
..............\font<m-12.0> i
..............\penalty 10000
..............\glue 0.0 plus 0.04004 minus 0.16003
..............\font<m-12.0> s
..............\penalty 10000
..............\glue 0.0 plus 0.04004 minus 0.16003
..............\font<m-12.0> t
..............\penalty 10000
..............\glue 0.0 plus 0.04004 minus 0.16003
..............\font<m-12.0> ,
..............\glue 2.75002 plus 2.75002 minus 1.375
..............\font<m-12.0> h
..............\penalty 10000
..............\glue 0.0 plus 0.04004 minus 0.16003
..............\font<m-12.0> a
..............\penalty 10000
..............\glue 0.0 plus 0.04004 minus 0.16003
..............\font<m-12.0> s
..............\glue 2.75002 plus 2.75002 minus 1.375
..............\font<m-12.0> n
..............\penalty 10000
..............\glue 0.0 plus 0.04004 minus 0.16003
..............\font<m-12.0> o
..............\penalty 10000
..............\glue 0.0 plus 0.04004 minus 0.16003
..............\font<m-12.0> t
..............\glue(\rightskip) 0.0
.............\glue(\baselineskip) 2.92284
.............\hbox(7.98604+3.091)x169.90706, glue set - 0.46356
..............\font<m-12.0> G
..............\penalty 10000
..............\glue 0.0 plus 0.04004 minus 0.16003
..............\font<m-12.0> o
..............\penalty 10000
..............\glue 0.0 plus 0.04004 minus 0.16003
..............\font<m-12.0> d
..............\penalty 10000
..............\glue 0.0 plus 0.04004 minus 0.16003
..............\font<m-12.0> .
..............\glue 2.75002 plus 2.75002 minus 1.375
..............\font<m-12.0> H
..............\penalty 10000
..............\glue 0.0 plus 0.04004 minus 0.16003
..............\font<m-12.0> e
..............\glue 2.75002 plus 2.75002 minus 1.375
..............\font<m-12.0> t
..............\penalty 10000
..............\glue 0.0 plus 0.04004 minus 0.16003
..............\font<m-12.0> h
..............\penalty 10000
..............\glue 0.0 plus 0.04004 minus 0.16003
..............\font<m-12.0> a
..............\penalty 10000
..............\glue 0.0 plus 0.04004 minus 0.16003
..............\font<m-12.0> t
..............\glue 2.75002 plus 2.75002 minus 1.375
..............\font<m-12.0> s
..............\penalty 10000
..............\glue 0.0 plus 0.04004 minus 0.16003
..............\font<m-12.0> t
..............\penalty 10000
..............\glue 0.0 plus 0.04004 minus 0.16003
..............\font<m-12.0> a
..............\penalty 10000
..............\glue 0.0 plus 0.04004 minus 0.16003
..............\font<m-12.0> y
..............\penalty 10000
..............\glue 0.0 plus 0.04004 minus 0.16003
..............\font<m-12.0> s
..............\glue 2.75002 plus 2.75002 minus 1.375
..............\font<m-12.0> i
..............\penalty 10000
..............\glue 0.0 plus 0.04004 minus 0.16003
..............\font<m-12.0> n
..............\glue 2.75002 plus 2.75002 minus 1.375
..............\font<m-12.0> t
..............\penalty 10000
..............\glue 0.0 plus 0.04004 minus 0.16003
..............\font<m-12.0> h
..............\penalty 10000
..............\glue 0.0 plus 0.04004 minus 0.16003
..............\font<m-12.0> e
..............\glue 2.75002 plus 2.75002 minus 1.375
..............\font<m-12.0> d
..............\penalty 10000
..............\glue 0.0 plus 0.04004 minus 0.16003
..............\font<m-12.0> o
..............\penalty 10000
..............\glue 0.0 plus 0.04004 minus 0.16003
..............\font<m-12.0> c
..............\penalty 10000
..............\glue 0.0 plus 0.04004 minus 0.16003
..............\font<m-12.0> t
..............\penalty 10000
..............\glue 0.0 plus 0.04004 minus 0.16003
..............\font<m-12.0> r
..............\penalty 10000
..............\glue 0.0 plus 0.04004 minus 0.16003
..............\font<m-12.0> i
..............\penalty 10000
..............\glue 0.0 plus 0.04004 minus 0.16003
..............\font<m-12.0> n
..............\penalty 10000
..............\glue 0.0 plus 0.04004 minus 0.16003
..............\font<m-12.0> e
..............\glue 2.75002 plus 2.75002 minus 1.375
..............\font<m-12.0> o
..............\penalty 10000
..............\glue 0.0 plus 0.04004 minus 0.16003
..............\font<m-12.0> f
..............\glue(\rightskip) 0.0
.............\glue(\baselineskip) 2.92284
.............\hbox(7.98604+3.091)x169.90706, glue set 0.30513
..............\font<m-12.0> C
..............\penalty 10000
..............\glue 0.0 plus 0.04004 minus 0.16003
..............\font<m-12.0> h
..............\penalty 10000
..............\glue 0.0 plus 0.04004 minus 0.16003
..............\font<m-12.0> r
..............\penalty 10000
..............\glue 0.0 plus 0.04004 minus 0.16003
..............\font<m-12.0> i
..............\penalty 10000
..............\glue 0.0 plus 0.04004 minus 0.16003
..............\font<m-12.0> s
..............\penalty 10000
..............\glue 0.0 plus 0.04004 minus 0.16003
..............\font<m-12.0> t
..............\penalty 10000
..............\glue 0.0 plus 0.04004 minus 0.16003
..............\font<m-12.0> ,
..............\glue 2.75002 plus 2.75002 minus 1.375
..............\font<m-12.0> h
..............\penalty 10000
..............\glue 0.0 plus 0.04004 minus 0.16003
..............\font<m-12.0> e
..............\glue 2.75002 plus 2.75002 minus 1.375
..............\font<m-12.0> h
..............\penalty 10000
..............\glue 0.0 plus 0.04004 minus 0.16003
..............\font<m-12.0> a
..............\penalty 10000
..............\glue 0.0 plus 0.04004 minus 0.16003
..............\font<m-12.0> s
..............\glue 2.75002 plus 2.75002 minus 1.375
..............\font<m-12.0> b
..............\penalty 10000
..............\glue 0.0 plus 0.04004 minus 0.16003
..............\font<m-12.0> o
..............\penalty 10000
..............\glue 0.0 plus 0.04004 minus 0.16003
..............\font<m-12.0> t
..............\penalty 10000
..............\glue 0.0 plus 0.04004 minus 0.16003
..............\font<m-12.0> h
..............\glue 2.75002 plus 2.75002 minus 1.375
..............\font<m-12.0> t
..............\penalty 10000
..............\glue 0.0 plus 0.04004 minus 0.16003
..............\font<m-12.0> h
..............\penalty 10000
..............\glue 0.0 plus 0.04004 minus 0.16003
..............\font<m-12.0> e
..............\glue 2.75002 plus 2.75002 minus 1.375
..............\font<m-12.0> F
..............\penalty 10000
..............\glue 0.0 plus 0.04004 minus 0.16003
..............\font<m-12.0> a
..............\penalty 10000
..............\glue 0.0 plus 0.04004 minus 0.16003
..............\font<m-12.0> t
..............\penalty 10000
..............\glue 0.0 plus 0.04004 minus 0.16003
..............\font<m-12.0> h
..............\penalty 10000
..............\glue 0.0 plus 0.04004 minus 0.16003
..............\font<m-12.0> e
..............\penalty 10000
..............\glue 0.0 plus 0.04004 minus 0.16003
..............\font<m-12.0> r
..............\glue 2.75002 plus 2.75002 minus 1.375
..............\font<m-12.0> a
..............\penalty 10000
..............\glue 0.0 plus 0.04004 minus 0.16003
..............\font<m-12.0> n
..............\penalty 10000
..............\glue 0.0 plus 0.04004 minus 0.16003
..............\font<m-12.0> d
..............\glue(\rightskip) 0.0
.............\penalty 10000
.............\glue(\baselineskip) 2.92284
.............\hbox(7.98604+3.091)x169.90706, glue set 130.96684fil
..............\font<m-12.0> t
..............\penalty 10000
..............\glue 0.0 plus 0.04004 minus 0.16003
..............\font<m-12.0> h
..............\penalty 10000
..............\glue 0.0 plus 0.04004 minus 0.16003
..............\font<m-12.0> e
..............\glue 2.75002 plus 2.75002 minus 1.375
..............\font<m-12.0> S
..............\penalty 10000
..............\glue 0.0 plus 0.04004 minus 0.16003
..............\font<m-12.0> o
..............\penalty 10000
..............\glue 0.0 plus 0.04004 minus 0.16003
..............\font<m-12.0> n
..............\penalty 10000
..............\glue 0.0 plus 0.04004 minus 0.16003
..............\font<m-12.0> .
..............\beginL
..............\pdfsavepos
..............\write0{\noexpand \@parend {0}{\the \pdflastxpos }{\the \pdflastypos }{\the \lastdepth }}
..............\endL
..............\penalty 10000
..............\glue(\parfillskip) 0.0 plus 1.0fil
..............\glue(\rightskip) 0.0
.............\write0{\@parlen{2JN1.9}{1}{5}{m}{2JN1.9}{1}}
.............\glue(\parskip) 0.0
.............\glue(\baselineskip) 1.63045
.............\hbox(9.27843+3.091)x169.90706, glue set - 0.8731
..............\hbox(0.0+0.0)x0.0
..............\beginL
..............\pdfsavepos
..............\write0{\noexpand \@parstart {2JN1.10}{versetext}{m}{13.99988pt}{\the \pdflastxpos }{\the \pdflastypos }}
..............\endL
..............\special{pdf:dest (2JN.1:10) [@thispage /XYZ @xpos @ypos null]}
..............\hbox(5.98953+2.31825)x8.25005, shifted -3.2889
...............\font<v-12.0+m> 10
..............\kern 1.65001
..............\penalty 10000
..............\glue 0.0
..............\font<m-12.0> I
..............\penalty 10000
..............\glue 0.0 plus 0.04004 minus 0.16003
..............\font<m-12.0> f
..............\glue 2.75002 plus 2.75002 minus 1.375
..............\font<m-12.0> t
..............\penalty 10000
..............\glue 0.0 plus 0.04004 minus 0.16003
..............\font<m-12.0> h
..............\penalty 10000
..............\glue 0.0 plus 0.04004 minus 0.16003
..............\font<m-12.0> e
..............\penalty 10000
..............\glue 0.0 plus 0.04004 minus 0.16003
..............\font<m-12.0> r
..............\penalty 10000
..............\glue 0.0 plus 0.04004 minus 0.16003
..............\font<m-12.0> e
..............\glue 2.75002 plus 2.75002 minus 1.375
..............\font<m-12.0> c
..............\penalty 10000
..............\glue 0.0 plus 0.04004 minus 0.16003
..............\font<m-12.0> o
..............\penalty 10000
..............\glue 0.0 plus 0.04004 minus 0.16003
..............\font<m-12.0> m
..............\penalty 10000
..............\glue 0.0 plus 0.04004 minus 0.16003
..............\font<m-12.0> e
..............\glue 2.75002 plus 2.75002 minus 1.375
..............\font<m-12.0> a
..............\penalty 10000
..............\glue 0.0 plus 0.04004 minus 0.16003
..............\font<m-12.0> n
..............\penalty 10000
..............\glue 0.0 plus 0.04004 minus 0.16003
..............\font<m-12.0> y
..............\glue 2.75002 plus 2.75002 minus 1.375
..............\font<m-12.0> t
..............\penalty 10000
..............\glue 0.0 plus 0.04004 minus 0.16003
..............\font<m-12.0> o
..............\glue 2.75002 plus 2.75002 minus 1.375
..............\font<m-12.0> y
..............\penalty 10000
..............\glue 0.0 plus 0.04004 minus 0.16003
..............\font<m-12.0> o
..............\penalty 10000
..............\glue 0.0 plus 0.04004 minus 0.16003
..............\font<m-12.0> u
..............\penalty 10000
..............\glue 0.0 plus 0.04004 minus 0.16003
..............\font<m-12.0> ,
..............\glue 2.75002 plus 2.75002 minus 1.375
..............\font<m-12.0> a
..............\penalty 10000
..............\glue 0.0 plus 0.04004 minus 0.16003
..............\font<m-12.0> n
..............\penalty 10000
..............\glue 0.0 plus 0.04004 minus 0.16003
..............\font<m-12.0> d
..............\glue 2.75002 plus 2.75002 minus 1.375
..............\font<m-12.0> b
..............\penalty 10000
..............\glue 0.0 plus 0.04004 minus 0.16003
..............\font<m-12.0> r
..............\penalty 10000
..............\glue 0.0 plus 0.04004 minus 0.16003
..............\font<m-12.0> i
..............\penalty 10000
..............\glue 0.0 plus 0.04004 minus 0.16003
..............\font<m-12.0> n
..............\penalty 10000
..............\glue 0.0 plus 0.04004 minus 0.16003
..............\font<m-12.0> g
..............\glue(\rightskip) 0.0
.............\mark{2 John:1:10}
.............\penalty 10000
.............\glue(\baselineskip) 2.92284
.............\hbox(7.98604+3.091)x169.90706, glue set 0.65157
..............\font<m-12.0> n
..............\penalty 10000
..............\glue 0.0 plus 0.04004 minus 0.16003
..............\font<m-12.0> o
..............\penalty 10000
..............\glue 0.0 plus 0.04004 minus 0.16003
..............\font<m-12.0> t
..............\glue 2.75002 plus 2.75002 minus 1.375
..............\font<m-12.0> t
..............\penalty 10000
..............\glue 0.0 plus 0.04004 minus 0.16003
..............\font<m-12.0> h
..............\penalty 10000
..............\glue 0.0 plus 0.04004 minus 0.16003
..............\font<m-12.0> i
..............\penalty 10000
..............\glue 0.0 plus 0.04004 minus 0.16003
..............\font<m-12.0> s
..............\glue 2.75002 plus 2.75002 minus 1.375
..............\font<m-12.0> d
..............\penalty 10000
..............\glue 0.0 plus 0.04004 minus 0.16003
..............\font<m-12.0> o
..............\penalty 10000
..............\glue 0.0 plus 0.04004 minus 0.16003
..............\font<m-12.0> c
..............\penalty 10000
..............\glue 0.0 plus 0.04004 minus 0.16003
..............\font<m-12.0> t
..............\penalty 10000
..............\glue 0.0 plus 0.04004 minus 0.16003
..............\font<m-12.0> r
..............\penalty 10000
..............\glue 0.0 plus 0.04004 minus 0.16003
..............\font<m-12.0> i
..............\penalty 10000
..............\glue 0.0 plus 0.04004 minus 0.16003
..............\font<m-12.0> n
..............\penalty 10000
..............\glue 0.0 plus 0.04004 minus 0.16003
..............\font<m-12.0> e
..............\penalty 10000
..............\glue 0.0 plus 0.04004 minus 0.16003
..............\font<m-12.0> ,
..............\glue 2.75002 plus 2.75002 minus 1.375
..............\font<m-12.0> r
..............\penalty 10000
..............\glue 0.0 plus 0.04004 minus 0.16003
..............\font<m-12.0> e
..............\penalty 10000
..............\glue 0.0 plus 0.04004 minus 0.16003
..............\font<m-12.0> c
..............\penalty 10000
..............\glue 0.0 plus 0.04004 minus 0.16003
..............\font<m-12.0> e
..............\penalty 10000
..............\glue 0.0 plus 0.04004 minus 0.16003
..............\font<m-12.0> i
..............\penalty 10000
..............\glue 0.0 plus 0.04004 minus 0.16003
..............\font<m-12.0> v
..............\penalty 10000
..............\glue 0.0 plus 0.04004 minus 0.16003
..............\font<m-12.0> e
..............\glue 2.75002 plus 2.75002 minus 1.375
..............\font<m-12.0> h
..............\penalty 10000
..............\glue 0.0 plus 0.04004 minus 0.16003
..............\font<m-12.0> i
..............\penalty 10000
..............\glue 0.0 plus 0.04004 minus 0.16003
..............\font<m-12.0> m
..............\glue 2.75002 plus 2.75002 minus 1.375
..............\font<m-12.0> n
..............\penalty 10000
..............\glue 0.0 plus 0.04004 minus 0.16003
..............\font<m-12.0> o
..............\penalty 10000
..............\glue 0.0 plus 0.04004 minus 0.16003
..............\font<m-12.0> t
..............\glue(\rightskip) 0.0
.............\glue(\baselineskip) 2.92284
.............\hbox(7.98604+3.091)x169.90706, glue set 0.85794
..............\font<m-12.0> i
..............\penalty 10000
..............\glue 0.0 plus 0.04004 minus 0.16003
..............\font<m-12.0> n
..............\penalty 10000
..............\glue 0.0 plus 0.04004 minus 0.16003
..............\font<m-12.0> t
..............\penalty 10000
..............\glue 0.0 plus 0.04004 minus 0.16003
..............\font<m-12.0> o
..............\glue 2.75002 plus 2.75002 minus 1.375
..............\font<m-12.0> y
..............\penalty 10000
..............\glue 0.0 plus 0.04004 minus 0.16003
..............\font<m-12.0> o
..............\penalty 10000
..............\glue 0.0 plus 0.04004 minus 0.16003
..............\font<m-12.0> u
..............\penalty 10000
..............\glue 0.0 plus 0.04004 minus 0.16003
..............\font<m-12.0> r
..............\glue 2.75002 plus 2.75002 minus 1.375
..............\font<m-12.0> h
..............\penalty 10000
..............\glue 0.0 plus 0.04004 minus 0.16003
..............\font<m-12.0> o
..............\penalty 10000
..............\glue 0.0 plus 0.04004 minus 0.16003
..............\font<m-12.0> u
..............\penalty 10000
..............\glue 0.0 plus 0.04004 minus 0.16003
..............\font<m-12.0> s
..............\penalty 10000
..............\glue 0.0 plus 0.04004 minus 0.16003
..............\font<m-12.0> e
..............\penalty 10000
..............\glue 0.0 plus 0.04004 minus 0.16003
..............\font<m-12.0> ,
..............\glue 2.75002 plus 2.75002 minus 1.375
..............\font<m-12.0> n
..............\penalty 10000
..............\glue 0.0 plus 0.04004 minus 0.16003
..............\font<m-12.0> e
..............\penalty 10000
..............\glue 0.0 plus 0.04004 minus 0.16003
..............\font<m-12.0> i
..............\penalty 10000
..............\glue 0.0 plus 0.04004 minus 0.16003
..............\font<m-12.0> t
..............\penalty 10000
..............\glue 0.0 plus 0.04004 minus 0.16003
..............\font<m-12.0> h
..............\penalty 10000
..............\glue 0.0 plus 0.04004 minus 0.16003
..............\font<m-12.0> e
..............\penalty 10000
..............\glue 0.0 plus 0.04004 minus 0.16003
..............\font<m-12.0> r
..............\glue 2.75002 plus 2.75002 minus 1.375
..............\font<m-12.0> b
..............\penalty 10000
..............\glue 0.0 plus 0.04004 minus 0.16003
..............\font<m-12.0> i
..............\penalty 10000
..............\glue 0.0 plus 0.04004 minus 0.16003
..............\font<m-12.0> d
..............\glue 2.75002 plus 2.75002 minus 1.375
..............\font<m-12.0> h
..............\penalty 10000
..............\glue 0.0 plus 0.04004 minus 0.16003
..............\font<m-12.0> i
..............\penalty 10000
..............\glue 0.0 plus 0.04004 minus 0.16003
..............\font<m-12.0> m
..............\glue(\rightskip) 0.0
.............\penalty 10000
.............\glue(\baselineskip) 2.92284
.............\hbox(7.98604+3.091)x169.90706, glue set 114.75275fil
..............\font<m-12.0> G
..............\penalty 10000
..............\glue 0.0 plus 0.04004 minus 0.16003
..............\font<m-12.0> o
..............\penalty 10000
..............\glue 0.0 plus 0.04004 minus 0.16003
..............\font<m-12.0> d
..............\glue 2.75002 plus 2.75002 minus 1.375
..............\font<m-12.0> s
..............\penalty 10000
..............\glue 0.0 plus 0.04004 minus 0.16003
..............\font<m-12.0> p
..............\penalty 10000
..............\glue 0.0 plus 0.04004 minus 0.16003
..............\font<m-12.0> e
..............\penalty 10000
..............\glue 0.0 plus 0.04004 minus 0.16003
..............\font<m-12.0> e
..............\penalty 10000
..............\glue 0.0 plus 0.04004 minus 0.16003
..............\font<m-12.0> d
..............\penalty 10000
..............\glue 0.0 plus 0.04004 minus 0.16003
..............\font<m-12.0> :
..............\beginL
..............\pdfsavepos
..............\write0{\noexpand \@parend {0}{\the \pdflastxpos }{\the \pdflastypos }{\the \lastdepth }}
..............\endL
..............\penalty 10000
..............\glue(\parfillskip) 0.0 plus 1.0fil
..............\glue(\rightskip) 0.0
.............\write0{\@parlen{2JN1.10}{1}{4}{m}{2JN1.10}{1}}
.............\glue(\parskip) 0.0
.............\glue(\baselineskip) 1.63045
.............\hbox(9.27843+3.091)x169.90706, glue set - 0.30609
..............\hbox(0.0+0.0)x0.0
..............\beginL
..............\pdfsavepos
..............\write0{\noexpand \@parstart {2JN1.11}{versetext}{m}{13.99988pt}{\the \pdflastxpos }{\the \pdflastypos }}
..............\endL
..............\special{pdf:dest (2JN.1:11) [@thispage /XYZ @xpos @ypos null]}
..............\hbox(5.98953+2.31825)x8.25005, shifted -3.2889
...............\font<v-12.0+m> 11
..............\kern 1.65001
..............\penalty 10000
..............\glue 0.0
..............\font<m-12.0> F
..............\penalty 10000
..............\glue 0.0 plus 0.04004 minus 0.16003
..............\font<m-12.0> o
..............\penalty 10000
..............\glue 0.0 plus 0.04004 minus 0.16003
..............\font<m-12.0> r
..............\glue 2.75002 plus 2.75002 minus 1.375
..............\font<m-12.0> h
..............\penalty 10000
..............\glue 0.0 plus 0.04004 minus 0.16003
..............\font<m-12.0> e
..............\glue 2.75002 plus 2.75002 minus 1.375
..............\font<m-12.0> t
..............\penalty 10000
..............\glue 0.0 plus 0.04004 minus 0.16003
..............\font<m-12.0> h
..............\penalty 10000
..............\glue 0.0 plus 0.04004 minus 0.16003
..............\font<m-12.0> a
..............\penalty 10000
..............\glue 0.0 plus 0.04004 minus 0.16003
..............\font<m-12.0> t
..............\glue 2.75002 plus 2.75002 minus 1.375
..............\font<m-12.0> b
..............\penalty 10000
..............\glue 0.0 plus 0.04004 minus 0.16003
..............\font<m-12.0> i
..............\penalty 10000
..............\glue 0.0 plus 0.04004 minus 0.16003
..............\font<m-12.0> d
..............\penalty 10000
..............\glue 0.0 plus 0.04004 minus 0.16003
..............\font<m-12.0> s
..............\glue 2.75002 plus 2.75002 minus 1.375
..............\font<m-12.0> h
..............\penalty 10000
..............\glue 0.0 plus 0.04004 minus 0.16003
..............\font<m-12.0> i
..............\penalty 10000
..............\glue 0.0 plus 0.04004 minus 0.16003
..............\font<m-12.0> m
..............\glue 2.75002 plus 2.75002 minus 1.375
..............\font<m-12.0> G
..............\penalty 10000
..............\glue 0.0 plus 0.04004 minus 0.16003
..............\font<m-12.0> o
..............\penalty 10000
..............\glue 0.0 plus 0.04004 minus 0.16003
..............\font<m-12.0> d
..............\glue 2.75002 plus 2.75002 minus 1.375
..............\font<m-12.0> s
..............\penalty 10000
..............\glue 0.0 plus 0.04004 minus 0.16003
..............\font<m-12.0> p
..............\penalty 10000
..............\glue 0.0 plus 0.04004 minus 0.16003
..............\font<m-12.0> e
..............\penalty 10000
..............\glue 0.0 plus 0.04004 minus 0.16003
..............\font<m-12.0> e
..............\penalty 10000
..............\glue 0.0 plus 0.04004 minus 0.16003
..............\font<m-12.0> d
..............\glue 2.75002 plus 2.75002 minus 1.375
..............\font<m-12.0> i
..............\penalty 10000
..............\glue 0.0 plus 0.04004 minus 0.16003
..............\font<m-12.0> s
..............\glue(\rightskip) 0.0
.............\mark{2 John:1:11}
.............\penalty 20000
.............\glue(\baselineskip) 2.92284
.............\hbox(7.98604+3.091)x169.90706, glue set 44.50635fil
..............\font<m-12.0> p
..............\penalty 10000
..............\glue 0.0 plus 0.04004 minus 0.16003
..............\font<m-12.0> a
..............\penalty 10000
..............\glue 0.0 plus 0.04004 minus 0.16003
..............\font<m-12.0> r
..............\penalty 10000
..............\glue 0.0 plus 0.04004 minus 0.16003
..............\font<m-12.0> t
..............\penalty 10000
..............\glue 0.0 plus 0.04004 minus 0.16003
..............\font<m-12.0> a
..............\penalty 10000
..............\glue 0.0 plus 0.04004 minus 0.16003
..............\font<m-12.0> k
..............\penalty 10000
..............\glue 0.0 plus 0.04004 minus 0.16003
..............\font<m-12.0> e
..............\penalty 10000
..............\glue 0.0 plus 0.04004 minus 0.16003
..............\font<m-12.0> r
..............\glue 2.75002 plus 2.75002 minus 1.375
..............\font<m-12.0> o
..............\penalty 10000
..............\glue 0.0 plus 0.04004 minus 0.16003
..............\font<m-12.0> f
..............\glue 2.75002 plus 2.75002 minus 1.375
..............\font<m-12.0> h
..............\penalty 10000
..............\glue 0.0 plus 0.04004 minus 0.16003
..............\font<m-12.0> i
..............\penalty 10000
..............\glue 0.0 plus 0.04004 minus 0.16003
..............\font<m-12.0> s
..............\glue 2.75002 plus 2.75002 minus 1.375
..............\font<m-12.0> e
..............\penalty 10000
..............\glue 0.0 plus 0.04004 minus 0.16003
..............\font<m-12.0> v
..............\penalty 10000
..............\glue 0.0 plus 0.04004 minus 0.16003
..............\font<m-12.0> i
..............\penalty 10000
..............\glue 0.0 plus 0.04004 minus 0.16003
..............\font<m-12.0> l
..............\glue 2.75002 plus 2.75002 minus 1.375
..............\font<m-12.0> d
..............\penalty 10000
..............\glue 0.0 plus 0.04004 minus 0.16003
..............\font<m-12.0> e
..............\penalty 10000
..............\glue 0.0 plus 0.04004 minus 0.16003
..............\font<m-12.0> e
..............\penalty 10000
..............\glue 0.0 plus 0.04004 minus 0.16003
..............\font<m-12.0> d
..............\penalty 10000
..............\glue 0.0 plus 0.04004 minus 0.16003
..............\font<m-12.0> s
..............\penalty 10000
..............\glue 0.0 plus 0.04004 minus 0.16003
..............\font<m-12.0> .
..............\beginL
..............\pdfsavepos
..............\write0{\noexpand \@parend {0}{\the \pdflastxpos }{\the \pdflastypos }{\the \lastdepth }}
..............\endL
..............\penalty 10000
..............\glue(\parfillskip) 0.0 plus 1.0fil
..............\glue(\rightskip) 0.0
.............\write0{\@parlen{2JN1.11}{1}{2}{m}{2JN1.11}{1}}
.............\glue(\parskip) 0.0
.............\glue(\baselineskip) 1.63045
.............\hbox(9.27843+3.091)x169.90706, glue set 0.47835
..............\hbox(0.0+0.0)x0.0
..............\beginL
..............\pdfsavepos
..............\write0{\noexpand \@parstart {2JN1.12}{versetext}{m}{13.99988pt}{\the \pdflastxpos }{\the \pdflastypos }}
..............\endL
..............\special{pdf:dest (2JN.1:12) [@thispage /XYZ @xpos @ypos null]}
..............\hbox(5.98953+2.31825)x8.25005, shifted -3.2889
...............\font<v-12.0+m> 12
..............\kern 1.65001
..............\penalty 10000
..............\glue 0.0
..............\font<m-12.0> H
..............\penalty 10000
..............\glue 0.0 plus 0.04004 minus 0.16003
..............\font<m-12.0> a
..............\penalty 10000
..............\glue 0.0 plus 0.04004 minus 0.16003
..............\font<m-12.0> v
..............\penalty 10000
..............\glue 0.0 plus 0.04004 minus 0.16003
..............\font<m-12.0> i
..............\penalty 10000
..............\glue 0.0 plus 0.04004 minus 0.16003
..............\font<m-12.0> n
..............\penalty 10000
..............\glue 0.0 plus 0.04004 minus 0.16003
..............\font<m-12.0> g
..............\glue 2.75002 plus 2.75002 minus 1.375
..............\font<m-12.0> m
..............\penalty 10000
..............\glue 0.0 plus 0.04004 minus 0.16003
..............\font<m-12.0> a
..............\penalty 10000
..............\glue 0.0 plus 0.04004 minus 0.16003
..............\font<m-12.0> n
..............\penalty 10000
..............\glue 0.0 plus 0.04004 minus 0.16003
..............\font<m-12.0> y
..............\glue 2.75002 plus 2.75002 minus 1.375
..............\font<m-12.0> t
..............\penalty 10000
..............\glue 0.0 plus 0.04004 minus 0.16003
..............\font<m-12.0> h
..............\penalty 10000
..............\glue 0.0 plus 0.04004 minus 0.16003
..............\font<m-12.0> i
..............\penalty 10000
..............\glue 0.0 plus 0.04004 minus 0.16003
..............\font<m-12.0> n
..............\penalty 10000
..............\glue 0.0 plus 0.04004 minus 0.16003
..............\font<m-12.0> g
..............\penalty 10000
..............\glue 0.0 plus 0.04004 minus 0.16003
..............\font<m-12.0> s
..............\glue 2.75002 plus 2.75002 minus 1.375
..............\font<m-12.0> t
..............\penalty 10000
..............\glue 0.0 plus 0.04004 minus 0.16003
..............\font<m-12.0> o
..............\glue 2.75002 plus 2.75002 minus 1.375
..............\font<m-12.0> w
..............\penalty 10000
..............\glue 0.0 plus 0.04004 minus 0.16003
..............\font<m-12.0> r
..............\penalty 10000
..............\glue 0.0 plus 0.04004 minus 0.16003
..............\font<m-12.0> i
..............\penalty 10000
..............\glue 0.0 plus 0.04004 minus 0.16003
..............\font<m-12.0> t
..............\penalty 10000
..............\glue 0.0 plus 0.04004 minus 0.16003
..............\font<m-12.0> e
..............\glue 2.75002 plus 2.75002 minus 1.375
..............\font<m-12.0> t
..............\penalty 10000
..............\glue 0.0 plus 0.04004 minus 0.16003
..............\font<m-12.0> o
..............\glue(\rightskip) 0.0
.............\mark{2 John:1:12}
.............\penalty 10000
.............\glue(\baselineskip) 2.92284
.............\hbox(7.98604+3.091)x169.90706, glue set 0.24738
..............\font<m-12.0> y
..............\penalty 10000
..............\glue 0.0 plus 0.04004 minus 0.16003
..............\font<m-12.0> o
..............\penalty 10000
..............\glue 0.0 plus 0.04004 minus 0.16003
..............\font<m-12.0> u
..............\penalty 10000
..............\glue 0.0 plus 0.04004 minus 0.16003
..............\font<m-12.0> ,
..............\glue 2.75002 plus 2.75002 minus 1.375
..............\font<m-12.0> I
..............\glue 2.75002 plus 2.74725 minus 1.37637
..............\font<m-12.0> w
..............\penalty 10000
..............\glue 0.0 plus 0.04004 minus 0.16003
..............\font<m-12.0> o
..............\penalty 10000
..............\glue 0.0 plus 0.04004 minus 0.16003
..............\font<m-12.0> u
..............\penalty 10000
..............\glue 0.0 plus 0.04004 minus 0.16003
..............\font<m-12.0> l
..............\penalty 10000
..............\glue 0.0 plus 0.04004 minus 0.16003
..............\font<m-12.0> d
..............\glue 2.75002 plus 2.75002 minus 1.375
..............\font<m-12.0> n
..............\penalty 10000
..............\glue 0.0 plus 0.04004 minus 0.16003
..............\font<m-12.0> o
..............\penalty 10000
..............\glue 0.0 plus 0.04004 minus 0.16003
..............\font<m-12.0> t
..............\glue 2.75002 plus 2.75002 minus 1.375
..............\font<m-12.0> w
..............\penalty 10000
..............\glue 0.0 plus 0.04004 minus 0.16003
..............\font<m-12.0> r
..............\penalty 10000
..............\glue 0.0 plus 0.04004 minus 0.16003
..............\font<m-12.0> i
..............\penalty 10000
..............\glue 0.0 plus 0.04004 minus 0.16003
..............\font<m-12.0> t
..............\penalty 10000
..............\glue 0.0 plus 0.04004 minus 0.16003
..............\font<m-12.0> e
..............\glue 2.75002 plus 2.75002 minus 1.375
..............\font<m-12.0> w
..............\penalty 10000
..............\glue 0.0 plus 0.04004 minus 0.16003
..............\font<m-12.0> i
..............\penalty 10000
..............\glue 0.0 plus 0.04004 minus 0.16003
..............\font<m-12.0> t
..............\penalty 10000
..............\glue 0.0 plus 0.04004 minus 0.16003
..............\font<m-12.0> h
..............\glue 2.75002 plus 2.75002 minus 1.375
..............\font<m-12.0> p
..............\penalty 10000
..............\glue 0.0 plus 0.04004 minus 0.16003
..............\font<m-12.0> a
..............\penalty 10000
..............\glue 0.0 plus 0.04004 minus 0.16003
..............\font<m-12.0> p
..............\penalty 10000
..............\glue 0.0 plus 0.04004 minus 0.16003
..............\font<m-12.0> e
..............\penalty 10000
..............\glue 0.0 plus 0.04004 minus 0.16003
..............\font<m-12.0> r
..............\glue(\rightskip) 0.0
.............\glue(\baselineskip) 2.92284
.............\hbox(7.98604+3.091)x169.90706, glue set 0.06477
..............\font<m-12.0> a
..............\penalty 10000
..............\glue 0.0 plus 0.04004 minus 0.16003
..............\font<m-12.0> n
..............\penalty 10000
..............\glue 0.0 plus 0.04004 minus 0.16003
..............\font<m-12.0> d
..............\glue 2.75002 plus 2.75002 minus 1.375
..............\font<m-12.0> i
..............\penalty 10000
..............\glue 0.0 plus 0.04004 minus 0.16003
..............\font<m-12.0> n
..............\penalty 10000
..............\glue 0.0 plus 0.04004 minus 0.16003
..............\font<m-12.0> k
..............\penalty 10000
..............\glue 0.0 plus 0.04004 minus 0.16003
..............\font<m-12.0> :
..............\glue 2.75002 plus 2.75002 minus 1.375
..............\font<m-12.0> b
..............\penalty 10000
..............\glue 0.0 plus 0.04004 minus 0.16003
..............\font<m-12.0> u
..............\penalty 10000
..............\glue 0.0 plus 0.04004 minus 0.16003
..............\font<m-12.0> t
..............\glue 2.75002 plus 2.75002 minus 1.375
..............\font<m-12.0> I
..............\glue 2.75002 plus 2.74725 minus 1.37637
..............\font<m-12.0> t
..............\penalty 10000
..............\glue 0.0 plus 0.04004 minus 0.16003
..............\font<m-12.0> r
..............\penalty 10000
..............\glue 0.0 plus 0.04004 minus 0.16003
..............\font<m-12.0> u
..............\penalty 10000
..............\glue 0.0 plus 0.04004 minus 0.16003
..............\font<m-12.0> s
..............\penalty 10000
..............\glue 0.0 plus 0.04004 minus 0.16003
..............\font<m-12.0> t
..............\glue 2.75002 plus 2.75002 minus 1.375
..............\font<m-12.0> t
..............\penalty 10000
..............\glue 0.0 plus 0.04004 minus 0.16003
..............\font<m-12.0> o
..............\glue 2.75002 plus 2.75002 minus 1.375
..............\font<m-12.0> c
..............\penalty 10000
..............\glue 0.0 plus 0.04004 minus 0.16003
..............\font<m-12.0> o
..............\penalty 10000
..............\glue 0.0 plus 0.04004 minus 0.16003
..............\font<m-12.0> m
..............\penalty 10000
..............\glue 0.0 plus 0.04004 minus 0.16003
..............\font<m-12.0> e
..............\glue 2.75002 plus 2.75002 minus 1.375
..............\font<m-12.0> t
..............\penalty 10000
..............\glue 0.0 plus 0.04004 minus 0.16003
..............\font<m-12.0> o
..............\glue 2.75002 plus 2.75002 minus 1.375
..............\font<m-12.0> y
..............\penalty 10000
..............\glue 0.0 plus 0.04004 minus 0.16003
..............\font<m-12.0> o
..............\penalty 10000
..............\glue 0.0 plus 0.04004 minus 0.16003
..............\font<m-12.0> u
..............\penalty 10000
..............\glue 0.0 plus 0.04004 minus 0.16003
..............\font<m-12.0> ,
..............\glue(\rightskip) 0.0
.............\glue(\baselineskip) 2.92284
.............\hbox(7.98604+3.091)x169.90706, glue set 0.10677
..............\font<m-12.0> a
..............\penalty 10000
..............\glue 0.0 plus 0.04004 minus 0.16003
..............\font<m-12.0> n
..............\penalty 10000
..............\glue 0.0 plus 0.04004 minus 0.16003
..............\font<m-12.0> d
..............\glue 2.75002 plus 2.75002 minus 1.375
..............\font<m-12.0> s
..............\penalty 10000
..............\glue 0.0 plus 0.04004 minus 0.16003
..............\font<m-12.0> p
..............\penalty 10000
..............\glue 0.0 plus 0.04004 minus 0.16003
..............\font<m-12.0> e
..............\penalty 10000
..............\glue 0.0 plus 0.04004 minus 0.16003
..............\font<m-12.0> a
..............\penalty 10000
..............\glue 0.0 plus 0.04004 minus 0.16003
..............\font<m-12.0> k
..............\glue 2.75002 plus 2.75002 minus 1.375
..............\font<m-12.0> f
..............\penalty 10000
..............\glue 0.0 plus 0.04004 minus 0.16003
..............\font<m-12.0> a
..............\penalty 10000
..............\glue 0.0 plus 0.04004 minus 0.16003
..............\font<m-12.0> c
..............\penalty 10000
..............\glue 0.0 plus 0.04004 minus 0.16003
..............\font<m-12.0> e
..............\glue 2.75002 plus 2.75002 minus 1.375
..............\font<m-12.0> t
..............\penalty 10000
..............\glue 0.0 plus 0.04004 minus 0.16003
..............\font<m-12.0> o
..............\glue 2.75002 plus 2.75002 minus 1.375
..............\font<m-12.0> f
..............\penalty 10000
..............\glue 0.0 plus 0.04004 minus 0.16003
..............\font<m-12.0> a
..............\penalty 10000
..............\glue 0.0 plus 0.04004 minus 0.16003
..............\font<m-12.0> c
..............\penalty 10000
..............\glue 0.0 plus 0.04004 minus 0.16003
..............\font<m-12.0> e
..............\penalty 10000
..............\glue 0.0 plus 0.04004 minus 0.16003
..............\font<m-12.0> ,
..............\glue 2.75002 plus 2.75002 minus 1.375
..............\font<m-12.0> t
..............\penalty 10000
..............\glue 0.0 plus 0.04004 minus 0.16003
..............\font<m-12.0> h
..............\penalty 10000
..............\glue 0.0 plus 0.04004 minus 0.16003
..............\font<m-12.0> a
..............\penalty 10000
..............\glue 0.0 plus 0.04004 minus 0.16003
..............\font<m-12.0> t
..............\glue 2.75002 plus 2.75002 minus 1.375
..............\font<m-12.0> o
..............\penalty 10000
..............\glue 0.0 plus 0.04004 minus 0.16003
..............\font<m-12.0> u
..............\penalty 10000
..............\glue 0.0 plus 0.04004 minus 0.16003
..............\font<m-12.0> r
..............\glue 2.75002 plus 2.75002 minus 1.375
..............\font<m-12.0> j
..............\penalty 10000
..............\glue 0.0 plus 0.04004 minus 0.16003
..............\font<m-12.0> o
..............\penalty 10000
..............\glue 0.0 plus 0.04004 minus 0.16003
..............\font<m-12.0> y
..............\glue(\rightskip) 0.0
.............\penalty 10000
.............\glue(\baselineskip) 2.92284
.............\hbox(7.98604+3.091)x169.90706, glue set 112.27773fil
..............\font<m-12.0> m
..............\penalty 10000
..............\glue 0.0 plus 0.04004 minus 0.16003
..............\font<m-12.0> a
..............\penalty 10000
..............\glue 0.0 plus 0.04004 minus 0.16003
..............\font<m-12.0> y
..............\glue 2.75002 plus 2.75002 minus 1.375
..............\font<m-12.0> b
..............\penalty 10000
..............\glue 0.0 plus 0.04004 minus 0.16003
..............\font<m-12.0> e
..............\glue 2.75002 plus 2.75002 minus 1.375
..............\font<m-12.0> f
..............\penalty 10000
..............\glue 0.0 plus 0.04004 minus 0.16003
..............\font<m-12.0> u
..............\penalty 10000
..............\glue 0.0 plus 0.04004 minus 0.16003
..............\font<m-12.0> l
..............\penalty 10000
..............\glue 0.0 plus 0.04004 minus 0.16003
..............\font<m-12.0> l
..............\penalty 10000
..............\glue 0.0 plus 0.04004 minus 0.16003
..............\font<m-12.0> .
..............\beginL
..............\pdfsavepos
..............\write0{\noexpand \@parend {0}{\the \pdflastxpos }{\the \pdflastypos }{\the \lastdepth }}
..............\endL
..............\penalty 10000
..............\glue(\parfillskip) 0.0 plus 1.0fil
..............\glue(\rightskip) 0.0
.............\write0{\@parlen{2JN1.12}{1}{5}{m}{2JN1.12}{1}}
.............\glue(\parskip) 0.0
.............\glue(\baselineskip) 1.63045
.............\hbox(9.27843+3.091)x169.90706, glue set 0.46465
..............\hbox(0.0+0.0)x0.0
..............\beginL
..............\pdfsavepos
..............\write0{\noexpand \@parstart {2JN1.13}{versetext}{m}{13.99988pt}{\the \pdflastxpos }{\the \pdflastypos }}
..............\endL
..............\special{pdf:dest (2JN.1:13) [@thispage /XYZ @xpos @ypos null]}
..............\hbox(5.98953+2.31825)x8.25005, shifted -3.2889
...............\font<v-12.0+m> 13
..............\kern 1.65001
..............\penalty 10000
..............\glue 0.0
..............\font<m-12.0> T
..............\penalty 10000
..............\glue 0.0 plus 0.04004 minus 0.16003
..............\font<m-12.0> h
..............\penalty 10000
..............\glue 0.0 plus 0.04004 minus 0.16003
..............\font<m-12.0> e
..............\glue 2.75002 plus 2.75002 minus 1.375
..............\font<m-12.0> c
..............\penalty 10000
..............\glue 0.0 plus 0.04004 minus 0.16003
..............\font<m-12.0> h
..............\penalty 10000
..............\glue 0.0 plus 0.04004 minus 0.16003
..............\font<m-12.0> i
..............\penalty 10000
..............\glue 0.0 plus 0.04004 minus 0.16003
..............\font<m-12.0> l
..............\penalty 10000
..............\glue 0.0 plus 0.04004 minus 0.16003
..............\font<m-12.0> d
..............\penalty 10000
..............\glue 0.0 plus 0.04004 minus 0.16003
..............\font<m-12.0> r
..............\penalty 10000
..............\glue 0.0 plus 0.04004 minus 0.16003
..............\font<m-12.0> e
..............\penalty 10000
..............\glue 0.0 plus 0.04004 minus 0.16003
..............\font<m-12.0> n
..............\glue 2.75002 plus 2.75002 minus 1.375
..............\font<m-12.0> o
..............\penalty 10000
..............\glue 0.0 plus 0.04004 minus 0.16003
..............\font<m-12.0> f
..............\glue 2.75002 plus 2.75002 minus 1.375
..............\font<m-12.0> y
..............\penalty 10000
..............\glue 0.0 plus 0.04004 minus 0.16003
..............\font<m-12.0> o
..............\penalty 10000
..............\glue 0.0 plus 0.04004 minus 0.16003
..............\font<m-12.0> u
..............\penalty 10000
..............\glue 0.0 plus 0.04004 minus 0.16003
..............\font<m-12.0> r
..............\glue 2.75002 plus 2.75002 minus 1.375
..............\font<m-12.0> e
..............\penalty 10000
..............\glue 0.0 plus 0.04004 minus 0.16003
..............\font<m-12.0> l
..............\penalty 10000
..............\glue 0.0 plus 0.04004 minus 0.16003
..............\font<m-12.0> e
..............\penalty 10000
..............\glue 0.0 plus 0.04004 minus 0.16003
..............\font<m-12.0> c
..............\penalty 10000
..............\glue 0.0 plus 0.04004 minus 0.16003
..............\font<m-12.0> t
..............\glue 2.75002 plus 2.75002 minus 1.375
..............\font<m-12.0> s
..............\penalty 10000
..............\glue 0.0 plus 0.04004 minus 0.16003
..............\font<m-12.0> i
..............\penalty 10000
..............\glue 0.0 plus 0.04004 minus 0.16003
..............\font<m-12.0> s
..............\penalty 10000
..............\glue 0.0 plus 0.04004 minus 0.16003
..............\font<m-12.0> t
..............\penalty 10000
..............\glue 0.0 plus 0.04004 minus 0.16003
..............\font<m-12.0> e
..............\penalty 10000
..............\glue 0.0 plus 0.04004 minus 0.16003
..............\font<m-12.0> r
..............\glue(\rightskip) 0.0
.............\mark{2 John:1:13}
.............\penalty 20000
.............\glue(\baselineskip) 2.92284
.............\hbox(7.98604+3.091)x169.90706, glue set 85.6246fil
..............\font<m-12.0> g
..............\penalty 10000
..............\glue 0.0 plus 0.04004 minus 0.16003
..............\font<m-12.0> r
..............\penalty 10000
..............\glue 0.0 plus 0.04004 minus 0.16003
..............\font<m-12.0> e
..............\penalty 10000
..............\glue 0.0 plus 0.04004 minus 0.16003
..............\font<m-12.0> e
..............\penalty 10000
..............\glue 0.0 plus 0.04004 minus 0.16003
..............\font<m-12.0> t
..............\glue 2.75002 plus 2.75002 minus 1.375
..............\font<m-12.0> y
..............\penalty 10000
..............\glue 0.0 plus 0.04004 minus 0.16003
..............\font<m-12.0> o
..............\penalty 10000
..............\glue 0.0 plus 0.04004 minus 0.16003
..............\font<m-12.0> u
..............\penalty 10000
..............\glue 0.0 plus 0.04004 minus 0.16003
..............\font<m-12.0> .
..............\glue 2.75002 plus 2.75002 minus 1.375
..............\font<m-12.0> A
..............\penalty 10000
..............\glue 0.0 plus 0.04004 minus 0.16003
..............\font<m-12.0> m
..............\penalty 10000
..............\glue 0.0 plus 0.04004 minus 0.16003
..............\font<m-12.0> e
..............\penalty 10000
..............\glue 0.0 plus 0.04004 minus 0.16003
..............\font<m-12.0> n
..............\penalty 10000
..............\glue 0.0 plus 0.04004 minus 0.16003
..............\font<m-12.0> .
..............\beginL
..............\pdfsavepos
..............\write0{\noexpand \@parend {0}{\the \pdflastxpos }{\the \pdflastypos }{\the \lastdepth }}
..............\endL
..............\penalty 10000
..............\glue(\parfillskip) 0.0 plus 1.0fil
..............\glue(\rightskip) 0.0
.............\write0{\@parlen{2JN1.13}{1}{2}{m}{2JN1.13}{1}}
.............\pdfsavepos
.............\write0{\string \@colstop {\the \pdflastxpos }{\the \pdflastypos }}
.............\glue 0.0 plus 1.0fil
............\hbox(0.0+0.0)x0.0
...........\kern 3.091
.......\glue(\parskip) 0.0
.......\glue(\lineskip) 0.0
.......\hbox(0.0+0.0)x169.90706, glue set 169.90706fil
........\hbox(0.0+0.0)x0.0
........\beginL
........\pdfsavepos
........\write0{\noexpand \@parpageend {\the \pdflastxpos }{\the \pdflastypos }{pageend}}
........\endL
........\penalty 10000
........\glue(\parfillskip) 0.0 plus 1.0fil
........\glue(\rightskip) 0.0
.....\glue(\lineskip) 0.0
.....\vbox(18.50212+3.091)x352.8142
......\kern 10.51608
......\hbox(7.98604+3.091)x352.8142, glue set 165.40704fil
.......\special{color push rgb 0 0 0}
.......\hbox(0.0+0.0)x0.0
........\hbox(0.0+0.0)x0.0
........\glue 0.0 plus 1.0fil minus 1.0fil
.......\glue 0.0 plus 1.0fil
.......\font<m-12.0> 1974
.......\glue 0.0 plus 1.0fil
.......\hbox(0.0+0.0)x0.0
........\glue 0.0 plus 1.0fil minus 1.0fil
........\hbox(0.0+0.0)x0.0
.......\special{color pop}
...\glue 0.0 plus 1.0fil minus 1.0fil
.\kern 29.87538

[1974] ptxfile 653JNakjv-two-Default.USFM monoglot,
(no adjustment list "../../../shared/ptxprint/Default/AdjLists/653JNakjv-two-Default.USFM.adj" found)
(no picture list "653JNakjv-two-Default.USFM.piclist" found)
 (./653JNakjv-two-Default.USFM First chapter for 3JN)
Underfill[A]: [1975] ht=349.99695pt, space=363.99683pt, baseline=13.99988pt

Overfull \vbox (21.59312pt too high) detected at line 624

\vbox(597.50787+0.0)x421.10078
.\kern 51.21964
.\vbox(534.91498+3.091)x421.10078
..\hbox(534.91498+3.091)x421.10078, glue set 34.1433fil
...\glue 0.0 plus 1.0fil minus 1.0fil
...\hbox(534.91498+3.091)x352.8142
....\vbox(534.91498+3.091)x352.8142
.....\vbox(0.0+0.0)x352.8142, glue set 15.00977fil
......\kern -51.21964
......\vbox(36.20987+0.0)x352.8142
.......\kern 28.50987
.......\vbox(7.7+0.0)x352.8142
........\hbox(0.0+0.0)x352.8142
.........\special{color push rgb 0 0 0}
.........\hbox(0.0+0.0)x352.8142, glue set 176.4071fil
..........\hbox(0.0+0.0)x0.0
...........\hbox(0.0+0.0)x0.0
...........\glue 0.0 plus 1.0fil minus 1.0fil
..........\glue 0.0 plus 1.0fil
..........\glue 0.0 plus 1.0fil
..........\hbox(0.0+0.0)x0.0
...........\glue 0.0 plus 1.0fil minus 1.0fil
...........\hbox(0.0+0.0)x0.0
.........\special{color pop}
......\glue 0.0 plus 1.0fil minus 1.0fil
.....\vbox(516.41286+0.0)x352.8142
......\vbox(437.08722+0.0)x352.8142
.......\vbox(437.08722+0.0)x352.8142
........\hbox(437.08722+0.0)x352.8142
.........\vbox(437.08722+0.0)x352.8142
..........\vbox(69.99939+0.0)x352.8142
...........\hbox(69.99939+0.0)x352.8142
............\vbox(69.99939+0.0)x352.8142
.............\hbox(69.99939+0.0)x352.8142
..............\vbox(69.99939+0.0)x352.8142
...............\pdfsavepos
...............\write0{\@colstart{69.99939pt}{0.0pt}{352.8142pt}{\the \pdflastxpos }{\the \pdflastypos }}
...............\mark{title}
...............\glue(\topskip) 0.0
...............\vbox(55.99951+0.0)x352.8142
................\kern 7.85239
................\glue 0.0
................\penalty 10000
................\glue(\parskip) 0.0
................\hbox(10.75073+4.048)x352.8142, glue set 0.26443
.................\glue(\leftskip) 0.0 plus 352.8142
.................\hbox(0.0+0.0)x0.0
.................\beginL
.................\pdfsavepos
.................\write0{\noexpand \@parstart {3JN0.1}{title}{mt2}{18.6665pt}{\the \pdflastxpos }{\the \pdflastypos }}
.................\endL
.................\special{pdf:dest (3JN.) [@thispage /Fit]}
.................\special{pdf:outline 0 << /Title (3 John) /A << /S /GoTo /D (3JN.) >> >>}
.................\font<mt2-16.0> T
.................\penalty 10000
.................\glue 0.0 plus 0.04004 minus 0.16003
.................\font<mt2-16.0> h
.................\penalty 10000
.................\glue 0.0 plus 0.04004 minus 0.16003
.................\font<mt2-16.0> e
.................\glue 3.66669 plus 3.66669 minus 1.83334
.................\font<mt2-16.0> T
.................\penalty 10000
.................\glue 0.0 plus 0.04004 minus 0.16003
.................\font<mt2-16.0> h
.................\penalty 10000
.................\glue 0.0 plus 0.04004 minus 0.16003
.................\font<mt2-16.0> i
.................\penalty 10000
.................\glue 0.0 plus 0.04004 minus 0.16003
.................\font<mt2-16.0> r
.................\penalty 10000
.................\glue 0.0 plus 0.04004 minus 0.16003
.................\font<mt2-16.0> d
.................\glue 3.66669 plus 3.66669 minus 1.83334
.................\font<mt2-16.0> L
.................\penalty 10000
.................\glue 0.0 plus 0.04004 minus 0.16003
.................\font<mt2-16.0> e
.................\penalty 10000
.................\glue 0.0 plus 0.04004 minus 0.16003
.................\font<mt2-16.0> t
.................\penalty 10000
.................\glue 0.0 plus 0.04004 minus 0.16003
.................\font<mt2-16.0> t
.................\penalty 10000
.................\glue 0.0 plus 0.04004 minus 0.16003
.................\font<mt2-16.0> e
.................\penalty 10000
.................\glue 0.0 plus 0.04004 minus 0.16003
.................\font<mt2-16.0> r
.................\glue 3.66669 plus 3.66669 minus 1.83334
.................\font<mt2-16.0> G
.................\penalty 10000
.................\glue 0.0 plus 0.04004 minus 0.16003
.................\font<mt2-16.0> e
.................\penalty 10000
.................\glue 0.0 plus 0.04004 minus 0.16003
.................\font<mt2-16.0> n
.................\penalty 10000
.................\glue 0.0 plus 0.04004 minus 0.16003
.................\font<mt2-16.0> e
.................\penalty 10000
.................\glue 0.0 plus 0.04004 minus 0.16003
.................\font<mt2-16.0> r
.................\penalty 10000
.................\glue 0.0 plus 0.04004 minus 0.16003
.................\font<mt2-16.0> a
.................\penalty 10000
.................\glue 0.0 plus 0.04004 minus 0.16003
.................\font<mt2-16.0> l
.................\glue 3.66669 plus 3.66669 minus 1.83334
.................\font<mt2-16.0> o
.................\penalty 10000
.................\glue 0.0 plus 0.04004 minus 0.16003
.................\font<mt2-16.0> f
.................\beginL
.................\pdfsavepos
.................\write0{\noexpand \@parend {0}{\the \pdflastxpos }{\the \pdflastypos }{\the \lastdepth }}
.................\endL
.................\penalty 10000
.................\glue(\parfillskip) 0.0
.................\glue(\rightskip) 0.0 plus 352.8142
................\write0{\@parlen{3JN0.1}{1}{1}{mt2}{3JN0.1}{1}}
................\penalty 10000
................\glue 2.33331
................\penalty 10000
................\penalty 10000
................\glue 2.33331
................\glue(\parskip) 0.0
................\glue(\baselineskip) 6.08505
................\hbox(13.20007+4.73001)x352.8142, glue set 0.44362
.................\glue(\leftskip) 0.0 plus 352.8142
.................\hbox(0.0+0.0)x0.0
.................\beginL
.................\pdfsavepos
.................\write0{\noexpand \@parstart {3JN0.1}{title}{mt1}{23.33313pt}{\the \pdflastxpos }{\the \pdflastypos }}
.................\endL
.................\font<mt1-20.0> J
.................\penalty 10000
.................\glue 0.0 plus 0.04004 minus 0.16003
.................\font<mt1-20.0> o
.................\penalty 10000
.................\glue 0.0 plus 0.04004 minus 0.16003
.................\font<mt1-20.0> h
.................\penalty 10000
.................\glue 0.0 plus 0.04004 minus 0.16003
.................\font<mt1-20.0> n
.................\beginL
.................\pdfsavepos
.................\write0{\noexpand \@parend {2}{\the \pdflastxpos }{\the \pdflastypos }{\the \lastdepth }}
.................\endL
.................\penalty 10000
.................\glue(\parfillskip) 0.0
.................\glue(\rightskip) 0.0 plus 352.8142
................\write0{\@parlen{3JN1.0}{2}{1}{mt1}{3JN0.1}{2}}
................\penalty 10000
................\glue 4.66663
...............\penalty 10000
...............\penalty 10000
...............\mark{title}
...............\penalty 10000
...............\glue 0.0
...............\penalty -101
...............\glue 13.99988
...............\pdfsavepos
...............\write0{\string \@colstop {\the \pdflastxpos }{\the \pdflastypos }}
...............\glue 0.0 plus 1.0fil
..............\hbox(0.0+0.0)x0.0
...........\glue 0.0
..........\glue(\lineskip) 0.0
..........\vbox(367.08783+0.0)x352.8142
...........\hbox(363.99683+0.0)x352.8142, glue set 6.00005fil
............\vbox(363.99683+0.0)x169.90706, glue set 10.90887fil
.............\pdfsavepos
.............\write0{\@colstart{349.99695pt}{3.091pt}{169.90706pt}{\the \pdflastxpos }{\the \pdflastypos }}
.............\glue(\topskip) 0.0
.............\vbox(13.99988+0.0)x0.0
..............\kern 9.33325
..............\glue -9.33325
..............\penalty 10000
..............\penalty 10000
..............\glue 9.33325
..............\penalty 10000
..............\penalty 10000
..............\glue 4.66663
.............\penalty 10000
.............\penalty 10000
.............\glue(\parskip) 0.0
.............\glue(\baselineskip) 4.72145
.............\hbox(9.27843+3.091)x169.90706, glue set - 0.93398
..............\hbox(0.0+0.0)x0.0
..............\beginL
..............\pdfsavepos
..............\write0{\noexpand \@parstart {3JN1.1}{versetext}{m}{13.99988pt}{\the \pdflastxpos }{\the \pdflastypos }}
..............\endL
..............\special{pdf:dest (3JN.1) [@thispage /Fit]}
..............\special{pdf:outline 1 << /Title (3 John 1) /A << /S /GoTo /D (3JN.1) >> >>}
..............\special{pdf:dest (3JN.1:1) [@thispage /XYZ @xpos @ypos null]}
..............\hbox(5.98953+2.31825)x4.12503, shifted -3.2889
...............\font<v-12.0+m> 1
..............\kern 1.65001
..............\penalty 10000
..............\glue 0.0
..............\font<m-12.0> T
..............\penalty 10000
..............\glue 0.0 plus 0.04004 minus 0.16003
..............\font<m-12.0> h
..............\penalty 10000
..............\glue 0.0 plus 0.04004 minus 0.16003
..............\font<m-12.0> e
..............\glue 2.75002 plus 2.75002 minus 1.375
..............\font<m-12.0> e
..............\penalty 10000
..............\glue 0.0 plus 0.04004 minus 0.16003
..............\font<m-12.0> l
..............\penalty 10000
..............\glue 0.0 plus 0.04004 minus 0.16003
..............\font<m-12.0> d
..............\penalty 10000
..............\glue 0.0 plus 0.04004 minus 0.16003
..............\font<m-12.0> e
..............\penalty 10000
..............\glue 0.0 plus 0.04004 minus 0.16003
..............\font<m-12.0> r
..............\glue 2.75002 plus 2.75002 minus 1.375
..............\font<m-12.0> t
..............\penalty 10000
..............\glue 0.0 plus 0.04004 minus 0.16003
..............\font<m-12.0> o
..............\glue 2.75002 plus 2.75002 minus 1.375
..............\font<m-12.0> t
..............\penalty 10000
..............\glue 0.0 plus 0.04004 minus 0.16003
..............\font<m-12.0> h
..............\penalty 10000
..............\glue 0.0 plus 0.04004 minus 0.16003
..............\font<m-12.0> e
..............\glue 2.75002 plus 2.75002 minus 1.375
..............\font<m-12.0> w
..............\penalty 10000
..............\glue 0.0 plus 0.04004 minus 0.16003
..............\font<m-12.0> e
..............\penalty 10000
..............\glue 0.0 plus 0.04004 minus 0.16003
..............\font<m-12.0> l
..............\penalty 10000
..............\glue 0.0 plus 0.04004 minus 0.16003
..............\font<m-12.0> l
..............\glue 2.75002 plus 2.75002 minus 1.375
..............\font<m-12.0> b
..............\penalty 10000
..............\glue 0.0 plus 0.04004 minus 0.16003
..............\font<m-12.0> e
..............\penalty 10000
..............\glue 0.0 plus 0.04004 minus 0.16003
..............\font<m-12.0> l
..............\penalty 10000
..............\glue 0.0 plus 0.04004 minus 0.16003
..............\font<m-12.0> o
..............\penalty 10000
..............\glue 0.0 plus 0.04004 minus 0.16003
..............\font<m-12.0> v
..............\penalty 10000
..............\glue 0.0 plus 0.04004 minus 0.16003
..............\font<m-12.0> e
..............\penalty 10000
..............\glue 0.0 plus 0.04004 minus 0.16003
..............\font<m-12.0> d
..............\glue 2.75002 plus 2.75002 minus 1.375
..............\font<m-12.0> G
..............\penalty 10000
..............\glue 0.0 plus 0.04004 minus 0.16003
..............\font<m-12.0> a
..............\penalty 10000
..............\glue 0.0 plus 0.04004 minus 0.16003
..............\font<m-12.0> i
..............\penalty 10000
..............\glue 0.0 plus 0.04004 minus 0.16003
..............\font<m-12.0> u
..............\penalty 10000
..............\glue 0.0 plus 0.04004 minus 0.16003
..............\font<m-12.0> s
..............\penalty 10000
..............\glue 0.0 plus 0.04004 minus 0.16003
..............\font<m-12.0> ,
..............\glue(\rightskip) 0.0
.............\mark{3 John:1:1}
.............\penalty 20000
.............\glue(\baselineskip) 2.92284
.............\hbox(7.98604+3.091)x169.90706, glue set 48.34538fil
..............\font<m-12.0> w
..............\penalty 10000
..............\glue 0.0 plus 0.04004 minus 0.16003
..............\font<m-12.0> h
..............\penalty 10000
..............\glue 0.0 plus 0.04004 minus 0.16003
..............\font<m-12.0> o
..............\penalty 10000
..............\glue 0.0 plus 0.04004 minus 0.16003
..............\font<m-12.0> m
..............\glue 2.75002 plus 2.75002 minus 1.375
..............\font<m-12.0> I
..............\glue 2.75002 plus 2.74725 minus 1.37637
..............\font<m-12.0> l
..............\penalty 10000
..............\glue 0.0 plus 0.04004 minus 0.16003
..............\font<m-12.0> o
..............\penalty 10000
..............\glue 0.0 plus 0.04004 minus 0.16003
..............\font<m-12.0> v
..............\penalty 10000
..............\glue 0.0 plus 0.04004 minus 0.16003
..............\font<m-12.0> e
..............\glue 2.75002 plus 2.75002 minus 1.375
..............\font<m-12.0> i
..............\penalty 10000
..............\glue 0.0 plus 0.04004 minus 0.16003
..............\font<m-12.0> n
..............\glue 2.75002 plus 2.75002 minus 1.375
..............\font<m-12.0> t
..............\penalty 10000
..............\glue 0.0 plus 0.04004 minus 0.16003
..............\font<m-12.0> h
..............\penalty 10000
..............\glue 0.0 plus 0.04004 minus 0.16003
..............\font<m-12.0> e
..............\glue 2.75002 plus 2.75002 minus 1.375
..............\font<m-12.0> t
..............\penalty 10000
..............\glue 0.0 plus 0.04004 minus 0.16003
..............\font<m-12.0> r
..............\penalty 10000
..............\glue 0.0 plus 0.04004 minus 0.16003
..............\font<m-12.0> u
..............\penalty 10000
..............\glue 0.0 plus 0.04004 minus 0.16003
..............\font<m-12.0> t
..............\penalty 10000
..............\glue 0.0 plus 0.04004 minus 0.16003
..............\font<m-12.0> h
..............\penalty 10000
..............\glue 0.0 plus 0.04004 minus 0.16003
..............\font<m-12.0> .
..............\beginL
..............\pdfsavepos
..............\write0{\noexpand \@parend {0}{\the \pdflastxpos }{\the \pdflastypos }{\the \lastdepth }}
..............\endL
..............\penalty 10000
..............\glue(\parfillskip) 0.0 plus 1.0fil
..............\glue(\rightskip) 0.0
.............\write0{\@parlen{3JN1.1}{1}{2}{m}{3JN1.1}{1}}
.............\glue(\parskip) 0.0
.............\glue(\baselineskip) 1.63045
.............\hbox(9.27843+3.091)x169.90706, glue set - 0.99246
..............\hbox(0.0+0.0)x0.0
..............\beginL
..............\pdfsavepos
..............\write0{\noexpand \@parstart {3JN1.2}{versetext}{m}{13.99988pt}{\the \pdflastxpos }{\the \pdflastypos }}
..............\endL
..............\special{pdf:dest (3JN.1:2) [@thispage /XYZ @xpos @ypos null]}
..............\hbox(5.98953+2.31825)x4.12503, shifted -3.2889
...............\font<v-12.0+m> 2
..............\kern 1.65001
..............\penalty 10000
..............\glue 0.0
..............\font<m-12.0> B
..............\penalty 10000
..............\glue 0.0 plus 0.04004 minus 0.16003
..............\font<m-12.0> e
..............\penalty 10000
..............\glue 0.0 plus 0.04004 minus 0.16003
..............\font<m-12.0> l
..............\penalty 10000
..............\glue 0.0 plus 0.04004 minus 0.16003
..............\font<m-12.0> o
..............\penalty 10000
..............\glue 0.0 plus 0.04004 minus 0.16003
..............\font<m-12.0> v
..............\penalty 10000
..............\glue 0.0 plus 0.04004 minus 0.16003
..............\font<m-12.0> e
..............\penalty 10000
..............\glue 0.0 plus 0.04004 minus 0.16003
..............\font<m-12.0> d
..............\penalty 10000
..............\glue 0.0 plus 0.04004 minus 0.16003
..............\font<m-12.0> ,
..............\glue 2.75002 plus 2.75002 minus 1.375
..............\font<m-12.0> I
..............\glue 2.75002 plus 2.74725 minus 1.37637
..............\font<m-12.0> w
..............\penalty 10000
..............\glue 0.0 plus 0.04004 minus 0.16003
..............\font<m-12.0> i
..............\penalty 10000
..............\glue 0.0 plus 0.04004 minus 0.16003
..............\font<m-12.0> s
..............\penalty 10000
..............\glue 0.0 plus 0.04004 minus 0.16003
..............\font<m-12.0> h
..............\glue 2.75002 plus 2.75002 minus 1.375
..............\font<m-12.0> a
..............\penalty 10000
..............\glue 0.0 plus 0.04004 minus 0.16003
..............\font<m-12.0> b
..............\penalty 10000
..............\glue 0.0 plus 0.04004 minus 0.16003
..............\font<m-12.0> o
..............\penalty 10000
..............\glue 0.0 plus 0.04004 minus 0.16003
..............\font<m-12.0> v
..............\penalty 10000
..............\glue 0.0 plus 0.04004 minus 0.16003
..............\font<m-12.0> e
..............\glue 2.75002 plus 2.75002 minus 1.375
..............\font<m-12.0> a
..............\penalty 10000
..............\glue 0.0 plus 0.04004 minus 0.16003
..............\font<m-12.0> l
..............\penalty 10000
..............\glue 0.0 plus 0.04004 minus 0.16003
..............\font<m-12.0> l
..............\glue 2.75002 plus 2.75002 minus 1.375
..............\font<m-12.0> t
..............\penalty 10000
..............\glue 0.0 plus 0.04004 minus 0.16003
..............\font<m-12.0> h
..............\penalty 10000
..............\glue 0.0 plus 0.04004 minus 0.16003
..............\font<m-12.0> i
..............\penalty 10000
..............\glue 0.0 plus 0.04004 minus 0.16003
..............\font<m-12.0> n
..............\penalty 10000
..............\glue 0.0 plus 0.04004 minus 0.16003
..............\font<m-12.0> g
..............\penalty 10000
..............\glue 0.0 plus 0.04004 minus 0.16003
..............\font<m-12.0> s
..............\glue 2.75002 plus 2.75002 minus 1.375
..............\font<m-12.0> t
..............\penalty 10000
..............\glue 0.0 plus 0.04004 minus 0.16003
..............\font<m-12.0> h
..............\penalty 10000
..............\glue 0.0 plus 0.04004 minus 0.16003
..............\font<m-12.0> a
..............\penalty 10000
..............\glue 0.0 plus 0.04004 minus 0.16003
..............\font<m-12.0> t
..............\glue(\rightskip) 0.0
.............\mark{3 John:1:2}
.............\penalty 10000
.............\glue(\baselineskip) 2.92284
.............\hbox(7.98604+3.091)x169.90706, glue set 0.1634
..............\font<m-12.0> y
..............\penalty 10000
..............\glue 0.0 plus 0.04004 minus 0.16003
..............\font<m-12.0> o
..............\penalty 10000
..............\glue 0.0 plus 0.04004 minus 0.16003
..............\font<m-12.0> u
..............\glue 2.75002 plus 2.75002 minus 1.375
..............\font<m-12.0> m
..............\penalty 10000
..............\glue 0.0 plus 0.04004 minus 0.16003
..............\font<m-12.0> a
..............\penalty 10000
..............\glue 0.0 plus 0.04004 minus 0.16003
..............\font<m-12.0> y
..............\glue 2.75002 plus 2.75002 minus 1.375
..............\font<m-12.0> p
..............\penalty 10000
..............\glue 0.0 plus 0.04004 minus 0.16003
..............\font<m-12.0> r
..............\penalty 10000
..............\glue 0.0 plus 0.04004 minus 0.16003
..............\font<m-12.0> o
..............\penalty 10000
..............\glue 0.0 plus 0.04004 minus 0.16003
..............\font<m-12.0> s
..............\penalty 10000
..............\glue 0.0 plus 0.04004 minus 0.16003
..............\font<m-12.0> p
..............\penalty 10000
..............\glue 0.0 plus 0.04004 minus 0.16003
..............\font<m-12.0> e
..............\penalty 10000
..............\glue 0.0 plus 0.04004 minus 0.16003
..............\font<m-12.0> r
..............\glue 2.75002 plus 2.75002 minus 1.375
..............\font<m-12.0> a
..............\penalty 10000
..............\glue 0.0 plus 0.04004 minus 0.16003
..............\font<m-12.0> n
..............\penalty 10000
..............\glue 0.0 plus 0.04004 minus 0.16003
..............\font<m-12.0> d
..............\glue 2.75002 plus 2.75002 minus 1.375
..............\font<m-12.0> b
..............\penalty 10000
..............\glue 0.0 plus 0.04004 minus 0.16003
..............\font<m-12.0> e
..............\glue 2.75002 plus 2.75002 minus 1.375
..............\font<m-12.0> i
..............\penalty 10000
..............\glue 0.0 plus 0.04004 minus 0.16003
..............\font<m-12.0> n
..............\glue 2.75002 plus 2.75002 minus 1.375
..............\font<m-12.0> h
..............\penalty 10000
..............\glue 0.0 plus 0.04004 minus 0.16003
..............\font<m-12.0> e
..............\penalty 10000
..............\glue 0.0 plus 0.04004 minus 0.16003
..............\font<m-12.0> a
..............\penalty 10000
..............\glue 0.0 plus 0.04004 minus 0.16003
..............\font<m-12.0> l
..............\penalty 10000
..............\glue 0.0 plus 0.04004 minus 0.16003
..............\font<m-12.0> t
..............\penalty 10000
..............\glue 0.0 plus 0.04004 minus 0.16003
..............\font<m-12.0> h
..............\penalty 10000
..............\glue 0.0 plus 0.04004 minus 0.16003
..............\font<m-12.0> ,
..............\glue(\rightskip) 0.0
.............\penalty 10000
.............\glue(\baselineskip) 2.92284
.............\hbox(7.98604+3.091)x169.90706, glue set 36.71828fil
..............\font<m-12.0> e
..............\penalty 10000
..............\glue 0.0 plus 0.04004 minus 0.16003
..............\font<m-12.0> v
..............\penalty 10000
..............\glue 0.0 plus 0.04004 minus 0.16003
..............\font<m-12.0> e
..............\penalty 10000
..............\glue 0.0 plus 0.04004 minus 0.16003
..............\font<m-12.0> n
..............\glue 2.75002 plus 2.75002 minus 1.375
..............\font<m-12.0> a
..............\penalty 10000
..............\glue 0.0 plus 0.04004 minus 0.16003
..............\font<m-12.0> s
..............\glue 2.75002 plus 2.75002 minus 1.375
..............\font<m-12.0> y
..............\penalty 10000
..............\glue 0.0 plus 0.04004 minus 0.16003
..............\font<m-12.0> o
..............\penalty 10000
..............\glue 0.0 plus 0.04004 minus 0.16003
..............\font<m-12.0> u
..............\penalty 10000
..............\glue 0.0 plus 0.04004 minus 0.16003
..............\font<m-12.0> r
..............\glue 2.75002 plus 2.75002 minus 1.375
..............\font<m-12.0> s
..............\penalty 10000
..............\glue 0.0 plus 0.04004 minus 0.16003
..............\font<m-12.0> o
..............\penalty 10000
..............\glue 0.0 plus 0.04004 minus 0.16003
..............\font<m-12.0> u
..............\penalty 10000
..............\glue 0.0 plus 0.04004 minus 0.16003
..............\font<m-12.0> l
..............\glue 2.75002 plus 2.75002 minus 1.375
..............\font<m-12.0> p
..............\penalty 10000
..............\glue 0.0 plus 0.04004 minus 0.16003
..............\font<m-12.0> r
..............\penalty 10000
..............\glue 0.0 plus 0.04004 minus 0.16003
..............\font<m-12.0> o
..............\penalty 10000
..............\glue 0.0 plus 0.04004 minus 0.16003
..............\font<m-12.0> s
..............\penalty 10000
..............\glue 0.0 plus 0.04004 minus 0.16003
..............\font<m-12.0> p
..............\penalty 10000
..............\glue 0.0 plus 0.04004 minus 0.16003
..............\font<m-12.0> e
..............\penalty 10000
..............\glue 0.0 plus 0.04004 minus 0.16003
..............\font<m-12.0> r
..............\penalty 10000
..............\glue 0.0 plus 0.04004 minus 0.16003
..............\font<m-12.0> s
..............\penalty 10000
..............\glue 0.0 plus 0.04004 minus 0.16003
..............\font<m-12.0> .
..............\beginL
..............\pdfsavepos
..............\write0{\noexpand \@parend {0}{\the \pdflastxpos }{\the \pdflastypos }{\the \lastdepth }}
..............\endL
..............\penalty 10000
..............\glue(\parfillskip) 0.0 plus 1.0fil
..............\glue(\rightskip) 0.0
.............\write0{\@parlen{3JN1.2}{1}{3}{m}{3JN1.2}{1}}
.............\glue(\parskip) 0.0
.............\glue(\baselineskip) 1.63045
.............\hbox(9.27843+3.091)x169.90706, glue set 0.86339
..............\hbox(0.0+0.0)x0.0
..............\beginL
..............\pdfsavepos
..............\write0{\noexpand \@parstart {3JN1.3}{versetext}{m}{13.99988pt}{\the \pdflastxpos }{\the \pdflastypos }}
..............\endL
..............\special{pdf:dest (3JN.1:3) [@thispage /XYZ @xpos @ypos null]}
..............\hbox(5.98953+2.31825)x4.12503, shifted -3.2889
...............\font<v-12.0+m> 3
..............\kern 1.65001
..............\penalty 10000
..............\glue 0.0
..............\font<m-12.0> F
..............\penalty 10000
..............\glue 0.0 plus 0.04004 minus 0.16003
..............\font<m-12.0> o
..............\penalty 10000
..............\glue 0.0 plus 0.04004 minus 0.16003
..............\font<m-12.0> r
..............\glue 2.75002 plus 2.75002 minus 1.375
..............\font<m-12.0> I
..............\glue 2.75002 plus 2.74725 minus 1.37637
..............\font<m-12.0> r
..............\penalty 10000
..............\glue 0.0 plus 0.04004 minus 0.16003
..............\font<m-12.0> e
..............\penalty 10000
..............\glue 0.0 plus 0.04004 minus 0.16003
..............\font<m-12.0> j
..............\penalty 10000
..............\glue 0.0 plus 0.04004 minus 0.16003
..............\font<m-12.0> o
..............\penalty 10000
..............\glue 0.0 plus 0.04004 minus 0.16003
..............\font<m-12.0> i
..............\penalty 10000
..............\glue 0.0 plus 0.04004 minus 0.16003
..............\font<m-12.0> c
..............\penalty 10000
..............\glue 0.0 plus 0.04004 minus 0.16003
..............\font<m-12.0> e
..............\penalty 10000
..............\glue 0.0 plus 0.04004 minus 0.16003
..............\font<m-12.0> d
..............\glue 2.75002 plus 2.75002 minus 1.375
..............\font<m-12.0> g
..............\penalty 10000
..............\glue 0.0 plus 0.04004 minus 0.16003
..............\font<m-12.0> r
..............\penalty 10000
..............\glue 0.0 plus 0.04004 minus 0.16003
..............\font<m-12.0> e
..............\penalty 10000
..............\glue 0.0 plus 0.04004 minus 0.16003
..............\font<m-12.0> a
..............\penalty 10000
..............\glue 0.0 plus 0.04004 minus 0.16003
..............\font<m-12.0> t
..............\penalty 10000
..............\glue 0.0 plus 0.04004 minus 0.16003
..............\font<m-12.0> l
..............\penalty 10000
..............\glue 0.0 plus 0.04004 minus 0.16003
..............\font<m-12.0> y
..............\penalty 10000
..............\glue 0.0 plus 0.04004 minus 0.16003
..............\font<m-12.0> ,
..............\glue 2.75002 plus 2.75002 minus 1.375
..............\font<m-12.0> w
..............\penalty 10000
..............\glue 0.0 plus 0.04004 minus 0.16003
..............\font<m-12.0> h
..............\penalty 10000
..............\glue 0.0 plus 0.04004 minus 0.16003
..............\font<m-12.0> e
..............\penalty 10000
..............\glue 0.0 plus 0.04004 minus 0.16003
..............\font<m-12.0> n
..............\glue 2.75002 plus 2.75002 minus 1.375
..............\font<m-12.0> t
..............\penalty 10000
..............\glue 0.0 plus 0.04004 minus 0.16003
..............\font<m-12.0> h
..............\penalty 10000
..............\glue 0.0 plus 0.04004 minus 0.16003
..............\font<m-12.0> e
..............\glue(\rightskip) 0.0
.............\mark{3 John:1:3}
.............\penalty 10000
.............\glue(\baselineskip) 2.92284
.............\hbox(7.98604+3.091)x169.90706, glue set 0.50911
..............\font<m-12.0> b
..............\penalty 10000
..............\glue 0.0 plus 0.04004 minus 0.16003
..............\font<m-12.0> r
..............\penalty 10000
..............\glue 0.0 plus 0.04004 minus 0.16003
..............\font<m-12.0> o
..............\penalty 10000
..............\glue 0.0 plus 0.04004 minus 0.16003
..............\font<m-12.0> t
..............\penalty 10000
..............\glue 0.0 plus 0.04004 minus 0.16003
..............\font<m-12.0> h
..............\penalty 10000
..............\glue 0.0 plus 0.04004 minus 0.16003
..............\font<m-12.0> e
..............\penalty 10000
..............\glue 0.0 plus 0.04004 minus 0.16003
..............\font<m-12.0> r
..............\penalty 10000
..............\glue 0.0 plus 0.04004 minus 0.16003
..............\font<m-12.0> s
..............\glue 2.75002 plus 2.75002 minus 1.375
..............\font<m-12.0> c
..............\penalty 10000
..............\glue 0.0 plus 0.04004 minus 0.16003
..............\font<m-12.0> a
..............\penalty 10000
..............\glue 0.0 plus 0.04004 minus 0.16003
..............\font<m-12.0> m
..............\penalty 10000
..............\glue 0.0 plus 0.04004 minus 0.16003
..............\font<m-12.0> e
..............\glue 2.75002 plus 2.75002 minus 1.375
..............\font<m-12.0> a
..............\penalty 10000
..............\glue 0.0 plus 0.04004 minus 0.16003
..............\font<m-12.0> n
..............\penalty 10000
..............\glue 0.0 plus 0.04004 minus 0.16003
..............\font<m-12.0> d
..............\glue 2.75002 plus 2.75002 minus 1.375
..............\font<m-12.0> t
..............\penalty 10000
..............\glue 0.0 plus 0.04004 minus 0.16003
..............\font<m-12.0> e
..............\penalty 10000
..............\glue 0.0 plus 0.04004 minus 0.16003
..............\font<m-12.0> s
..............\penalty 10000
..............\glue 0.0 plus 0.04004 minus 0.16003
..............\font<m-12.0> t
..............\penalty 10000
..............\glue 0.0 plus 0.04004 minus 0.16003
..............\font<m-12.0> i
..............\penalty 10000
..............\glue 0.0 plus 0.04004 minus 0.16003
..............\font<m-12.0> f
..............\penalty 10000
..............\glue 0.0 plus 0.04004 minus 0.16003
..............\font<m-12.0> i
..............\penalty 10000
..............\glue 0.0 plus 0.04004 minus 0.16003
..............\font<m-12.0> e
..............\penalty 10000
..............\glue 0.0 plus 0.04004 minus 0.16003
..............\font<m-12.0> d
..............\glue 2.75002 plus 2.75002 minus 1.375
..............\font<m-12.0> o
..............\penalty 10000
..............\glue 0.0 plus 0.04004 minus 0.16003
..............\font<m-12.0> f
..............\glue 2.75002 plus 2.75002 minus 1.375
..............\font<m-12.0> t
..............\penalty 10000
..............\glue 0.0 plus 0.04004 minus 0.16003
..............\font<m-12.0> h
..............\penalty 10000
..............\glue 0.0 plus 0.04004 minus 0.16003
..............\font<m-12.0> e
..............\glue(\rightskip) 0.0
.............\glue(\baselineskip) 2.92284
.............\hbox(7.98604+3.091)x169.90706, glue set 0.80473
..............\font<m-12.0> t
..............\penalty 10000
..............\glue 0.0 plus 0.04004 minus 0.16003
..............\font<m-12.0> r
..............\penalty 10000
..............\glue 0.0 plus 0.04004 minus 0.16003
..............\font<m-12.0> u
..............\penalty 10000
..............\glue 0.0 plus 0.04004 minus 0.16003
..............\font<m-12.0> t
..............\penalty 10000
..............\glue 0.0 plus 0.04004 minus 0.16003
..............\font<m-12.0> h
..............\glue 2.75002 plus 2.75002 minus 1.375
..............\font<m-12.0> t
..............\penalty 10000
..............\glue 0.0 plus 0.04004 minus 0.16003
..............\font<m-12.0> h
..............\penalty 10000
..............\glue 0.0 plus 0.04004 minus 0.16003
..............\font<m-12.0> a
..............\penalty 10000
..............\glue 0.0 plus 0.04004 minus 0.16003
..............\font<m-12.0> t
..............\glue 2.75002 plus 2.75002 minus 1.375
..............\font<m-12.0> i
..............\penalty 10000
..............\glue 0.0 plus 0.04004 minus 0.16003
..............\font<m-12.0> s
..............\glue 2.75002 plus 2.75002 minus 1.375
..............\font<m-12.0> i
..............\penalty 10000
..............\glue 0.0 plus 0.04004 minus 0.16003
..............\font<m-12.0> n
..............\glue 2.75002 plus 2.75002 minus 1.375
..............\font<m-12.0> y
..............\penalty 10000
..............\glue 0.0 plus 0.04004 minus 0.16003
..............\font<m-12.0> o
..............\penalty 10000
..............\glue 0.0 plus 0.04004 minus 0.16003
..............\font<m-12.0> u
..............\penalty 10000
..............\glue 0.0 plus 0.04004 minus 0.16003
..............\font<m-12.0> ,
..............\glue 2.75002 plus 2.75002 minus 1.375
..............\font<m-12.0> e
..............\penalty 10000
..............\glue 0.0 plus 0.04004 minus 0.16003
..............\font<m-12.0> v
..............\penalty 10000
..............\glue 0.0 plus 0.04004 minus 0.16003
..............\font<m-12.0> e
..............\penalty 10000
..............\glue 0.0 plus 0.04004 minus 0.16003
..............\font<m-12.0> n
..............\glue 2.75002 plus 2.75002 minus 1.375
..............\font<m-12.0> a
..............\penalty 10000
..............\glue 0.0 plus 0.04004 minus 0.16003
..............\font<m-12.0> s
..............\glue 2.75002 plus 2.75002 minus 1.375
..............\font<m-12.0> y
..............\penalty 10000
..............\glue 0.0 plus 0.04004 minus 0.16003
..............\font<m-12.0> o
..............\penalty 10000
..............\glue 0.0 plus 0.04004 minus 0.16003
..............\font<m-12.0> u
..............\glue(\rightskip) 0.0
.............\penalty 10000
.............\glue(\baselineskip) 2.92284
.............\hbox(7.98604+3.091)x169.90706, glue set 85.54759fil
..............\font<m-12.0> w
..............\penalty 10000
..............\glue 0.0 plus 0.04004 minus 0.16003
..............\font<m-12.0> a
..............\penalty 10000
..............\glue 0.0 plus 0.04004 minus 0.16003
..............\font<m-12.0> l
..............\penalty 10000
..............\glue 0.0 plus 0.04004 minus 0.16003
..............\font<m-12.0> k
..............\glue 2.75002 plus 2.75002 minus 1.375
..............\font<m-12.0> i
..............\penalty 10000
..............\glue 0.0 plus 0.04004 minus 0.16003
..............\font<m-12.0> n
..............\glue 2.75002 plus 2.75002 minus 1.375
..............\font<m-12.0> t
..............\penalty 10000
..............\glue 0.0 plus 0.04004 minus 0.16003
..............\font<m-12.0> h
..............\penalty 10000
..............\glue 0.0 plus 0.04004 minus 0.16003
..............\font<m-12.0> e
..............\glue 2.75002 plus 2.75002 minus 1.375
..............\font<m-12.0> t
..............\penalty 10000
..............\glue 0.0 plus 0.04004 minus 0.16003
..............\font<m-12.0> r
..............\penalty 10000
..............\glue 0.0 plus 0.04004 minus 0.16003
..............\font<m-12.0> u
..............\penalty 10000
..............\glue 0.0 plus 0.04004 minus 0.16003
..............\font<m-12.0> t
..............\penalty 10000
..............\glue 0.0 plus 0.04004 minus 0.16003
..............\font<m-12.0> h
..............\penalty 10000
..............\glue 0.0 plus 0.04004 minus 0.16003
..............\font<m-12.0> .
..............\beginL
..............\pdfsavepos
..............\write0{\noexpand \@parend {0}{\the \pdflastxpos }{\the \pdflastypos }{\the \lastdepth }}
..............\endL
..............\penalty 10000
..............\glue(\parfillskip) 0.0 plus 1.0fil
..............\glue(\rightskip) 0.0
.............\write0{\@parlen{3JN1.3}{1}{4}{m}{3JN1.3}{1}}
.............\glue(\parskip) 0.0
.............\glue(\baselineskip) 1.63045
.............\hbox(9.27843+3.091)x169.90706, glue set 0.16273
..............\hbox(0.0+0.0)x0.0
..............\beginL
..............\pdfsavepos
..............\write0{\noexpand \@parstart {3JN1.4}{versetext}{m}{13.99988pt}{\the \pdflastxpos }{\the \pdflastypos }}
..............\endL
..............\special{pdf:dest (3JN.1:4) [@thispage /XYZ @xpos @ypos null]}
..............\hbox(5.98953+2.31825)x4.12503, shifted -3.2889
...............\font<v-12.0+m> 4
..............\kern 1.65001
..............\penalty 10000
..............\glue 0.0
..............\font<m-12.0> I
..............\glue 2.75002 plus 2.74725 minus 1.37637
..............\font<m-12.0> h
..............\penalty 10000
..............\glue 0.0 plus 0.04004 minus 0.16003
..............\font<m-12.0> a
..............\penalty 10000
..............\glue 0.0 plus 0.04004 minus 0.16003
..............\font<m-12.0> v
..............\penalty 10000
..............\glue 0.0 plus 0.04004 minus 0.16003
..............\font<m-12.0> e
..............\glue 2.75002 plus 2.75002 minus 1.375
..............\font<m-12.0> n
..............\penalty 10000
..............\glue 0.0 plus 0.04004 minus 0.16003
..............\font<m-12.0> o
..............\glue 2.75002 plus 2.75002 minus 1.375
..............\font<m-12.0> g
..............\penalty 10000
..............\glue 0.0 plus 0.04004 minus 0.16003
..............\font<m-12.0> r
..............\penalty 10000
..............\glue 0.0 plus 0.04004 minus 0.16003
..............\font<m-12.0> e
..............\penalty 10000
..............\glue 0.0 plus 0.04004 minus 0.16003
..............\font<m-12.0> a
..............\penalty 10000
..............\glue 0.0 plus 0.04004 minus 0.16003
..............\font<m-12.0> t
..............\penalty 10000
..............\glue 0.0 plus 0.04004 minus 0.16003
..............\font<m-12.0> e
..............\penalty 10000
..............\glue 0.0 plus 0.04004 minus 0.16003
..............\font<m-12.0> r
..............\glue 2.75002 plus 2.75002 minus 1.375
..............\font<m-12.0> j
..............\penalty 10000
..............\glue 0.0 plus 0.04004 minus 0.16003
..............\font<m-12.0> o
..............\penalty 10000
..............\glue 0.0 plus 0.04004 minus 0.16003
..............\font<m-12.0> y
..............\glue 2.75002 plus 2.75002 minus 1.375
..............\font<m-12.0> t
..............\penalty 10000
..............\glue 0.0 plus 0.04004 minus 0.16003
..............\font<m-12.0> h
..............\penalty 10000
..............\glue 0.0 plus 0.04004 minus 0.16003
..............\font<m-12.0> a
..............\penalty 10000
..............\glue 0.0 plus 0.04004 minus 0.16003
..............\font<m-12.0> n
..............\glue 2.75002 plus 2.75002 minus 1.375
..............\font<m-12.0> t
..............\penalty 10000
..............\glue 0.0 plus 0.04004 minus 0.16003
..............\font<m-12.0> o
..............\glue 2.75002 plus 2.75002 minus 1.375
..............\font<m-12.0> h
..............\penalty 10000
..............\glue 0.0 plus 0.04004 minus 0.16003
..............\font<m-12.0> e
..............\penalty 10000
..............\glue 0.0 plus 0.04004 minus 0.16003
..............\font<m-12.0> a
..............\penalty 10000
..............\glue 0.0 plus 0.04004 minus 0.16003
..............\font<m-12.0> r
..............\glue(\rightskip) 0.0
.............\mark{3 John:1:4}
.............\penalty 20000
.............\glue(\baselineskip) 2.92284
.............\hbox(7.98604+3.091)x169.90706, glue set 20.02022fil
..............\font<m-12.0> t
..............\penalty 10000
..............\glue 0.0 plus 0.04004 minus 0.16003
..............\font<m-12.0> h
..............\penalty 10000
..............\glue 0.0 plus 0.04004 minus 0.16003
..............\font<m-12.0> a
..............\penalty 10000
..............\glue 0.0 plus 0.04004 minus 0.16003
..............\font<m-12.0> t
..............\glue 2.75002 plus 2.75002 minus 1.375
..............\font<m-12.0> m
..............\penalty 10000
..............\glue 0.0 plus 0.04004 minus 0.16003
..............\font<m-12.0> y
..............\glue 2.75002 plus 2.75002 minus 1.375
..............\font<m-12.0> c
..............\penalty 10000
..............\glue 0.0 plus 0.04004 minus 0.16003
..............\font<m-12.0> h
..............\penalty 10000
..............\glue 0.0 plus 0.04004 minus 0.16003
..............\font<m-12.0> i
..............\penalty 10000
..............\glue 0.0 plus 0.04004 minus 0.16003
..............\font<m-12.0> l
..............\penalty 10000
..............\glue 0.0 plus 0.04004 minus 0.16003
..............\font<m-12.0> d
..............\penalty 10000
..............\glue 0.0 plus 0.04004 minus 0.16003
..............\font<m-12.0> r
..............\penalty 10000
..............\glue 0.0 plus 0.04004 minus 0.16003
..............\font<m-12.0> e
..............\penalty 10000
..............\glue 0.0 plus 0.04004 minus 0.16003
..............\font<m-12.0> n
..............\glue 2.75002 plus 2.75002 minus 1.375
..............\font<m-12.0> w
..............\penalty 10000
..............\glue 0.0 plus 0.04004 minus 0.16003
..............\font<m-12.0> a
..............\penalty 10000
..............\glue 0.0 plus 0.04004 minus 0.16003
..............\font<m-12.0> l
..............\penalty 10000
..............\glue 0.0 plus 0.04004 minus 0.16003
..............\font<m-12.0> k
..............\glue 2.75002 plus 2.75002 minus 1.375
..............\font<m-12.0> i
..............\penalty 10000
..............\glue 0.0 plus 0.04004 minus 0.16003
..............\font<m-12.0> n
..............\glue 2.75002 plus 2.75002 minus 1.375
..............\font<m-12.0> t
..............\penalty 10000
..............\glue 0.0 plus 0.04004 minus 0.16003
..............\font<m-12.0> r
..............\penalty 10000
..............\glue 0.0 plus 0.04004 minus 0.16003
..............\font<m-12.0> u
..............\penalty 10000
..............\glue 0.0 plus 0.04004 minus 0.16003
..............\font<m-12.0> t
..............\penalty 10000
..............\glue 0.0 plus 0.04004 minus 0.16003
..............\font<m-12.0> h
..............\penalty 10000
..............\glue 0.0 plus 0.04004 minus 0.16003
..............\font<m-12.0> .
..............\beginL
..............\pdfsavepos
..............\write0{\noexpand \@parend {0}{\the \pdflastxpos }{\the \pdflastypos }{\the \lastdepth }}
..............\endL
..............\penalty 10000
..............\glue(\parfillskip) 0.0 plus 1.0fil
..............\glue(\rightskip) 0.0
.............\write0{\@parlen{3JN1.4}{1}{2}{m}{3JN1.4}{1}}
.............\glue(\parskip) 0.0
.............\glue(\baselineskip) 1.63045
.............\hbox(9.27843+3.091)x169.90706, glue set 4.1201
..............\hbox(0.0+0.0)x0.0
..............\beginL
..............\pdfsavepos
..............\write0{\noexpand \@parstart {3JN1.5}{versetext}{m}{13.99988pt}{\the \pdflastxpos }{\the \pdflastypos }}
..............\endL
..............\special{pdf:dest (3JN.1:5) [@thispage /XYZ @xpos @ypos null]}
..............\hbox(5.98953+2.31825)x4.12503, shifted -3.2889
...............\font<v-12.0+m> 5
..............\kern 1.65001
..............\penalty 10000
..............\glue 0.0
..............\font<m-12.0> B
..............\penalty 10000
..............\glue 0.0 plus 0.04004 minus 0.16003
..............\font<m-12.0> e
..............\penalty 10000
..............\glue 0.0 plus 0.04004 minus 0.16003
..............\font<m-12.0> l
..............\penalty 10000
..............\glue 0.0 plus 0.04004 minus 0.16003
..............\font<m-12.0> o
..............\penalty 10000
..............\glue 0.0 plus 0.04004 minus 0.16003
..............\font<m-12.0> v
..............\penalty 10000
..............\glue 0.0 plus 0.04004 minus 0.16003
..............\font<m-12.0> e
..............\penalty 10000
..............\glue 0.0 plus 0.04004 minus 0.16003
..............\font<m-12.0> d
..............\penalty 10000
..............\glue 0.0 plus 0.04004 minus 0.16003
..............\font<m-12.0> ,
..............\glue 2.75002 plus 2.75002 minus 1.375
..............\font<m-12.0> y
..............\penalty 10000
..............\glue 0.0 plus 0.04004 minus 0.16003
..............\font<m-12.0> o
..............\penalty 10000
..............\glue 0.0 plus 0.04004 minus 0.16003
..............\font<m-12.0> u
..............\glue 2.75002 plus 2.75002 minus 1.375
..............\font<m-12.0> d
..............\penalty 10000
..............\glue 0.0 plus 0.04004 minus 0.16003
..............\font<m-12.0> o
..............\glue 2.75002 plus 2.75002 minus 1.375
..............\font<m-12.0> f
..............\penalty 10000
..............\glue 0.0 plus 0.04004 minus 0.16003
..............\font<m-12.0> a
..............\penalty 10000
..............\glue 0.0 plus 0.04004 minus 0.16003
..............\font<m-12.0> i
..............\penalty 10000
..............\glue 0.0 plus 0.04004 minus 0.16003
..............\font<m-12.0> t
..............\penalty 10000
..............\glue 0.0 plus 0.04004 minus 0.16003
..............\font<m-12.0> h
..............\penalty 10000
..............\glue 0.0 plus 0.04004 minus 0.16003
..............\font<m-12.0> f
..............\penalty 10000
..............\glue 0.0 plus 0.04004 minus 0.16003
..............\font<m-12.0> u
..............\penalty 10000
..............\glue 0.0 plus 0.04004 minus 0.16003
..............\font<m-12.0> l
..............\penalty 10000
..............\glue 0.0 plus 0.04004 minus 0.16003
..............\font<m-12.0> l
..............\penalty 10000
..............\glue 0.0 plus 0.04004 minus 0.16003
..............\font<m-12.0> y
..............\glue(\rightskip) 0.0
.............\mark{3 John:1:5}
.............\penalty 10000
.............\glue(\baselineskip) 2.92284
.............\hbox(7.98604+3.091)x169.90706, glue set 0.72752
..............\font<m-12.0> w
..............\penalty 10000
..............\glue 0.0 plus 0.04004 minus 0.16003
..............\font<m-12.0> h
..............\penalty 10000
..............\glue 0.0 plus 0.04004 minus 0.16003
..............\font<m-12.0> a
..............\penalty 10000
..............\glue 0.0 plus 0.04004 minus 0.16003
..............\font<m-12.0> t
..............\penalty 10000
..............\glue 0.0 plus 0.04004 minus 0.16003
..............\font<m-12.0> e
..............\penalty 10000
..............\glue 0.0 plus 0.04004 minus 0.16003
..............\font<m-12.0> v
..............\penalty 10000
..............\glue 0.0 plus 0.04004 minus 0.16003
..............\font<m-12.0> e
..............\penalty 10000
..............\glue 0.0 plus 0.04004 minus 0.16003
..............\font<m-12.0> r
..............\glue 2.75002 plus 2.75002 minus 1.375
..............\font<m-12.0> y
..............\penalty 10000
..............\glue 0.0 plus 0.04004 minus 0.16003
..............\font<m-12.0> o
..............\penalty 10000
..............\glue 0.0 plus 0.04004 minus 0.16003
..............\font<m-12.0> u
..............\glue 2.75002 plus 2.75002 minus 1.375
..............\font<m-12.0> d
..............\penalty 10000
..............\glue 0.0 plus 0.04004 minus 0.16003
..............\font<m-12.0> o
..............\glue 2.75002 plus 2.75002 minus 1.375
..............\font<m-12.0> t
..............\penalty 10000
..............\glue 0.0 plus 0.04004 minus 0.16003
..............\font<m-12.0> o
..............\glue 2.75002 plus 2.75002 minus 1.375
..............\font<m-12.0> t
..............\penalty 10000
..............\glue 0.0 plus 0.04004 minus 0.16003
..............\font<m-12.0> h
..............\penalty 10000
..............\glue 0.0 plus 0.04004 minus 0.16003
..............\font<m-12.0> e
..............\glue 2.75002 plus 2.75002 minus 1.375
..............\font<m-12.0> b
..............\penalty 10000
..............\glue 0.0 plus 0.04004 minus 0.16003
..............\font<m-12.0> r
..............\penalty 10000
..............\glue 0.0 plus 0.04004 minus 0.16003
..............\font<m-12.0> o
..............\penalty 10000
..............\glue 0.0 plus 0.04004 minus 0.16003
..............\font<m-12.0> t
..............\penalty 10000
..............\glue 0.0 plus 0.04004 minus 0.16003
..............\font<m-12.0> h
..............\penalty 10000
..............\glue 0.0 plus 0.04004 minus 0.16003
..............\font<m-12.0> e
..............\penalty 10000
..............\glue 0.0 plus 0.04004 minus 0.16003
..............\font<m-12.0> r
..............\penalty 10000
..............\glue 0.0 plus 0.04004 minus 0.16003
..............\font<m-12.0> s
..............\penalty 10000
..............\glue 0.0 plus 0.04004 minus 0.16003
..............\font<m-12.0> ,
..............\glue(\rightskip) 0.0
.............\penalty 10000
.............\glue(\baselineskip) 2.92284
.............\hbox(7.98604+3.091)x169.90706, glue set 88.5506fil
..............\font<m-12.0> a
..............\penalty 10000
..............\glue 0.0 plus 0.04004 minus 0.16003
..............\font<m-12.0> n
..............\penalty 10000
..............\glue 0.0 plus 0.04004 minus 0.16003
..............\font<m-12.0> d
..............\glue 2.75002 plus 2.75002 minus 1.375
..............\font<m-12.0> t
..............\penalty 10000
..............\glue 0.0 plus 0.04004 minus 0.16003
..............\font<m-12.0> o
..............\glue 2.75002 plus 2.75002 minus 1.375
..............\font<m-12.0> s
..............\penalty 10000
..............\glue 0.0 plus 0.04004 minus 0.16003
..............\font<m-12.0> t
..............\penalty 10000
..............\glue 0.0 plus 0.04004 minus 0.16003
..............\font<m-12.0> r
..............\penalty 10000
..............\glue 0.0 plus 0.04004 minus 0.16003
..............\font<m-12.0> a
..............\penalty 10000
..............\glue 0.0 plus 0.04004 minus 0.16003
..............\font<m-12.0> n
..............\penalty 10000
..............\glue 0.0 plus 0.04004 minus 0.16003
..............\font<m-12.0> g
..............\penalty 10000
..............\glue 0.0 plus 0.04004 minus 0.16003
..............\font<m-12.0> e
..............\penalty 10000
..............\glue 0.0 plus 0.04004 minus 0.16003
..............\font<m-12.0> r
..............\penalty 10000
..............\glue 0.0 plus 0.04004 minus 0.16003
..............\font<m-12.0> s
..............\penalty 10000
..............\glue 0.0 plus 0.04004 minus 0.16003
..............\font<m-12.0> ;
..............\beginL
..............\pdfsavepos
..............\write0{\noexpand \@parend {0}{\the \pdflastxpos }{\the \pdflastypos }{\the \lastdepth }}
..............\endL
..............\penalty 10000
..............\glue(\parfillskip) 0.0 plus 1.0fil
..............\glue(\rightskip) 0.0
.............\write0{\@parlen{3JN1.5}{1}{3}{m}{3JN1.5}{1}}
.............\glue(\parskip) 0.0
.............\glue(\baselineskip) 1.63045
.............\hbox(9.27843+3.091)x169.90706, glue set - 0.25792
..............\hbox(0.0+0.0)x0.0
..............\beginL
..............\pdfsavepos
..............\write0{\noexpand \@parstart {3JN1.6}{versetext}{m}{13.99988pt}{\the \pdflastxpos }{\the \pdflastypos }}
..............\endL
..............\special{pdf:dest (3JN.1:6) [@thispage /XYZ @xpos @ypos null]}
..............\hbox(5.98953+2.31825)x4.12503, shifted -3.2889
...............\font<v-12.0+m> 6
..............\kern 1.65001
..............\penalty 10000
..............\glue 0.0
..............\font<m-12.0> W
..............\penalty 10000
..............\glue 0.0 plus 0.04004 minus 0.16003
..............\font<m-12.0> h
..............\penalty 10000
..............\glue 0.0 plus 0.04004 minus 0.16003
..............\font<m-12.0> i
..............\penalty 10000
..............\glue 0.0 plus 0.04004 minus 0.16003
..............\font<m-12.0> c
..............\penalty 10000
..............\glue 0.0 plus 0.04004 minus 0.16003
..............\font<m-12.0> h
..............\glue 2.75002 plus 2.75002 minus 1.375
..............\font<m-12.0> h
..............\penalty 10000
..............\glue 0.0 plus 0.04004 minus 0.16003
..............\font<m-12.0> a
..............\penalty 10000
..............\glue 0.0 plus 0.04004 minus 0.16003
..............\font<m-12.0> v
..............\penalty 10000
..............\glue 0.0 plus 0.04004 minus 0.16003
..............\font<m-12.0> e
..............\glue 2.75002 plus 2.75002 minus 1.375
..............\font<m-12.0> b
..............\penalty 10000
..............\glue 0.0 plus 0.04004 minus 0.16003
..............\font<m-12.0> o
..............\penalty 10000
..............\glue 0.0 plus 0.04004 minus 0.16003
..............\font<m-12.0> r
..............\penalty 10000
..............\glue 0.0 plus 0.04004 minus 0.16003
..............\font<m-12.0> n
..............\penalty 10000
..............\glue 0.0 plus 0.04004 minus 0.16003
..............\font<m-12.0> e
..............\glue 2.75002 plus 2.75002 minus 1.375
..............\font<m-12.0> w
..............\penalty 10000
..............\glue 0.0 plus 0.04004 minus 0.16003
..............\font<m-12.0> i
..............\penalty 10000
..............\glue 0.0 plus 0.04004 minus 0.16003
..............\font<m-12.0> t
..............\penalty 10000
..............\glue 0.0 plus 0.04004 minus 0.16003
..............\font<m-12.0> n
..............\penalty 10000
..............\glue 0.0 plus 0.04004 minus 0.16003
..............\font<m-12.0> e
..............\penalty 10000
..............\glue 0.0 plus 0.04004 minus 0.16003
..............\font<m-12.0> s
..............\penalty 10000
..............\glue 0.0 plus 0.04004 minus 0.16003
..............\font<m-12.0> s
..............\glue 2.75002 plus 2.75002 minus 1.375
..............\font<m-12.0> o
..............\penalty 10000
..............\glue 0.0 plus 0.04004 minus 0.16003
..............\font<m-12.0> f
..............\glue 2.75002 plus 2.75002 minus 1.375
..............\font<m-12.0> y
..............\penalty 10000
..............\glue 0.0 plus 0.04004 minus 0.16003
..............\font<m-12.0> o
..............\penalty 10000
..............\glue 0.0 plus 0.04004 minus 0.16003
..............\font<m-12.0> u
..............\penalty 10000
..............\glue 0.0 plus 0.04004 minus 0.16003
..............\font<m-12.0> r
..............\glue(\rightskip) 0.0
.............\mark{3 John:1:6}
.............\penalty 10000
.............\glue(\baselineskip) 2.92284
.............\hbox(7.98604+3.091)x169.90706, glue set 0.12672
..............\font<m-12.0> c
..............\penalty 10000
..............\glue 0.0 plus 0.04004 minus 0.16003
..............\font<m-12.0> h
..............\penalty 10000
..............\glue 0.0 plus 0.04004 minus 0.16003
..............\font<m-12.0> a
..............\penalty 10000
..............\glue 0.0 plus 0.04004 minus 0.16003
..............\font<m-12.0> r
..............\penalty 10000
..............\glue 0.0 plus 0.04004 minus 0.16003
..............\font<m-12.0> i
..............\penalty 10000
..............\glue 0.0 plus 0.04004 minus 0.16003
..............\font<m-12.0> t
..............\penalty 10000
..............\glue 0.0 plus 0.04004 minus 0.16003
..............\font<m-12.0> y
..............\glue 2.75002 plus 2.75002 minus 1.375
..............\font<m-12.0> b
..............\penalty 10000
..............\glue 0.0 plus 0.04004 minus 0.16003
..............\font<m-12.0> e
..............\penalty 10000
..............\glue 0.0 plus 0.04004 minus 0.16003
..............\font<m-12.0> f
..............\penalty 10000
..............\glue 0.0 plus 0.04004 minus 0.16003
..............\font<m-12.0> o
..............\penalty 10000
..............\glue 0.0 plus 0.04004 minus 0.16003
..............\font<m-12.0> r
..............\penalty 10000
..............\glue 0.0 plus 0.04004 minus 0.16003
..............\font<m-12.0> e
..............\glue 2.75002 plus 2.75002 minus 1.375
..............\font<m-12.0> t
..............\penalty 10000
..............\glue 0.0 plus 0.04004 minus 0.16003
..............\font<m-12.0> h
..............\penalty 10000
..............\glue 0.0 plus 0.04004 minus 0.16003
..............\font<m-12.0> e
..............\glue 2.75002 plus 2.75002 minus 1.375
..............\font<m-12.0> c
..............\penalty 10000
..............\glue 0.0 plus 0.04004 minus 0.16003
..............\font<m-12.0> h
..............\penalty 10000
..............\glue 0.0 plus 0.04004 minus 0.16003
..............\font<m-12.0> u
..............\penalty 10000
..............\glue 0.0 plus 0.04004 minus 0.16003
..............\font<m-12.0> r
..............\penalty 10000
..............\glue 0.0 plus 0.04004 minus 0.16003
..............\font<m-12.0> c
..............\penalty 10000
..............\glue 0.0 plus 0.04004 minus 0.16003
..............\font<m-12.0> h
..............\penalty 10000
..............\glue 0.0 plus 0.04004 minus 0.16003
..............\font<m-12.0> :
..............\glue 2.75002 plus 2.75002 minus 1.375
..............\font<m-12.0> w
..............\penalty 10000
..............\glue 0.0 plus 0.04004 minus 0.16003
..............\font<m-12.0> h
..............\penalty 10000
..............\glue 0.0 plus 0.04004 minus 0.16003
..............\font<m-12.0> o
..............\penalty 10000
..............\glue 0.0 plus 0.04004 minus 0.16003
..............\font<m-12.0> m
..............\glue 2.75002 plus 2.75002 minus 1.375
..............\font<m-12.0> i
..............\penalty 10000
..............\glue 0.0 plus 0.04004 minus 0.16003
..............\font<m-12.0> f
..............\glue(\rightskip) 0.0
.............\glue(\baselineskip) 2.92284
.............\hbox(7.98604+3.091)x169.90706, glue set - 0.09169
..............\font<m-12.0> y
..............\penalty 10000
..............\glue 0.0 plus 0.04004 minus 0.16003
..............\font<m-12.0> o
..............\penalty 10000
..............\glue 0.0 plus 0.04004 minus 0.16003
..............\font<m-12.0> u
..............\glue 2.75002 plus 2.75002 minus 1.375
..............\font<m-12.0> b
..............\penalty 10000
..............\glue 0.0 plus 0.04004 minus 0.16003
..............\font<m-12.0> r
..............\penalty 10000
..............\glue 0.0 plus 0.04004 minus 0.16003
..............\font<m-12.0> i
..............\penalty 10000
..............\glue 0.0 plus 0.04004 minus 0.16003
..............\font<m-12.0> n
..............\penalty 10000
..............\glue 0.0 plus 0.04004 minus 0.16003
..............\font<m-12.0> g
..............\glue 2.75002 plus 2.75002 minus 1.375
..............\font<m-12.0> f
..............\penalty 10000
..............\glue 0.0 plus 0.04004 minus 0.16003
..............\font<m-12.0> o
..............\penalty 10000
..............\glue 0.0 plus 0.04004 minus 0.16003
..............\font<m-12.0> r
..............\penalty 10000
..............\glue 0.0 plus 0.04004 minus 0.16003
..............\font<m-12.0> w
..............\penalty 10000
..............\glue 0.0 plus 0.04004 minus 0.16003
..............\font<m-12.0> a
..............\penalty 10000
..............\glue 0.0 plus 0.04004 minus 0.16003
..............\font<m-12.0> r
..............\penalty 10000
..............\glue 0.0 plus 0.04004 minus 0.16003
..............\font<m-12.0> d
..............\glue 2.75002 plus 2.75002 minus 1.375
..............\font<m-12.0> o
..............\penalty 10000
..............\glue 0.0 plus 0.04004 minus 0.16003
..............\font<m-12.0> n
..............\glue 2.75002 plus 2.75002 minus 1.375
..............\font<m-12.0> t
..............\penalty 10000
..............\glue 0.0 plus 0.04004 minus 0.16003
..............\font<m-12.0> h
..............\penalty 10000
..............\glue 0.0 plus 0.04004 minus 0.16003
..............\font<m-12.0> e
..............\penalty 10000
..............\glue 0.0 plus 0.04004 minus 0.16003
..............\font<m-12.0> i
..............\penalty 10000
..............\glue 0.0 plus 0.04004 minus 0.16003
..............\font<m-12.0> r
..............\glue 2.75002 plus 2.75002 minus 1.375
..............\font<m-12.0> j
..............\penalty 10000
..............\glue 0.0 plus 0.04004 minus 0.16003
..............\font<m-12.0> o
..............\penalty 10000
..............\glue 0.0 plus 0.04004 minus 0.16003
..............\font<m-12.0> u
..............\penalty 10000
..............\glue 0.0 plus 0.04004 minus 0.16003
..............\font<m-12.0> r
..............\penalty 10000
..............\glue 0.0 plus 0.04004 minus 0.16003
..............\font<m-12.0> n
..............\penalty 10000
..............\glue 0.0 plus 0.04004 minus 0.16003
..............\font<m-12.0> e
..............\penalty 10000
..............\glue 0.0 plus 0.04004 minus 0.16003
..............\font<m-12.0> y
..............\glue(\rightskip) 0.0
.............\penalty 10000
.............\glue(\baselineskip) 2.92284
.............\hbox(7.98604+3.091)x169.90706, glue set - 0.35796
..............\font<m-12.0> a
..............\penalty 10000
..............\glue 0.0 plus 0.04004 minus 0.16003
..............\font<m-12.0> f
..............\penalty 10000
..............\glue 0.0 plus 0.04004 minus 0.16003
..............\font<m-12.0> t
..............\penalty 10000
..............\glue 0.0 plus 0.04004 minus 0.16003
..............\font<m-12.0> e
..............\penalty 10000
..............\glue 0.0 plus 0.04004 minus 0.16003
..............\font<m-12.0> r
..............\glue 2.75002 plus 2.75002 minus 1.375
..............\font<m-12.0> a
..............\glue 2.75002 plus 2.75002 minus 1.375
..............\font<m-12.0> g
..............\penalty 10000
..............\glue 0.0 plus 0.04004 minus 0.16003
..............\font<m-12.0> o
..............\penalty 10000
..............\glue 0.0 plus 0.04004 minus 0.16003
..............\font<m-12.0> d
..............\penalty 10000
..............\glue 0.0 plus 0.04004 minus 0.16003
..............\font<m-12.0> l
..............\penalty 10000
..............\glue 0.0 plus 0.04004 minus 0.16003
..............\font<m-12.0> y
..............\glue 2.75002 plus 2.75002 minus 1.375
..............\font<m-12.0> s
..............\penalty 10000
..............\glue 0.0 plus 0.04004 minus 0.16003
..............\font<m-12.0> o
..............\penalty 10000
..............\glue 0.0 plus 0.04004 minus 0.16003
..............\font<m-12.0> r
..............\penalty 10000
..............\glue 0.0 plus 0.04004 minus 0.16003
..............\font<m-12.0> t
..............\penalty 10000
..............\glue 0.0 plus 0.04004 minus 0.16003
..............\font<m-12.0> ,
..............\glue 2.75002 plus 2.75002 minus 1.375
..............\font<m-12.0> y
..............\penalty 10000
..............\glue 0.0 plus 0.04004 minus 0.16003
..............\font<m-12.0> o
..............\penalty 10000
..............\glue 0.0 plus 0.04004 minus 0.16003
..............\font<m-12.0> u
..............\glue 2.75002 plus 2.75002 minus 1.375
..............\font<m-12.0> s
..............\penalty 10000
..............\glue 0.0 plus 0.04004 minus 0.16003
..............\font<m-12.0> h
..............\penalty 10000
..............\glue 0.0 plus 0.04004 minus 0.16003
..............\font<m-12.0> a
..............\penalty 10000
..............\glue 0.0 plus 0.04004 minus 0.16003
..............\font<m-12.0> l
..............\penalty 10000
..............\glue 0.0 plus 0.04004 minus 0.16003
..............\font<m-12.0> l
..............\glue 2.75002 plus 2.75002 minus 1.375
..............\font<m-12.0> d
..............\penalty 10000
..............\glue 0.0 plus 0.04004 minus 0.16003
..............\font<m-12.0> o
..............\glue 2.75002 plus 2.75002 minus 1.375
..............\font<m-12.0> w
..............\penalty 10000
..............\glue 0.0 plus 0.04004 minus 0.16003
..............\font<m-12.0> e
..............\penalty 10000
..............\glue 0.0 plus 0.04004 minus 0.16003
..............\font<m-12.0> l
..............\penalty 10000
..............\glue 0.0 plus 0.04004 minus 0.16003
..............\font<m-12.0> l
..............\penalty 10000
..............\glue 0.0 plus 0.04004 minus 0.16003
..............\font<m-12.0> :
..............\beginL
..............\pdfsavepos
..............\write0{\noexpand \@parend {0}{\the \pdflastxpos }{\the \pdflastypos }{\the \lastdepth }}
..............\endL
..............\penalty 10000
..............\glue(\parfillskip) 0.0 plus 1.0fil
..............\glue(\rightskip) 0.0
.............\write0{\@parlen{3JN1.6}{1}{4}{m}{3JN1.6}{1}}
.............\glue(\parskip) 0.0
.............\glue(\baselineskip) 1.63045
.............\hbox(9.27843+3.091)x169.90706, glue set 0.56856
..............\hbox(0.0+0.0)x0.0
..............\beginL
..............\pdfsavepos
..............\write0{\noexpand \@parstart {3JN1.7}{versetext}{m}{13.99988pt}{\the \pdflastxpos }{\the \pdflastypos }}
..............\endL
..............\special{pdf:dest (3JN.1:7) [@thispage /XYZ @xpos @ypos null]}
..............\hbox(5.98953+2.31825)x4.12503, shifted -3.2889
...............\font<v-12.0+m> 7
..............\kern 1.65001
..............\penalty 10000
..............\glue 0.0
..............\font<m-12.0> B
..............\penalty 10000
..............\glue 0.0 plus 0.04004 minus 0.16003
..............\font<m-12.0> e
..............\penalty 10000
..............\glue 0.0 plus 0.04004 minus 0.16003
..............\font<m-12.0> c
..............\penalty 10000
..............\glue 0.0 plus 0.04004 minus 0.16003
..............\font<m-12.0> a
..............\penalty 10000
..............\glue 0.0 plus 0.04004 minus 0.16003
..............\font<m-12.0> u
..............\penalty 10000
..............\glue 0.0 plus 0.04004 minus 0.16003
..............\font<m-12.0> s
..............\penalty 10000
..............\glue 0.0 plus 0.04004 minus 0.16003
..............\font<m-12.0> e
..............\glue 2.75002 plus 2.75002 minus 1.375
..............\font<m-12.0> t
..............\penalty 10000
..............\glue 0.0 plus 0.04004 minus 0.16003
..............\font<m-12.0> h
..............\penalty 10000
..............\glue 0.0 plus 0.04004 minus 0.16003
..............\font<m-12.0> a
..............\penalty 10000
..............\glue 0.0 plus 0.04004 minus 0.16003
..............\font<m-12.0> t
..............\glue 2.75002 plus 2.75002 minus 1.375
..............\font<m-12.0> f
..............\penalty 10000
..............\glue 0.0 plus 0.04004 minus 0.16003
..............\font<m-12.0> o
..............\penalty 10000
..............\glue 0.0 plus 0.04004 minus 0.16003
..............\font<m-12.0> r
..............\glue 2.75002 plus 2.75002 minus 1.375
..............\font<m-12.0> h
..............\penalty 10000
..............\glue 0.0 plus 0.04004 minus 0.16003
..............\font<m-12.0> i
..............\penalty 10000
..............\glue 0.0 plus 0.04004 minus 0.16003
..............\font<m-12.0> s
..............\glue 2.75002 plus 2.75002 minus 1.375
..............\font<m-12.0> n
..............\penalty 10000
..............\glue 0.0 plus 0.04004 minus 0.16003
..............\font<m-12.0> a
..............\penalty 10000
..............\glue 0.0 plus 0.04004 minus 0.16003
..............\font<m-12.0> m
..............\penalty 10000
..............\glue 0.0 plus 0.04004 minus 0.16003
..............\font<m-12.0> e’s
..............\glue 2.75002 plus 2.75002 minus 1.375
..............\font<m-12.0> s
..............\penalty 10000
..............\glue 0.0 plus 0.04004 minus 0.16003
..............\font<m-12.0> a
..............\penalty 10000
..............\glue 0.0 plus 0.04004 minus 0.16003
..............\font<m-12.0> k
..............\penalty 10000
..............\glue 0.0 plus 0.04004 minus 0.16003
..............\font<m-12.0> e
..............\glue(\rightskip) 0.0
.............\mark{3 John:1:7}
.............\penalty 10000
.............\glue(\baselineskip) 2.92284
.............\hbox(7.98604+3.091)x169.90706, glue set 0.33966
..............\font<m-12.0> t
..............\penalty 10000
..............\glue 0.0 plus 0.04004 minus 0.16003
..............\font<m-12.0> h
..............\penalty 10000
..............\glue 0.0 plus 0.04004 minus 0.16003
..............\font<m-12.0> e
..............\penalty 10000
..............\glue 0.0 plus 0.04004 minus 0.16003
..............\font<m-12.0> y
..............\glue 2.75002 plus 2.75002 minus 1.375
..............\font<m-12.0> w
..............\penalty 10000
..............\glue 0.0 plus 0.04004 minus 0.16003
..............\font<m-12.0> e
..............\penalty 10000
..............\glue 0.0 plus 0.04004 minus 0.16003
..............\font<m-12.0> n
..............\penalty 10000
..............\glue 0.0 plus 0.04004 minus 0.16003
..............\font<m-12.0> t
..............\glue 2.75002 plus 2.75002 minus 1.375
..............\font<m-12.0> f
..............\penalty 10000
..............\glue 0.0 plus 0.04004 minus 0.16003
..............\font<m-12.0> o
..............\penalty 10000
..............\glue 0.0 plus 0.04004 minus 0.16003
..............\font<m-12.0> r
..............\penalty 10000
..............\glue 0.0 plus 0.04004 minus 0.16003
..............\font<m-12.0> t
..............\penalty 10000
..............\glue 0.0 plus 0.04004 minus 0.16003
..............\font<m-12.0> h
..............\penalty 10000
..............\glue 0.0 plus 0.04004 minus 0.16003
..............\font<m-12.0> ,
..............\glue 2.75002 plus 2.75002 minus 1.375
..............\font<m-12.0> t
..............\penalty 10000
..............\glue 0.0 plus 0.04004 minus 0.16003
..............\font<m-12.0> a
..............\penalty 10000
..............\glue 0.0 plus 0.04004 minus 0.16003
..............\font<m-12.0> k
..............\penalty 10000
..............\glue 0.0 plus 0.04004 minus 0.16003
..............\font<m-12.0> i
..............\penalty 10000
..............\glue 0.0 plus 0.04004 minus 0.16003
..............\font<m-12.0> n
..............\penalty 10000
..............\glue 0.0 plus 0.04004 minus 0.16003
..............\font<m-12.0> g
..............\glue 2.75002 plus 2.75002 minus 1.375
..............\font<m-12.0> n
..............\penalty 10000
..............\glue 0.0 plus 0.04004 minus 0.16003
..............\font<m-12.0> o
..............\penalty 10000
..............\glue 0.0 plus 0.04004 minus 0.16003
..............\font<m-12.0> t
..............\penalty 10000
..............\glue 0.0 plus 0.04004 minus 0.16003
..............\font<m-12.0> h
..............\penalty 10000
..............\glue 0.0 plus 0.04004 minus 0.16003
..............\font<m-12.0> i
..............\penalty 10000
..............\glue 0.0 plus 0.04004 minus 0.16003
..............\font<m-12.0> n
..............\penalty 10000
..............\glue 0.0 plus 0.04004 minus 0.16003
..............\font<m-12.0> g
..............\glue 2.75002 plus 2.75002 minus 1.375
..............\font<m-12.0> o
..............\penalty 10000
..............\glue 0.0 plus 0.04004 minus 0.16003
..............\font<m-12.0> f
..............\glue(\rightskip) 0.0
.............\penalty 10000
.............\glue(\baselineskip) 2.92284
.............\hbox(7.98604+3.091)x169.90706, glue set 109.20872fil
..............\font<m-12.0> t
..............\penalty 10000
..............\glue 0.0 plus 0.04004 minus 0.16003
..............\font<m-12.0> h
..............\penalty 10000
..............\glue 0.0 plus 0.04004 minus 0.16003
..............\font<m-12.0> e
..............\glue 2.75002 plus 2.75002 minus 1.375
..............\font<m-12.0> G
..............\penalty 10000
..............\glue 0.0 plus 0.04004 minus 0.16003
..............\font<m-12.0> e
..............\penalty 10000
..............\glue 0.0 plus 0.04004 minus 0.16003
..............\font<m-12.0> n
..............\penalty 10000
..............\glue 0.0 plus 0.04004 minus 0.16003
..............\font<m-12.0> t
..............\penalty 10000
..............\glue 0.0 plus 0.04004 minus 0.16003
..............\font<m-12.0> i
..............\penalty 10000
..............\glue 0.0 plus 0.04004 minus 0.16003
..............\font<m-12.0> l
..............\penalty 10000
..............\glue 0.0 plus 0.04004 minus 0.16003
..............\font<m-12.0> e
..............\penalty 10000
..............\glue 0.0 plus 0.04004 minus 0.16003
..............\font<m-12.0> s
..............\penalty 10000
..............\glue 0.0 plus 0.04004 minus 0.16003
..............\font<m-12.0> .
..............\beginL
..............\pdfsavepos
..............\write0{\noexpand \@parend {5}{\the \pdflastxpos }{\the \pdflastypos }{\the \lastdepth }}
..............\endL
..............\penalty 10000
..............\glue(\parfillskip) 0.0 plus 1.0fil
..............\glue(\rightskip) 0.0
.............\write0{\@parlen{3JN1.7}{1}{3}{m}{3JN1.7}{1}}
.............\glue(\parskip) 0.0
.............\glue(\baselineskip) 1.63045
.............\hbox(9.27843+3.091)x169.90706, glue set - 0.75757
..............\hbox(0.0+0.0)x0.0
..............\beginL
..............\pdfsavepos
..............\write0{\noexpand \@parstart {3JN1.8}{versetext}{m}{13.99988pt}{\the \pdflastxpos }{\the \pdflastypos }}
..............\endL
..............\special{pdf:dest (3JN.1:8) [@thispage /XYZ @xpos @ypos null]}
..............\hbox(5.98953+2.31825)x4.12503, shifted -3.2889
...............\font<v-12.0+m> 8
..............\kern 1.65001
..............\penalty 10000
..............\glue 0.0
..............\font<m-12.0> W
..............\penalty 10000
..............\glue 0.0 plus 0.04004 minus 0.16003
..............\font<m-12.0> e
..............\glue 2.75002 plus 2.75002 minus 1.375
..............\font<m-12.0> t
..............\penalty 10000
..............\glue 0.0 plus 0.04004 minus 0.16003
..............\font<m-12.0> h
..............\penalty 10000
..............\glue 0.0 plus 0.04004 minus 0.16003
..............\font<m-12.0> e
..............\penalty 10000
..............\glue 0.0 plus 0.04004 minus 0.16003
..............\font<m-12.0> r
..............\penalty 10000
..............\glue 0.0 plus 0.04004 minus 0.16003
..............\font<m-12.0> e
..............\penalty 10000
..............\glue 0.0 plus 0.04004 minus 0.16003
..............\font<m-12.0> f
..............\penalty 10000
..............\glue 0.0 plus 0.04004 minus 0.16003
..............\font<m-12.0> o
..............\penalty 10000
..............\glue 0.0 plus 0.04004 minus 0.16003
..............\font<m-12.0> r
..............\penalty 10000
..............\glue 0.0 plus 0.04004 minus 0.16003
..............\font<m-12.0> e
..............\glue 2.75002 plus 2.75002 minus 1.375
..............\font<m-12.0> o
..............\penalty 10000
..............\glue 0.0 plus 0.04004 minus 0.16003
..............\font<m-12.0> u
..............\penalty 10000
..............\glue 0.0 plus 0.04004 minus 0.16003
..............\font<m-12.0> g
..............\penalty 10000
..............\glue 0.0 plus 0.04004 minus 0.16003
..............\font<m-12.0> h
..............\penalty 10000
..............\glue 0.0 plus 0.04004 minus 0.16003
..............\font<m-12.0> t
..............\glue 2.75002 plus 2.75002 minus 1.375
..............\font<m-12.0> t
..............\penalty 10000
..............\glue 0.0 plus 0.04004 minus 0.16003
..............\font<m-12.0> o
..............\glue 2.75002 plus 2.75002 minus 1.375
..............\font<m-12.0> r
..............\penalty 10000
..............\glue 0.0 plus 0.04004 minus 0.16003
..............\font<m-12.0> e
..............\penalty 10000
..............\glue 0.0 plus 0.04004 minus 0.16003
..............\font<m-12.0> c
..............\penalty 10000
..............\glue 0.0 plus 0.04004 minus 0.16003
..............\font<m-12.0> e
..............\penalty 10000
..............\glue 0.0 plus 0.04004 minus 0.16003
..............\font<m-12.0> i
..............\penalty 10000
..............\glue 0.0 plus 0.04004 minus 0.16003
..............\font<m-12.0> v
..............\penalty 10000
..............\glue 0.0 plus 0.04004 minus 0.16003
..............\font<m-12.0> e
..............\glue 2.75002 plus 2.75002 minus 1.375
..............\font<m-12.0> s
..............\penalty 10000
..............\glue 0.0 plus 0.04004 minus 0.16003
..............\font<m-12.0> u
..............\penalty 10000
..............\glue 0.0 plus 0.04004 minus 0.16003
..............\font<m-12.0> c
..............\penalty 10000
..............\glue 0.0 plus 0.04004 minus 0.16003
..............\font<m-12.0> h
..............\penalty 10000
..............\glue 0.0 plus 0.04004 minus 0.16003
..............\font<m-12.0> ,
..............\glue(\rightskip) 0.0
.............\mark{3 John:1:8}
.............\penalty 10000
.............\glue(\baselineskip) 2.92284
.............\hbox(7.98604+3.091)x169.90706, glue set 0.21315
..............\font<m-12.0> t
..............\penalty 10000
..............\glue 0.0 plus 0.04004 minus 0.16003
..............\font<m-12.0> h
..............\penalty 10000
..............\glue 0.0 plus 0.04004 minus 0.16003
..............\font<m-12.0> a
..............\penalty 10000
..............\glue 0.0 plus 0.04004 minus 0.16003
..............\font<m-12.0> t
..............\glue 2.75002 plus 2.75002 minus 1.375
..............\font<m-12.0> w
..............\penalty 10000
..............\glue 0.0 plus 0.04004 minus 0.16003
..............\font<m-12.0> e
..............\glue 2.75002 plus 2.75002 minus 1.375
..............\font<m-12.0> m
..............\penalty 10000
..............\glue 0.0 plus 0.04004 minus 0.16003
..............\font<m-12.0> i
..............\penalty 10000
..............\glue 0.0 plus 0.04004 minus 0.16003
..............\font<m-12.0> g
..............\penalty 10000
..............\glue 0.0 plus 0.04004 minus 0.16003
..............\font<m-12.0> h
..............\penalty 10000
..............\glue 0.0 plus 0.04004 minus 0.16003
..............\font<m-12.0> t
..............\glue 2.75002 plus 2.75002 minus 1.375
..............\font<m-12.0> b
..............\penalty 10000
..............\glue 0.0 plus 0.04004 minus 0.16003
..............\font<m-12.0> e
..............\glue 2.75002 plus 2.75002 minus 1.375
..............\font<m-12.0> f
..............\penalty 10000
..............\glue 0.0 plus 0.04004 minus 0.16003
..............\font<m-12.0> e
..............\penalty 10000
..............\glue 0.0 plus 0.04004 minus 0.16003
..............\font<m-12.0> l
..............\penalty 10000
..............\glue 0.0 plus 0.04004 minus 0.16003
..............\font<m-12.0> l
..............\penalty 10000
..............\glue 0.0 plus 0.04004 minus 0.16003
..............\font<m-12.0> o
..............\penalty 10000
..............\glue 0.0 plus 0.04004 minus 0.16003
..............\font<m-12.0> w
..............\glue 2.75002 plus 2.75002 minus 1.375
..............\font<m-12.0> h
..............\penalty 10000
..............\glue 0.0 plus 0.04004 minus 0.16003
..............\font<m-12.0> e
..............\penalty 10000
..............\glue 0.0 plus 0.04004 minus 0.16003
..............\font<m-12.0> l
..............\penalty 10000
..............\glue 0.0 plus 0.04004 minus 0.16003
..............\font<m-12.0> p
..............\penalty 10000
..............\glue 0.0 plus 0.04004 minus 0.16003
..............\font<m-12.0> e
..............\penalty 10000
..............\glue 0.0 plus 0.04004 minus 0.16003
..............\font<m-12.0> r
..............\penalty 10000
..............\glue 0.0 plus 0.04004 minus 0.16003
..............\font<m-12.0> s
..............\glue 2.75002 plus 2.75002 minus 1.375
..............\font<m-12.0> t
..............\penalty 10000
..............\glue 0.0 plus 0.04004 minus 0.16003
..............\font<m-12.0> o
..............\glue(\rightskip) 0.0
.............\penalty 10000
.............\glue(\baselineskip) 2.92284
.............\hbox(7.98604+3.091)x169.90706, glue set 124.59781fil
..............\font<m-12.0> t
..............\penalty 10000
..............\glue 0.0 plus 0.04004 minus 0.16003
..............\font<m-12.0> h
..............\penalty 10000
..............\glue 0.0 plus 0.04004 minus 0.16003
..............\font<m-12.0> e
..............\glue 2.75002 plus 2.75002 minus 1.375
..............\font<m-12.0> t
..............\penalty 10000
..............\glue 0.0 plus 0.04004 minus 0.16003
..............\font<m-12.0> r
..............\penalty 10000
..............\glue 0.0 plus 0.04004 minus 0.16003
..............\font<m-12.0> u
..............\penalty 10000
..............\glue 0.0 plus 0.04004 minus 0.16003
..............\font<m-12.0> t
..............\penalty 10000
..............\glue 0.0 plus 0.04004 minus 0.16003
..............\font<m-12.0> h
..............\penalty 10000
..............\glue 0.0 plus 0.04004 minus 0.16003
..............\font<m-12.0> .
..............\beginL
..............\pdfsavepos
..............\write0{\noexpand \@parend {0}{\the \pdflastxpos }{\the \pdflastypos }{\the \lastdepth }}
..............\endL
..............\penalty 10000
..............\glue(\parfillskip) 0.0 plus 1.0fil
..............\glue(\rightskip) 0.0
.............\write0{\@parlen{3JN1.8}{1}{3}{m}{3JN1.8}{1}}
.............\pdfsavepos
.............\write0{\string \@colstop {\the \pdflastxpos }{\the \pdflastypos }}
.............\glue 0.0 plus 1.0fil
............\glue 0.0 plus 1.0fil
............\vbox(363.99683+0.0)x1.0
.............\glue 3.0
.............\hbox(360.99683+0.0)x1.0
..............\hbox(360.99683+0.0)x1.0, glue set 0.3fil
...............\special{color push rgb 0 0 0}
...............\glue 0.0 plus 1.0fil
...............\rule(360.99683+*)x0.4
...............\glue 0.0 plus 1.0fil
...............\special{color pop}
.............\glue 0.0 plus 1.0fil
............\glue 0.0 plus 1.0fil
............\vbox(363.99683+0.0)x169.90706
.............\pdfsavepos
.............\write0{\@colstart{363.99683pt}{3.091pt}{169.90706pt}{\the \pdflastxpos }{\the \pdflastypos }}
.............\glue(\splittopskip) 4.72145
.............\hbox(9.27843+3.091)x169.90706, glue set 2.84663
..............\hbox(0.0+0.0)x0.0
..............\beginL
..............\pdfsavepos
..............\write0{\noexpand \@parstart {3JN1.9}{versetext}{m}{13.99988pt}{\the \pdflastxpos }{\the \pdflastypos }}
..............\endL
..............\special{pdf:dest (3JN.1:9) [@thispage /XYZ @xpos @ypos null]}
..............\hbox(5.98953+2.31825)x4.12503, shifted -3.2889
...............\font<v-12.0+m> 9
..............\kern 1.65001
..............\penalty 10000
..............\glue 0.0
..............\font<m-12.0> I
..............\glue 2.75002 plus 2.74725 minus 1.37637
..............\font<m-12.0> w
..............\penalty 10000
..............\glue 0.0 plus 0.04004 minus 0.16003
..............\font<m-12.0> r
..............\penalty 10000
..............\glue 0.0 plus 0.04004 minus 0.16003
..............\font<m-12.0> o
..............\penalty 10000
..............\glue 0.0 plus 0.04004 minus 0.16003
..............\font<m-12.0> t
..............\penalty 10000
..............\glue 0.0 plus 0.04004 minus 0.16003
..............\font<m-12.0> e
..............\glue 2.75002 plus 2.75002 minus 1.375
..............\font<m-12.0> t
..............\penalty 10000
..............\glue 0.0 plus 0.04004 minus 0.16003
..............\font<m-12.0> o
..............\glue 2.75002 plus 2.75002 minus 1.375
..............\font<m-12.0> t
..............\penalty 10000
..............\glue 0.0 plus 0.04004 minus 0.16003
..............\font<m-12.0> h
..............\penalty 10000
..............\glue 0.0 plus 0.04004 minus 0.16003
..............\font<m-12.0> e
..............\glue 2.75002 plus 2.75002 minus 1.375
..............\font<m-12.0> c
..............\penalty 10000
..............\glue 0.0 plus 0.04004 minus 0.16003
..............\font<m-12.0> h
..............\penalty 10000
..............\glue 0.0 plus 0.04004 minus 0.16003
..............\font<m-12.0> u
..............\penalty 10000
..............\glue 0.0 plus 0.04004 minus 0.16003
..............\font<m-12.0> r
..............\penalty 10000
..............\glue 0.0 plus 0.04004 minus 0.16003
..............\font<m-12.0> c
..............\penalty 10000
..............\glue 0.0 plus 0.04004 minus 0.16003
..............\font<m-12.0> h
..............\penalty 10000
..............\glue 0.0 plus 0.04004 minus 0.16003
..............\font<m-12.0> :
..............\glue 2.75002 plus 2.75002 minus 1.375
..............\font<m-12.0> b
..............\penalty 10000
..............\glue 0.0 plus 0.04004 minus 0.16003
..............\font<m-12.0> u
..............\penalty 10000
..............\glue 0.0 plus 0.04004 minus 0.16003
..............\font<m-12.0> t
..............\glue(\rightskip) 0.0
.............\mark{3 John:1:9}
.............\penalty 10000
.............\glue(\baselineskip) 2.92284
.............\hbox(7.98604+3.091)x169.90706, glue set 0.3015
..............\font<m-12.0> D
..............\penalty 10000
..............\glue 0.0 plus 0.04004 minus 0.16003
..............\font<m-12.0> i
..............\penalty 10000
..............\glue 0.0 plus 0.04004 minus 0.16003
..............\font<m-12.0> o
..............\penalty 10000
..............\glue 0.0 plus 0.04004 minus 0.16003
..............\font<m-12.0> t
..............\penalty 10000
..............\glue 0.0 plus 0.04004 minus 0.16003
..............\font<m-12.0> r
..............\penalty 10000
..............\glue 0.0 plus 0.04004 minus 0.16003
..............\font<m-12.0> e
..............\penalty 10000
..............\glue 0.0 plus 0.04004 minus 0.16003
..............\font<m-12.0> p
..............\penalty 10000
..............\glue 0.0 plus 0.04004 minus 0.16003
..............\font<m-12.0> h
..............\penalty 10000
..............\glue 0.0 plus 0.04004 minus 0.16003
..............\font<m-12.0> e
..............\penalty 10000
..............\glue 0.0 plus 0.04004 minus 0.16003
..............\font<m-12.0> s
..............\penalty 10000
..............\glue 0.0 plus 0.04004 minus 0.16003
..............\font<m-12.0> ,
..............\glue 2.75002 plus 2.75002 minus 1.375
..............\font<m-12.0> w
..............\penalty 10000
..............\glue 0.0 plus 0.04004 minus 0.16003
..............\font<m-12.0> h
..............\penalty 10000
..............\glue 0.0 plus 0.04004 minus 0.16003
..............\font<m-12.0> o
..............\glue 2.75002 plus 2.75002 minus 1.375
..............\font<m-12.0> l
..............\penalty 10000
..............\glue 0.0 plus 0.04004 minus 0.16003
..............\font<m-12.0> o
..............\penalty 10000
..............\glue 0.0 plus 0.04004 minus 0.16003
..............\font<m-12.0> v
..............\penalty 10000
..............\glue 0.0 plus 0.04004 minus 0.16003
..............\font<m-12.0> e
..............\penalty 10000
..............\glue 0.0 plus 0.04004 minus 0.16003
..............\font<m-12.0> s
..............\glue 2.75002 plus 2.75002 minus 1.375
..............\font<m-12.0> t
..............\penalty 10000
..............\glue 0.0 plus 0.04004 minus 0.16003
..............\font<m-12.0> o
..............\glue 2.75002 plus 2.75002 minus 1.375
..............\font<m-12.0> h
..............\penalty 10000
..............\glue 0.0 plus 0.04004 minus 0.16003
..............\font<m-12.0> a
..............\penalty 10000
..............\glue 0.0 plus 0.04004 minus 0.16003
..............\font<m-12.0> v
..............\penalty 10000
..............\glue 0.0 plus 0.04004 minus 0.16003
..............\font<m-12.0> e
..............\glue 2.75002 plus 2.75002 minus 1.375
..............\font<m-12.0> t
..............\penalty 10000
..............\glue 0.0 plus 0.04004 minus 0.16003
..............\font<m-12.0> h
..............\penalty 10000
..............\glue 0.0 plus 0.04004 minus 0.16003
..............\font<m-12.0> e
..............\glue(\rightskip) 0.0
.............\glue(\baselineskip) 2.92284
.............\hbox(7.98604+3.091)x169.90706, glue set - 0.18004
..............\font<m-12.0> p
..............\penalty 10000
..............\glue 0.0 plus 0.04004 minus 0.16003
..............\font<m-12.0> r
..............\penalty 10000
..............\glue 0.0 plus 0.04004 minus 0.16003
..............\font<m-12.0> e
..............\penalty 10000
..............\glue 0.0 plus 0.04004 minus 0.16003
..............\font<m-12.0> e
..............\penalty 10000
..............\glue 0.0 plus 0.04004 minus 0.16003
..............\font<m-12.0> m
..............\penalty 10000
..............\glue 0.0 plus 0.04004 minus 0.16003
..............\font<m-12.0> i
..............\penalty 10000
..............\glue 0.0 plus 0.04004 minus 0.16003
..............\font<m-12.0> n
..............\penalty 10000
..............\glue 0.0 plus 0.04004 minus 0.16003
..............\font<m-12.0> e
..............\penalty 10000
..............\glue 0.0 plus 0.04004 minus 0.16003
..............\font<m-12.0> n
..............\penalty 10000
..............\glue 0.0 plus 0.04004 minus 0.16003
..............\font<m-12.0> c
..............\penalty 10000
..............\glue 0.0 plus 0.04004 minus 0.16003
..............\font<m-12.0> e
..............\glue 2.75002 plus 2.75002 minus 1.375
..............\font<m-12.0> a
..............\penalty 10000
..............\glue 0.0 plus 0.04004 minus 0.16003
..............\font<m-12.0> m
..............\penalty 10000
..............\glue 0.0 plus 0.04004 minus 0.16003
..............\font<m-12.0> o
..............\penalty 10000
..............\glue 0.0 plus 0.04004 minus 0.16003
..............\font<m-12.0> n
..............\penalty 10000
..............\glue 0.0 plus 0.04004 minus 0.16003
..............\font<m-12.0> g
..............\glue 2.75002 plus 2.75002 minus 1.375
..............\font<m-12.0> t
..............\penalty 10000
..............\glue 0.0 plus 0.04004 minus 0.16003
..............\font<m-12.0> h
..............\penalty 10000
..............\glue 0.0 plus 0.04004 minus 0.16003
..............\font<m-12.0> e
..............\penalty 10000
..............\glue 0.0 plus 0.04004 minus 0.16003
..............\font<m-12.0> m
..............\penalty 10000
..............\glue 0.0 plus 0.04004 minus 0.16003
..............\font<m-12.0> ,
..............\glue 2.75002 plus 2.75002 minus 1.375
..............\font<m-12.0> r
..............\penalty 10000
..............\glue 0.0 plus 0.04004 minus 0.16003
..............\font<m-12.0> e
..............\penalty 10000
..............\glue 0.0 plus 0.04004 minus 0.16003
..............\font<m-12.0> c
..............\penalty 10000
..............\glue 0.0 plus 0.04004 minus 0.16003
..............\font<m-12.0> e
..............\penalty 10000
..............\glue 0.0 plus 0.04004 minus 0.16003
..............\font<m-12.0> i
..............\penalty 10000
..............\glue 0.0 plus 0.04004 minus 0.16003
..............\font<m-12.0> v
..............\penalty 10000
..............\glue 0.0 plus 0.04004 minus 0.16003
..............\font<m-12.0> e
..............\penalty 10000
..............\glue 0.0 plus 0.04004 minus 0.16003
..............\font<m-12.0> s
..............\glue(\rightskip) 0.0
.............\penalty 10000
.............\glue(\baselineskip) 2.92284
.............\hbox(7.98604+3.091)x169.90706, glue set 137.11588fil
..............\font<m-12.0> u
..............\penalty 10000
..............\glue 0.0 plus 0.04004 minus 0.16003
..............\font<m-12.0> s
..............\glue 2.75002 plus 2.75002 minus 1.375
..............\font<m-12.0> n
..............\penalty 10000
..............\glue 0.0 plus 0.04004 minus 0.16003
..............\font<m-12.0> o
..............\penalty 10000
..............\glue 0.0 plus 0.04004 minus 0.16003
..............\font<m-12.0> t
..............\penalty 10000
..............\glue 0.0 plus 0.04004 minus 0.16003
..............\font<m-12.0> .
..............\beginL
..............\pdfsavepos
..............\write0{\noexpand \@parend {0}{\the \pdflastxpos }{\the \pdflastypos }{\the \lastdepth }}
..............\endL
..............\penalty 10000
..............\glue(\parfillskip) 0.0 plus 1.0fil
..............\glue(\rightskip) 0.0
.............\write0{\@parlen{3JN1.9}{1}{4}{m}{3JN1.9}{1}}
.............\glue(\parskip) 0.0
.............\glue(\baselineskip) 1.63045
.............\hbox(9.27843+3.091)x169.90706, glue set 0.3278
..............\hbox(0.0+0.0)x0.0
..............\beginL
..............\pdfsavepos
..............\write0{\noexpand \@parstart {3JN1.10}{versetext}{m}{13.99988pt}{\the \pdflastxpos }{\the \pdflastypos }}
..............\endL
..............\special{pdf:dest (3JN.1:10) [@thispage /XYZ @xpos @ypos null]}
..............\hbox(5.98953+2.31825)x8.25005, shifted -3.2889
...............\font<v-12.0+m> 10
..............\kern 1.65001
..............\penalty 10000
..............\glue 0.0
..............\font<m-12.0> W
..............\penalty 10000
..............\glue 0.0 plus 0.04004 minus 0.16003
..............\font<m-12.0> h
..............\penalty 10000
..............\glue 0.0 plus 0.04004 minus 0.16003
..............\font<m-12.0> y
..............\penalty 10000
..............\glue 0.0 plus 0.04004 minus 0.16003
..............\font<m-12.0> ,
..............\glue 2.75002 plus 2.75002 minus 1.375
..............\font<m-12.0> i
..............\penalty 10000
..............\glue 0.0 plus 0.04004 minus 0.16003
..............\font<m-12.0> f
..............\glue 2.75002 plus 2.75002 minus 1.375
..............\font<m-12.0> I
..............\glue 2.75002 plus 2.74725 minus 1.37637
..............\font<m-12.0> c
..............\penalty 10000
..............\glue 0.0 plus 0.04004 minus 0.16003
..............\font<m-12.0> o
..............\penalty 10000
..............\glue 0.0 plus 0.04004 minus 0.16003
..............\font<m-12.0> m
..............\penalty 10000
..............\glue 0.0 plus 0.04004 minus 0.16003
..............\font<m-12.0> e
..............\penalty 10000
..............\glue 0.0 plus 0.04004 minus 0.16003
..............\font<m-12.0> ,
..............\glue 2.75002 plus 2.75002 minus 1.375
..............\font<m-12.0> I
..............\glue 2.75002 plus 2.74725 minus 1.37637
..............\font<m-12.0> w
..............\penalty 10000
..............\glue 0.0 plus 0.04004 minus 0.16003
..............\font<m-12.0> i
..............\penalty 10000
..............\glue 0.0 plus 0.04004 minus 0.16003
..............\font<m-12.0> l
..............\penalty 10000
..............\glue 0.0 plus 0.04004 minus 0.16003
..............\font<m-12.0> l
..............\glue 2.75002 plus 2.75002 minus 1.375
..............\font<m-12.0> r
..............\penalty 10000
..............\glue 0.0 plus 0.04004 minus 0.16003
..............\font<m-12.0> e
..............\penalty 10000
..............\glue 0.0 plus 0.04004 minus 0.16003
..............\font<m-12.0> m
..............\penalty 10000
..............\glue 0.0 plus 0.04004 minus 0.16003
..............\font<m-12.0> e
..............\penalty 10000
..............\glue 0.0 plus 0.04004 minus 0.16003
..............\font<m-12.0> m
..............\penalty 10000
..............\glue 0.0 plus 0.04004 minus 0.16003
..............\font<m-12.0> b
..............\penalty 10000
..............\glue 0.0 plus 0.04004 minus 0.16003
..............\font<m-12.0> e
..............\penalty 10000
..............\glue 0.0 plus 0.04004 minus 0.16003
..............\font<m-12.0> r
..............\glue(\rightskip) 0.0
.............\mark{3 John:1:10}
.............\penalty 10000
.............\glue(\baselineskip) 2.92284
.............\hbox(7.98604+3.091)x169.90706, glue set 0.71771
..............\font<m-12.0> h
..............\penalty 10000
..............\glue 0.0 plus 0.04004 minus 0.16003
..............\font<m-12.0> i
..............\penalty 10000
..............\glue 0.0 plus 0.04004 minus 0.16003
..............\font<m-12.0> s
..............\glue 2.75002 plus 2.75002 minus 1.375
..............\font<m-12.0> d
..............\penalty 10000
..............\glue 0.0 plus 0.04004 minus 0.16003
..............\font<m-12.0> e
..............\penalty 10000
..............\glue 0.0 plus 0.04004 minus 0.16003
..............\font<m-12.0> e
..............\penalty 10000
..............\glue 0.0 plus 0.04004 minus 0.16003
..............\font<m-12.0> d
..............\penalty 10000
..............\glue 0.0 plus 0.04004 minus 0.16003
..............\font<m-12.0> s
..............\glue 2.75002 plus 2.75002 minus 1.375
..............\font<m-12.0> w
..............\penalty 10000
..............\glue 0.0 plus 0.04004 minus 0.16003
..............\font<m-12.0> h
..............\penalty 10000
..............\glue 0.0 plus 0.04004 minus 0.16003
..............\font<m-12.0> i
..............\penalty 10000
..............\glue 0.0 plus 0.04004 minus 0.16003
..............\font<m-12.0> c
..............\penalty 10000
..............\glue 0.0 plus 0.04004 minus 0.16003
..............\font<m-12.0> h
..............\glue 2.75002 plus 2.75002 minus 1.375
..............\font<m-12.0> h
..............\penalty 10000
..............\glue 0.0 plus 0.04004 minus 0.16003
..............\font<m-12.0> e
..............\glue 2.75002 plus 2.75002 minus 1.375
..............\font<m-12.0> d
..............\penalty 10000
..............\glue 0.0 plus 0.04004 minus 0.16003
..............\font<m-12.0> o
..............\penalty 10000
..............\glue 0.0 plus 0.04004 minus 0.16003
..............\font<m-12.0> e
..............\penalty 10000
..............\glue 0.0 plus 0.04004 minus 0.16003
..............\font<m-12.0> s
..............\penalty 10000
..............\glue 0.0 plus 0.04004 minus 0.16003
..............\font<m-12.0> ,
..............\glue 2.75002 plus 2.75002 minus 1.375
..............\font<m-12.0> p
..............\penalty 10000
..............\glue 0.0 plus 0.04004 minus 0.16003
..............\font<m-12.0> r
..............\penalty 10000
..............\glue 0.0 plus 0.04004 minus 0.16003
..............\font<m-12.0> a
..............\penalty 10000
..............\glue 0.0 plus 0.04004 minus 0.16003
..............\font<m-12.0> t
..............\penalty 10000
..............\glue 0.0 plus 0.04004 minus 0.16003
..............\font<m-12.0> i
..............\penalty 10000
..............\glue 0.0 plus 0.04004 minus 0.16003
..............\font<m-12.0> n
..............\penalty 10000
..............\glue 0.0 plus 0.04004 minus 0.16003
..............\font<m-12.0> g
..............\glue(\rightskip) 0.0
.............\glue(\baselineskip) 2.92284
.............\hbox(7.98604+3.091)x169.90706, glue set 0.82126
..............\font<m-12.0> a
..............\penalty 10000
..............\glue 0.0 plus 0.04004 minus 0.16003
..............\font<m-12.0> g
..............\penalty 10000
..............\glue 0.0 plus 0.04004 minus 0.16003
..............\font<m-12.0> a
..............\penalty 10000
..............\glue 0.0 plus 0.04004 minus 0.16003
..............\font<m-12.0> i
..............\penalty 10000
..............\glue 0.0 plus 0.04004 minus 0.16003
..............\font<m-12.0> n
..............\penalty 10000
..............\glue 0.0 plus 0.04004 minus 0.16003
..............\font<m-12.0> s
..............\penalty 10000
..............\glue 0.0 plus 0.04004 minus 0.16003
..............\font<m-12.0> t
..............\glue 2.75002 plus 2.75002 minus 1.375
..............\font<m-12.0> u
..............\penalty 10000
..............\glue 0.0 plus 0.04004 minus 0.16003
..............\font<m-12.0> s
..............\glue 2.75002 plus 2.75002 minus 1.375
..............\font<m-12.0> w
..............\penalty 10000
..............\glue 0.0 plus 0.04004 minus 0.16003
..............\font<m-12.0> i
..............\penalty 10000
..............\glue 0.0 plus 0.04004 minus 0.16003
..............\font<m-12.0> t
..............\penalty 10000
..............\glue 0.0 plus 0.04004 minus 0.16003
..............\font<m-12.0> h
..............\glue 2.75002 plus 2.75002 minus 1.375
..............\font<m-12.0> m
..............\penalty 10000
..............\glue 0.0 plus 0.04004 minus 0.16003
..............\font<m-12.0> a
..............\penalty 10000
..............\glue 0.0 plus 0.04004 minus 0.16003
..............\font<m-12.0> l
..............\penalty 10000
..............\glue 0.0 plus 0.04004 minus 0.16003
..............\font<m-12.0> i
..............\penalty 10000
..............\glue 0.0 plus 0.04004 minus 0.16003
..............\font<m-12.0> c
..............\penalty 10000
..............\glue 0.0 plus 0.04004 minus 0.16003
..............\font<m-12.0> i
..............\penalty 10000
..............\glue 0.0 plus 0.04004 minus 0.16003
..............\font<m-12.0> o
..............\penalty 10000
..............\glue 0.0 plus 0.04004 minus 0.16003
..............\font<m-12.0> u
..............\penalty 10000
..............\glue 0.0 plus 0.04004 minus 0.16003
..............\font<m-12.0> s
..............\glue 2.75002 plus 2.75002 minus 1.375
..............\font<m-12.0> w
..............\penalty 10000
..............\glue 0.0 plus 0.04004 minus 0.16003
..............\font<m-12.0> o
..............\penalty 10000
..............\glue 0.0 plus 0.04004 minus 0.16003
..............\font<m-12.0> r
..............\penalty 10000
..............\glue 0.0 plus 0.04004 minus 0.16003
..............\font<m-12.0> d
..............\penalty 10000
..............\glue 0.0 plus 0.04004 minus 0.16003
..............\font<m-12.0> s
..............\penalty 10000
..............\glue 0.0 plus 0.04004 minus 0.16003
..............\font<m-12.0> :
..............\glue(\rightskip) 0.0
.............\glue(\baselineskip) 2.92284
.............\hbox(7.98604+3.091)x169.90706, glue set 0.31532
..............\font<m-12.0> a
..............\penalty 10000
..............\glue 0.0 plus 0.04004 minus 0.16003
..............\font<m-12.0> n
..............\penalty 10000
..............\glue 0.0 plus 0.04004 minus 0.16003
..............\font<m-12.0> d
..............\glue 2.75002 plus 2.75002 minus 1.375
..............\font<m-12.0> n
..............\penalty 10000
..............\glue 0.0 plus 0.04004 minus 0.16003
..............\font<m-12.0> o
..............\penalty 10000
..............\glue 0.0 plus 0.04004 minus 0.16003
..............\font<m-12.0> t
..............\glue 2.75002 plus 2.75002 minus 1.375
..............\font<m-12.0> c
..............\penalty 10000
..............\glue 0.0 plus 0.04004 minus 0.16003
..............\font<m-12.0> o
..............\penalty 10000
..............\glue 0.0 plus 0.04004 minus 0.16003
..............\font<m-12.0> n
..............\penalty 10000
..............\glue 0.0 plus 0.04004 minus 0.16003
..............\font<m-12.0> t
..............\penalty 10000
..............\glue 0.0 plus 0.04004 minus 0.16003
..............\font<m-12.0> e
..............\penalty 10000
..............\glue 0.0 plus 0.04004 minus 0.16003
..............\font<m-12.0> n
..............\penalty 10000
..............\glue 0.0 plus 0.04004 minus 0.16003
..............\font<m-12.0> t
..............\glue 2.75002 plus 2.75002 minus 1.375
..............\font<m-12.0> t
..............\penalty 10000
..............\glue 0.0 plus 0.04004 minus 0.16003
..............\font<m-12.0> h
..............\penalty 10000
..............\glue 0.0 plus 0.04004 minus 0.16003
..............\font<m-12.0> e
..............\penalty 10000
..............\glue 0.0 plus 0.04004 minus 0.16003
..............\font<m-12.0> r
..............\penalty 10000
..............\glue 0.0 plus 0.04004 minus 0.16003
..............\font<m-12.0> e
..............\penalty 10000
..............\glue 0.0 plus 0.04004 minus 0.16003
..............\font<m-12.0> w
..............\penalty 10000
..............\glue 0.0 plus 0.04004 minus 0.16003
..............\font<m-12.0> i
..............\penalty 10000
..............\glue 0.0 plus 0.04004 minus 0.16003
..............\font<m-12.0> t
..............\penalty 10000
..............\glue 0.0 plus 0.04004 minus 0.16003
..............\font<m-12.0> h
..............\penalty 10000
..............\glue 0.0 plus 0.04004 minus 0.16003
..............\font<m-12.0> ,
..............\glue 2.75002 plus 2.75002 minus 1.375
..............\font<m-12.0> n
..............\penalty 10000
..............\glue 0.0 plus 0.04004 minus 0.16003
..............\font<m-12.0> e
..............\penalty 10000
..............\glue 0.0 plus 0.04004 minus 0.16003
..............\font<m-12.0> i
..............\penalty 10000
..............\glue 0.0 plus 0.04004 minus 0.16003
..............\font<m-12.0> t
..............\penalty 10000
..............\glue 0.0 plus 0.04004 minus 0.16003
..............\font<m-12.0> h
..............\penalty 10000
..............\glue 0.0 plus 0.04004 minus 0.16003
..............\font<m-12.0> e
..............\penalty 10000
..............\glue 0.0 plus 0.04004 minus 0.16003
..............\font<m-12.0> r
..............\glue(\rightskip) 0.0
.............\glue(\baselineskip) 2.92284
.............\hbox(7.98604+3.091)x169.90706, glue set - 0.66682
..............\font<m-12.0> d
..............\penalty 10000
..............\glue 0.0 plus 0.04004 minus 0.16003
..............\font<m-12.0> o
..............\penalty 10000
..............\glue 0.0 plus 0.04004 minus 0.16003
..............\font<m-12.0> e
..............\penalty 10000
..............\glue 0.0 plus 0.04004 minus 0.16003
..............\font<m-12.0> s
..............\glue 2.75002 plus 2.75002 minus 1.375
..............\font<m-12.0> h
..............\penalty 10000
..............\glue 0.0 plus 0.04004 minus 0.16003
..............\font<m-12.0> e
..............\glue 2.75002 plus 2.75002 minus 1.375
..............\font<m-12.0> h
..............\penalty 10000
..............\glue 0.0 plus 0.04004 minus 0.16003
..............\font<m-12.0> i
..............\penalty 10000
..............\glue 0.0 plus 0.04004 minus 0.16003
..............\font<m-12.0> m
..............\penalty 10000
..............\glue 0.0 plus 0.04004 minus 0.16003
..............\font<m-12.0> s
..............\penalty 10000
..............\glue 0.0 plus 0.04004 minus 0.16003
..............\font<m-12.0> e
..............\penalty 10000
..............\glue 0.0 plus 0.04004 minus 0.16003
..............\font<m-12.0> l
..............\penalty 10000
..............\glue 0.0 plus 0.04004 minus 0.16003
..............\font<m-12.0> f
..............\glue 2.75002 plus 2.75002 minus 1.375
..............\font<m-12.0> r
..............\penalty 10000
..............\glue 0.0 plus 0.04004 minus 0.16003
..............\font<m-12.0> e
..............\penalty 10000
..............\glue 0.0 plus 0.04004 minus 0.16003
..............\font<m-12.0> c
..............\penalty 10000
..............\glue 0.0 plus 0.04004 minus 0.16003
..............\font<m-12.0> e
..............\penalty 10000
..............\glue 0.0 plus 0.04004 minus 0.16003
..............\font<m-12.0> i
..............\penalty 10000
..............\glue 0.0 plus 0.04004 minus 0.16003
..............\font<m-12.0> v
..............\penalty 10000
..............\glue 0.0 plus 0.04004 minus 0.16003
..............\font<m-12.0> e
..............\glue 2.75002 plus 2.75002 minus 1.375
..............\font<m-12.0> t
..............\penalty 10000
..............\glue 0.0 plus 0.04004 minus 0.16003
..............\font<m-12.0> h
..............\penalty 10000
..............\glue 0.0 plus 0.04004 minus 0.16003
..............\font<m-12.0> e
..............\glue 2.75002 plus 2.75002 minus 1.375
..............\font<m-12.0> b
..............\penalty 10000
..............\glue 0.0 plus 0.04004 minus 0.16003
..............\font<m-12.0> r
..............\penalty 10000
..............\glue 0.0 plus 0.04004 minus 0.16003
..............\font<m-12.0> o
..............\penalty 10000
..............\glue 0.0 plus 0.04004 minus 0.16003
..............\font<m-12.0> t
..............\penalty 10000
..............\glue 0.0 plus 0.04004 minus 0.16003
..............\font<m-12.0> h
..............\penalty 10000
..............\glue 0.0 plus 0.04004 minus 0.16003
..............\font<m-12.0> e
..............\penalty 10000
..............\glue 0.0 plus 0.04004 minus 0.16003
..............\font<m-12.0> r
..............\penalty 10000
..............\glue 0.0 plus 0.04004 minus 0.16003
..............\font<m-12.0> s
..............\penalty 10000
..............\glue 0.0 plus 0.04004 minus 0.16003
..............\font<m-12.0> ,
..............\glue(\rightskip) 0.0
.............\glue(\baselineskip) 2.92284
.............\hbox(7.98604+3.091)x169.90706, glue set 0.39354
..............\font<m-12.0> a
..............\penalty 10000
..............\glue 0.0 plus 0.04004 minus 0.16003
..............\font<m-12.0> n
..............\penalty 10000
..............\glue 0.0 plus 0.04004 minus 0.16003
..............\font<m-12.0> d
..............\glue 2.75002 plus 2.75002 minus 1.375
..............\font<m-12.0> f
..............\penalty 10000
..............\glue 0.0 plus 0.04004 minus 0.16003
..............\font<m-12.0> o
..............\penalty 10000
..............\glue 0.0 plus 0.04004 minus 0.16003
..............\font<m-12.0> r
..............\penalty 10000
..............\glue 0.0 plus 0.04004 minus 0.16003
..............\font<m-12.0> b
..............\penalty 10000
..............\glue 0.0 plus 0.04004 minus 0.16003
..............\font<m-12.0> i
..............\penalty 10000
..............\glue 0.0 plus 0.04004 minus 0.16003
..............\font<m-12.0> d
..............\penalty 10000
..............\glue 0.0 plus 0.04004 minus 0.16003
..............\font<m-12.0> s
..............\glue 2.75002 plus 2.75002 minus 1.375
..............\font<m-12.0> t
..............\penalty 10000
..............\glue 0.0 plus 0.04004 minus 0.16003
..............\font<m-12.0> h
..............\penalty 10000
..............\glue 0.0 plus 0.04004 minus 0.16003
..............\font<m-12.0> e
..............\penalty 10000
..............\glue 0.0 plus 0.04004 minus 0.16003
..............\font<m-12.0> m
..............\glue 2.75002 plus 2.75002 minus 1.375
..............\font<m-12.0> t
..............\penalty 10000
..............\glue 0.0 plus 0.04004 minus 0.16003
..............\font<m-12.0> h
..............\penalty 10000
..............\glue 0.0 plus 0.04004 minus 0.16003
..............\font<m-12.0> a
..............\penalty 10000
..............\glue 0.0 plus 0.04004 minus 0.16003
..............\font<m-12.0> t
..............\glue 2.75002 plus 2.75002 minus 1.375
..............\font<m-12.0> w
..............\penalty 10000
..............\glue 0.0 plus 0.04004 minus 0.16003
..............\font<m-12.0> o
..............\penalty 10000
..............\glue 0.0 plus 0.04004 minus 0.16003
..............\font<m-12.0> u
..............\penalty 10000
..............\glue 0.0 plus 0.04004 minus 0.16003
..............\font<m-12.0> l
..............\penalty 10000
..............\glue 0.0 plus 0.04004 minus 0.16003
..............\font<m-12.0> d
..............\penalty 10000
..............\glue 0.0 plus 0.04004 minus 0.16003
..............\font<m-12.0> ,
..............\glue 2.75002 plus 2.75002 minus 1.375
..............\font<m-12.0> a
..............\penalty 10000
..............\glue 0.0 plus 0.04004 minus 0.16003
..............\font<m-12.0> n
..............\penalty 10000
..............\glue 0.0 plus 0.04004 minus 0.16003
..............\font<m-12.0> d
..............\glue(\rightskip) 0.0
.............\penalty 10000
.............\glue(\baselineskip) 2.92284
.............\hbox(7.98604+3.091)x169.90706, glue set 30.43726fil
..............\font<m-12.0> c
..............\penalty 10000
..............\glue 0.0 plus 0.04004 minus 0.16003
..............\font<m-12.0> a
..............\penalty 10000
..............\glue 0.0 plus 0.04004 minus 0.16003
..............\font<m-12.0> s
..............\penalty 10000
..............\glue 0.0 plus 0.04004 minus 0.16003
..............\font<m-12.0> t
..............\penalty 10000
..............\glue 0.0 plus 0.04004 minus 0.16003
..............\font<m-12.0> s
..............\glue 2.75002 plus 2.75002 minus 1.375
..............\font<m-12.0> t
..............\penalty 10000
..............\glue 0.0 plus 0.04004 minus 0.16003
..............\font<m-12.0> h
..............\penalty 10000
..............\glue 0.0 plus 0.04004 minus 0.16003
..............\font<m-12.0> e
..............\penalty 10000
..............\glue 0.0 plus 0.04004 minus 0.16003
..............\font<m-12.0> m
..............\glue 2.75002 plus 2.75002 minus 1.375
..............\font<m-12.0> o
..............\penalty 10000
..............\glue 0.0 plus 0.04004 minus 0.16003
..............\font<m-12.0> u
..............\penalty 10000
..............\glue 0.0 plus 0.04004 minus 0.16003
..............\font<m-12.0> t
..............\glue 2.75002 plus 2.75002 minus 1.375
..............\font<m-12.0> o
..............\penalty 10000
..............\glue 0.0 plus 0.04004 minus 0.16003
..............\font<m-12.0> f
..............\glue 2.75002 plus 2.75002 minus 1.375
..............\font<m-12.0> t
..............\penalty 10000
..............\glue 0.0 plus 0.04004 minus 0.16003
..............\font<m-12.0> h
..............\penalty 10000
..............\glue 0.0 plus 0.04004 minus 0.16003
..............\font<m-12.0> e
..............\glue 2.75002 plus 2.75002 minus 1.375
..............\font<m-12.0> c
..............\penalty 10000
..............\glue 0.0 plus 0.04004 minus 0.16003
..............\font<m-12.0> h
..............\penalty 10000
..............\glue 0.0 plus 0.04004 minus 0.16003
..............\font<m-12.0> u
..............\penalty 10000
..............\glue 0.0 plus 0.04004 minus 0.16003
..............\font<m-12.0> r
..............\penalty 10000
..............\glue 0.0 plus 0.04004 minus 0.16003
..............\font<m-12.0> c
..............\penalty 10000
..............\glue 0.0 plus 0.04004 minus 0.16003
..............\font<m-12.0> h
..............\penalty 10000
..............\glue 0.0 plus 0.04004 minus 0.16003
..............\font<m-12.0> .
..............\beginL
..............\pdfsavepos
..............\write0{\noexpand \@parend {0}{\the \pdflastxpos }{\the \pdflastypos }{\the \lastdepth }}
..............\endL
..............\penalty 10000
..............\glue(\parfillskip) 0.0 plus 1.0fil
..............\glue(\rightskip) 0.0
.............\write0{\@parlen{3JN1.10}{1}{7}{m}{3JN1.10}{1}}
.............\glue(\parskip) 0.0
.............\glue(\baselineskip) 1.63045
.............\hbox(9.27843+3.091)x169.90706, glue set - 0.00528
..............\hbox(0.0+0.0)x0.0
..............\beginL
..............\pdfsavepos
..............\write0{\noexpand \@parstart {3JN1.11}{versetext}{m}{13.99988pt}{\the \pdflastxpos }{\the \pdflastypos }}
..............\endL
..............\special{pdf:dest (3JN.1:11) [@thispage /XYZ @xpos @ypos null]}
..............\hbox(5.98953+2.31825)x8.25005, shifted -3.2889
...............\font<v-12.0+m> 11
..............\kern 1.65001
..............\penalty 10000
..............\glue 0.0
..............\font<m-12.0> B
..............\penalty 10000
..............\glue 0.0 plus 0.04004 minus 0.16003
..............\font<m-12.0> e
..............\penalty 10000
..............\glue 0.0 plus 0.04004 minus 0.16003
..............\font<m-12.0> l
..............\penalty 10000
..............\glue 0.0 plus 0.04004 minus 0.16003
..............\font<m-12.0> o
..............\penalty 10000
..............\glue 0.0 plus 0.04004 minus 0.16003
..............\font<m-12.0> v
..............\penalty 10000
..............\glue 0.0 plus 0.04004 minus 0.16003
..............\font<m-12.0> e
..............\penalty 10000
..............\glue 0.0 plus 0.04004 minus 0.16003
..............\font<m-12.0> d
..............\penalty 10000
..............\glue 0.0 plus 0.04004 minus 0.16003
..............\font<m-12.0> ,
..............\glue 2.75002 plus 2.75002 minus 1.375
..............\font<m-12.0> f
..............\penalty 10000
..............\glue 0.0 plus 0.04004 minus 0.16003
..............\font<m-12.0> o
..............\penalty 10000
..............\glue 0.0 plus 0.04004 minus 0.16003
..............\font<m-12.0> l
..............\penalty 10000
..............\glue 0.0 plus 0.04004 minus 0.16003
..............\font<m-12.0> l
..............\penalty 10000
..............\glue 0.0 plus 0.04004 minus 0.16003
..............\font<m-12.0> o
..............\penalty 10000
..............\glue 0.0 plus 0.04004 minus 0.16003
..............\font<m-12.0> w
..............\glue 2.75002 plus 2.75002 minus 1.375
..............\font<m-12.0> n
..............\penalty 10000
..............\glue 0.0 plus 0.04004 minus 0.16003
..............\font<m-12.0> o
..............\penalty 10000
..............\glue 0.0 plus 0.04004 minus 0.16003
..............\font<m-12.0> t
..............\glue 2.75002 plus 2.75002 minus 1.375
..............\font<m-12.0> t
..............\penalty 10000
..............\glue 0.0 plus 0.04004 minus 0.16003
..............\font<m-12.0> h
..............\penalty 10000
..............\glue 0.0 plus 0.04004 minus 0.16003
..............\font<m-12.0> a
..............\penalty 10000
..............\glue 0.0 plus 0.04004 minus 0.16003
..............\font<m-12.0> t
..............\glue 2.75002 plus 2.75002 minus 1.375
..............\font<m-12.0> w
..............\penalty 10000
..............\glue 0.0 plus 0.04004 minus 0.16003
..............\font<m-12.0> h
..............\penalty 10000
..............\glue 0.0 plus 0.04004 minus 0.16003
..............\font<m-12.0> i
..............\penalty 10000
..............\glue 0.0 plus 0.04004 minus 0.16003
..............\font<m-12.0> c
..............\penalty 10000
..............\glue 0.0 plus 0.04004 minus 0.16003
..............\font<m-12.0> h
..............\glue 2.75002 plus 2.75002 minus 1.375
..............\font<m-12.0> i
..............\penalty 10000
..............\glue 0.0 plus 0.04004 minus 0.16003
..............\font<m-12.0> s
..............\glue(\rightskip) 0.0
.............\mark{3 John:1:11}
.............\penalty 10000
.............\glue(\baselineskip) 2.92284
.............\hbox(7.98604+3.091)x169.90706, glue set - 0.32298
..............\font<m-12.0> e
..............\penalty 10000
..............\glue 0.0 plus 0.04004 minus 0.16003
..............\font<m-12.0> v
..............\penalty 10000
..............\glue 0.0 plus 0.04004 minus 0.16003
..............\font<m-12.0> i
..............\penalty 10000
..............\glue 0.0 plus 0.04004 minus 0.16003
..............\font<m-12.0> l
..............\penalty 10000
..............\glue 0.0 plus 0.04004 minus 0.16003
..............\font<m-12.0> ,
..............\glue 2.75002 plus 2.75002 minus 1.375
..............\font<m-12.0> b
..............\penalty 10000
..............\glue 0.0 plus 0.04004 minus 0.16003
..............\font<m-12.0> u
..............\penalty 10000
..............\glue 0.0 plus 0.04004 minus 0.16003
..............\font<m-12.0> t
..............\glue 2.75002 plus 2.75002 minus 1.375
..............\font<m-12.0> t
..............\penalty 10000
..............\glue 0.0 plus 0.04004 minus 0.16003
..............\font<m-12.0> h
..............\penalty 10000
..............\glue 0.0 plus 0.04004 minus 0.16003
..............\font<m-12.0> a
..............\penalty 10000
..............\glue 0.0 plus 0.04004 minus 0.16003
..............\font<m-12.0> t
..............\glue 2.75002 plus 2.75002 minus 1.375
..............\font<m-12.0> w
..............\penalty 10000
..............\glue 0.0 plus 0.04004 minus 0.16003
..............\font<m-12.0> h
..............\penalty 10000
..............\glue 0.0 plus 0.04004 minus 0.16003
..............\font<m-12.0> i
..............\penalty 10000
..............\glue 0.0 plus 0.04004 minus 0.16003
..............\font<m-12.0> c
..............\penalty 10000
..............\glue 0.0 plus 0.04004 minus 0.16003
..............\font<m-12.0> h
..............\glue 2.75002 plus 2.75002 minus 1.375
..............\font<m-12.0> i
..............\penalty 10000
..............\glue 0.0 plus 0.04004 minus 0.16003
..............\font<m-12.0> s
..............\glue 2.75002 plus 2.75002 minus 1.375
..............\font<m-12.0> g
..............\penalty 10000
..............\glue 0.0 plus 0.04004 minus 0.16003
..............\font<m-12.0> o
..............\penalty 10000
..............\glue 0.0 plus 0.04004 minus 0.16003
..............\font<m-12.0> o
..............\penalty 10000
..............\glue 0.0 plus 0.04004 minus 0.16003
..............\font<m-12.0> d
..............\penalty 10000
..............\glue 0.0 plus 0.04004 minus 0.16003
..............\font<m-12.0> .
..............\glue 2.75002 plus 2.75002 minus 1.375
..............\font<m-12.0> H
..............\penalty 10000
..............\glue 0.0 plus 0.04004 minus 0.16003
..............\font<m-12.0> e
..............\glue 2.75002 plus 2.75002 minus 1.375
..............\font<m-12.0> t
..............\penalty 10000
..............\glue 0.0 plus 0.04004 minus 0.16003
..............\font<m-12.0> h
..............\penalty 10000
..............\glue 0.0 plus 0.04004 minus 0.16003
..............\font<m-12.0> a
..............\penalty 10000
..............\glue 0.0 plus 0.04004 minus 0.16003
..............\font<m-12.0> t
..............\glue(\rightskip) 0.0
.............\glue(\baselineskip) 2.92284
.............\hbox(7.98604+3.091)x169.90706, glue set 0.73958
..............\font<m-12.0> d
..............\penalty 10000
..............\glue 0.0 plus 0.04004 minus 0.16003
..............\font<m-12.0> o
..............\penalty 10000
..............\glue 0.0 plus 0.04004 minus 0.16003
..............\font<m-12.0> e
..............\penalty 10000
..............\glue 0.0 plus 0.04004 minus 0.16003
..............\font<m-12.0> s
..............\glue 2.75002 plus 2.75002 minus 1.375
..............\font<m-12.0> g
..............\penalty 10000
..............\glue 0.0 plus 0.04004 minus 0.16003
..............\font<m-12.0> o
..............\penalty 10000
..............\glue 0.0 plus 0.04004 minus 0.16003
..............\font<m-12.0> o
..............\penalty 10000
..............\glue 0.0 plus 0.04004 minus 0.16003
..............\font<m-12.0> d
..............\glue 2.75002 plus 2.75002 minus 1.375
..............\font<m-12.0> i
..............\penalty 10000
..............\glue 0.0 plus 0.04004 minus 0.16003
..............\font<m-12.0> s
..............\glue 2.75002 plus 2.75002 minus 1.375
..............\font<m-12.0> o
..............\penalty 10000
..............\glue 0.0 plus 0.04004 minus 0.16003
..............\font<m-12.0> f
..............\glue 2.75002 plus 2.75002 minus 1.375
..............\font<m-12.0> G
..............\penalty 10000
..............\glue 0.0 plus 0.04004 minus 0.16003
..............\font<m-12.0> o
..............\penalty 10000
..............\glue 0.0 plus 0.04004 minus 0.16003
..............\font<m-12.0> d
..............\penalty 10000
..............\glue 0.0 plus 0.04004 minus 0.16003
..............\font<m-12.0> :
..............\glue 2.75002 plus 2.75002 minus 1.375
..............\font<m-12.0> b
..............\penalty 10000
..............\glue 0.0 plus 0.04004 minus 0.16003
..............\font<m-12.0> u
..............\penalty 10000
..............\glue 0.0 plus 0.04004 minus 0.16003
..............\font<m-12.0> t
..............\glue 2.75002 plus 2.75002 minus 1.375
..............\font<m-12.0> h
..............\penalty 10000
..............\glue 0.0 plus 0.04004 minus 0.16003
..............\font<m-12.0> e
..............\glue 2.75002 plus 2.75002 minus 1.375
..............\font<m-12.0> t
..............\penalty 10000
..............\glue 0.0 plus 0.04004 minus 0.16003
..............\font<m-12.0> h
..............\penalty 10000
..............\glue 0.0 plus 0.04004 minus 0.16003
..............\font<m-12.0> a
..............\penalty 10000
..............\glue 0.0 plus 0.04004 minus 0.16003
..............\font<m-12.0> t
..............\glue(\rightskip) 0.0
.............\penalty 10000
.............\glue(\baselineskip) 2.92284
.............\hbox(7.98604+3.091)x169.90706, glue set 37.62032fil
..............\font<m-12.0> d
..............\penalty 10000
..............\glue 0.0 plus 0.04004 minus 0.16003
..............\font<m-12.0> o
..............\penalty 10000
..............\glue 0.0 plus 0.04004 minus 0.16003
..............\font<m-12.0> e
..............\penalty 10000
..............\glue 0.0 plus 0.04004 minus 0.16003
..............\font<m-12.0> s
..............\glue 2.75002 plus 2.75002 minus 1.375
..............\font<m-12.0> e
..............\penalty 10000
..............\glue 0.0 plus 0.04004 minus 0.16003
..............\font<m-12.0> v
..............\penalty 10000
..............\glue 0.0 plus 0.04004 minus 0.16003
..............\font<m-12.0> i
..............\penalty 10000
..............\glue 0.0 plus 0.04004 minus 0.16003
..............\font<m-12.0> l
..............\glue 2.75002 plus 2.75002 minus 1.375
..............\font<m-12.0> h
..............\penalty 10000
..............\glue 0.0 plus 0.04004 minus 0.16003
..............\font<m-12.0> a
..............\penalty 10000
..............\glue 0.0 plus 0.04004 minus 0.16003
..............\font<m-12.0> s
..............\glue 2.75002 plus 2.75002 minus 1.375
..............\font<m-12.0> n
..............\penalty 10000
..............\glue 0.0 plus 0.04004 minus 0.16003
..............\font<m-12.0> o
..............\penalty 10000
..............\glue 0.0 plus 0.04004 minus 0.16003
..............\font<m-12.0> t
..............\glue 2.75002 plus 2.75002 minus 1.375
..............\font<m-12.0> s
..............\penalty 10000
..............\glue 0.0 plus 0.04004 minus 0.16003
..............\font<m-12.0> e
..............\penalty 10000
..............\glue 0.0 plus 0.04004 minus 0.16003
..............\font<m-12.0> e
..............\penalty 10000
..............\glue 0.0 plus 0.04004 minus 0.16003
..............\font<m-12.0> n
..............\glue 2.75002 plus 2.75002 minus 1.375
..............\font<m-12.0> G
..............\penalty 10000
..............\glue 0.0 plus 0.04004 minus 0.16003
..............\font<m-12.0> o
..............\penalty 10000
..............\glue 0.0 plus 0.04004 minus 0.16003
..............\font<m-12.0> d
..............\penalty 10000
..............\glue 0.0 plus 0.04004 minus 0.16003
..............\font<m-12.0> .
..............\beginL
..............\pdfsavepos
..............\write0{\noexpand \@parend {0}{\the \pdflastxpos }{\the \pdflastypos }{\the \lastdepth }}
..............\endL
..............\penalty 10000
..............\glue(\parfillskip) 0.0 plus 1.0fil
..............\glue(\rightskip) 0.0
.............\write0{\@parlen{3JN1.11}{1}{4}{m}{3JN1.11}{1}}
.............\glue(\parskip) 0.0
.............\glue(\baselineskip) 1.63045
.............\hbox(9.27843+3.091)x169.90706, glue set 0.1342
..............\hbox(0.0+0.0)x0.0
..............\beginL
..............\pdfsavepos
..............\write0{\noexpand \@parstart {3JN1.12}{versetext}{m}{13.99988pt}{\the \pdflastxpos }{\the \pdflastypos }}
..............\endL
..............\special{pdf:dest (3JN.1:12) [@thispage /XYZ @xpos @ypos null]}
..............\hbox(5.98953+2.31825)x8.25005, shifted -3.2889
...............\font<v-12.0+m> 12
..............\kern 1.65001
..............\penalty 10000
..............\glue 0.0
..............\font<m-12.0> D
..............\penalty 10000
..............\glue 0.0 plus 0.04004 minus 0.16003
..............\font<m-12.0> e
..............\penalty 10000
..............\glue 0.0 plus 0.04004 minus 0.16003
..............\font<m-12.0> m
..............\penalty 10000
..............\glue 0.0 plus 0.04004 minus 0.16003
..............\font<m-12.0> e
..............\penalty 10000
..............\glue 0.0 plus 0.04004 minus 0.16003
..............\font<m-12.0> t
..............\penalty 10000
..............\glue 0.0 plus 0.04004 minus 0.16003
..............\font<m-12.0> r
..............\penalty 10000
..............\glue 0.0 plus 0.04004 minus 0.16003
..............\font<m-12.0> i
..............\penalty 10000
..............\glue 0.0 plus 0.04004 minus 0.16003
..............\font<m-12.0> u
..............\penalty 10000
..............\glue 0.0 plus 0.04004 minus 0.16003
..............\font<m-12.0> s
..............\glue 2.75002 plus 2.75002 minus 1.375
..............\font<m-12.0> h
..............\penalty 10000
..............\glue 0.0 plus 0.04004 minus 0.16003
..............\font<m-12.0> a
..............\penalty 10000
..............\glue 0.0 plus 0.04004 minus 0.16003
..............\font<m-12.0> s
..............\glue 2.75002 plus 2.75002 minus 1.375
..............\font<m-12.0> g
..............\penalty 10000
..............\glue 0.0 plus 0.04004 minus 0.16003
..............\font<m-12.0> o
..............\penalty 10000
..............\glue 0.0 plus 0.04004 minus 0.16003
..............\font<m-12.0> o
..............\penalty 10000
..............\glue 0.0 plus 0.04004 minus 0.16003
..............\font<m-12.0> d
..............\glue 2.75002 plus 2.75002 minus 1.375
..............\font<m-12.0> r
..............\penalty 10000
..............\glue 0.0 plus 0.04004 minus 0.16003
..............\font<m-12.0> e
..............\penalty 10000
..............\glue 0.0 plus 0.04004 minus 0.16003
..............\font<m-12.0> p
..............\penalty 10000
..............\glue 0.0 plus 0.04004 minus 0.16003
..............\font<m-12.0> o
..............\penalty 10000
..............\glue 0.0 plus 0.04004 minus 0.16003
..............\font<m-12.0> r
..............\penalty 10000
..............\glue 0.0 plus 0.04004 minus 0.16003
..............\font<m-12.0> t
..............\glue 2.75002 plus 2.75002 minus 1.375
..............\font<m-12.0> o
..............\penalty 10000
..............\glue 0.0 plus 0.04004 minus 0.16003
..............\font<m-12.0> f
..............\glue 2.75002 plus 2.75002 minus 1.375
..............\font<m-12.0> a
..............\penalty 10000
..............\glue 0.0 plus 0.04004 minus 0.16003
..............\font<m-12.0> l
..............\penalty 10000
..............\glue 0.0 plus 0.04004 minus 0.16003
..............\font<m-12.0> l
..............\glue(\rightskip) 0.0
.............\mark{3 John:1:12}
.............\penalty 10000
.............\glue(\baselineskip) 2.92284
.............\hbox(7.98604+3.091)x169.90706, glue set - 0.39764
..............\font<m-12.0> m
..............\penalty 10000
..............\glue 0.0 plus 0.04004 minus 0.16003
..............\font<m-12.0> e
..............\penalty 10000
..............\glue 0.0 plus 0.04004 minus 0.16003
..............\font<m-12.0> n
..............\penalty 10000
..............\glue 0.0 plus 0.04004 minus 0.16003
..............\font<m-12.0> ,
..............\glue 2.75002 plus 2.75002 minus 1.375
..............\font<m-12.0> a
..............\penalty 10000
..............\glue 0.0 plus 0.04004 minus 0.16003
..............\font<m-12.0> n
..............\penalty 10000
..............\glue 0.0 plus 0.04004 minus 0.16003
..............\font<m-12.0> d
..............\glue 2.75002 plus 2.75002 minus 1.375
..............\font<m-12.0> o
..............\penalty 10000
..............\glue 0.0 plus 0.04004 minus 0.16003
..............\font<m-12.0> f
..............\glue 2.75002 plus 2.75002 minus 1.375
..............\font<m-12.0> t
..............\penalty 10000
..............\glue 0.0 plus 0.04004 minus 0.16003
..............\font<m-12.0> h
..............\penalty 10000
..............\glue 0.0 plus 0.04004 minus 0.16003
..............\font<m-12.0> e
..............\glue 2.75002 plus 2.75002 minus 1.375
..............\font<m-12.0> t
..............\penalty 10000
..............\glue 0.0 plus 0.04004 minus 0.16003
..............\font<m-12.0> r
..............\penalty 10000
..............\glue 0.0 plus 0.04004 minus 0.16003
..............\font<m-12.0> u
..............\penalty 10000
..............\glue 0.0 plus 0.04004 minus 0.16003
..............\font<m-12.0> t
..............\penalty 10000
..............\glue 0.0 plus 0.04004 minus 0.16003
..............\font<m-12.0> h
..............\glue 2.75002 plus 2.75002 minus 1.375
..............\font<m-12.0> i
..............\penalty 10000
..............\glue 0.0 plus 0.04004 minus 0.16003
..............\font<m-12.0> t
..............\penalty 10000
..............\glue 0.0 plus 0.04004 minus 0.16003
..............\font<m-12.0> s
..............\penalty 10000
..............\glue 0.0 plus 0.04004 minus 0.16003
..............\font<m-12.0> e
..............\penalty 10000
..............\glue 0.0 plus 0.04004 minus 0.16003
..............\font<m-12.0> l
..............\penalty 10000
..............\glue 0.0 plus 0.04004 minus 0.16003
..............\font<m-12.0> f
..............\penalty 10000
..............\glue 0.0 plus 0.04004 minus 0.16003
..............\font<m-12.0> :
..............\glue 2.75002 plus 2.75002 minus 1.375
..............\font<m-12.0> y
..............\penalty 10000
..............\glue 0.0 plus 0.04004 minus 0.16003
..............\font<m-12.0> e
..............\penalty 10000
..............\glue 0.0 plus 0.04004 minus 0.16003
..............\font<m-12.0> s
..............\penalty 10000
..............\glue 0.0 plus 0.04004 minus 0.16003
..............\font<m-12.0> ,
..............\glue 2.75002 plus 2.75002 minus 1.375
..............\font<m-12.0> a
..............\penalty 10000
..............\glue 0.0 plus 0.04004 minus 0.16003
..............\font<m-12.0> n
..............\penalty 10000
..............\glue 0.0 plus 0.04004 minus 0.16003
..............\font<m-12.0> d
..............\glue(\rightskip) 0.0
.............\glue(\baselineskip) 2.92284
.............\hbox(7.98604+3.091)x169.90706, glue set - 0.08742
..............\font<m-12.0> w
..............\penalty 10000
..............\glue 0.0 plus 0.04004 minus 0.16003
..............\font<m-12.0> e
..............\glue 2.75002 plus 2.75002 minus 1.375
..............\font<m-12.0> a
..............\penalty 10000
..............\glue 0.0 plus 0.04004 minus 0.16003
..............\font<m-12.0> l
..............\penalty 10000
..............\glue 0.0 plus 0.04004 minus 0.16003
..............\font<m-12.0> s
..............\penalty 10000
..............\glue 0.0 plus 0.04004 minus 0.16003
..............\font<m-12.0> o
..............\glue 2.75002 plus 2.75002 minus 1.375
..............\font<m-12.0> b
..............\penalty 10000
..............\glue 0.0 plus 0.04004 minus 0.16003
..............\font<m-12.0> e
..............\penalty 10000
..............\glue 0.0 plus 0.04004 minus 0.16003
..............\font<m-12.0> a
..............\penalty 10000
..............\glue 0.0 plus 0.04004 minus 0.16003
..............\font<m-12.0> r
..............\glue 2.75002 plus 2.75002 minus 1.375
..............\font<m-12.0> r
..............\penalty 10000
..............\glue 0.0 plus 0.04004 minus 0.16003
..............\font<m-12.0> e
..............\penalty 10000
..............\glue 0.0 plus 0.04004 minus 0.16003
..............\font<m-12.0> c
..............\penalty 10000
..............\glue 0.0 plus 0.04004 minus 0.16003
..............\font<m-12.0> o
..............\penalty 10000
..............\glue 0.0 plus 0.04004 minus 0.16003
..............\font<m-12.0> r
..............\penalty 10000
..............\glue 0.0 plus 0.04004 minus 0.16003
..............\font<m-12.0> d
..............\penalty 10000
..............\glue 0.0 plus 0.04004 minus 0.16003
..............\font<m-12.0> ;
..............\glue 2.75002 plus 2.75002 minus 1.375
..............\font<m-12.0> a
..............\penalty 10000
..............\glue 0.0 plus 0.04004 minus 0.16003
..............\font<m-12.0> n
..............\penalty 10000
..............\glue 0.0 plus 0.04004 minus 0.16003
..............\font<m-12.0> d
..............\glue 2.75002 plus 2.75002 minus 1.375
..............\font<m-12.0> y
..............\penalty 10000
..............\glue 0.0 plus 0.04004 minus 0.16003
..............\font<m-12.0> o
..............\penalty 10000
..............\glue 0.0 plus 0.04004 minus 0.16003
..............\font<m-12.0> u
..............\glue 2.75002 plus 2.75002 minus 1.375
..............\font<m-12.0> k
..............\penalty 10000
..............\glue 0.0 plus 0.04004 minus 0.16003
..............\font<m-12.0> n
..............\penalty 10000
..............\glue 0.0 plus 0.04004 minus 0.16003
..............\font<m-12.0> o
..............\penalty 10000
..............\glue 0.0 plus 0.04004 minus 0.16003
..............\font<m-12.0> w
..............\glue(\rightskip) 0.0
.............\penalty 10000
.............\glue(\baselineskip) 2.92284
.............\hbox(7.98604+3.091)x169.90706, glue set 60.87444fil
..............\font<m-12.0> t
..............\penalty 10000
..............\glue 0.0 plus 0.04004 minus 0.16003
..............\font<m-12.0> h
..............\penalty 10000
..............\glue 0.0 plus 0.04004 minus 0.16003
..............\font<m-12.0> a
..............\penalty 10000
..............\glue 0.0 plus 0.04004 minus 0.16003
..............\font<m-12.0> t
..............\glue 2.75002 plus 2.75002 minus 1.375
..............\font<m-12.0> o
..............\penalty 10000
..............\glue 0.0 plus 0.04004 minus 0.16003
..............\font<m-12.0> u
..............\penalty 10000
..............\glue 0.0 plus 0.04004 minus 0.16003
..............\font<m-12.0> r
..............\glue 2.75002 plus 2.75002 minus 1.375
..............\font<m-12.0> r
..............\penalty 10000
..............\glue 0.0 plus 0.04004 minus 0.16003
..............\font<m-12.0> e
..............\penalty 10000
..............\glue 0.0 plus 0.04004 minus 0.16003
..............\font<m-12.0> c
..............\penalty 10000
..............\glue 0.0 plus 0.04004 minus 0.16003
..............\font<m-12.0> o
..............\penalty 10000
..............\glue 0.0 plus 0.04004 minus 0.16003
..............\font<m-12.0> r
..............\penalty 10000
..............\glue 0.0 plus 0.04004 minus 0.16003
..............\font<m-12.0> d
..............\glue 2.75002 plus 2.75002 minus 1.375
..............\font<m-12.0> i
..............\penalty 10000
..............\glue 0.0 plus 0.04004 minus 0.16003
..............\font<m-12.0> s
..............\glue 2.75002 plus 2.75002 minus 1.375
..............\font<m-12.0> t
..............\penalty 10000
..............\glue 0.0 plus 0.04004 minus 0.16003
..............\font<m-12.0> r
..............\penalty 10000
..............\glue 0.0 plus 0.04004 minus 0.16003
..............\font<m-12.0> u
..............\penalty 10000
..............\glue 0.0 plus 0.04004 minus 0.16003
..............\font<m-12.0> e
..............\penalty 10000
..............\glue 0.0 plus 0.04004 minus 0.16003
..............\font<m-12.0> .
..............\beginL
..............\pdfsavepos
..............\write0{\noexpand \@parend {0}{\the \pdflastxpos }{\the \pdflastypos }{\the \lastdepth }}
..............\endL
..............\penalty 10000
..............\glue(\parfillskip) 0.0 plus 1.0fil
..............\glue(\rightskip) 0.0
.............\write0{\@parlen{3JN1.12}{1}{4}{m}{3JN1.12}{1}}
.............\glue(\parskip) 0.0
.............\glue(\baselineskip) 1.63045
.............\hbox(9.27843+3.091)x169.90706, glue set 0.12451
..............\hbox(0.0+0.0)x0.0
..............\beginL
..............\pdfsavepos
..............\write0{\noexpand \@parstart {3JN1.13}{versetext}{m}{13.99988pt}{\the \pdflastxpos }{\the \pdflastypos }}
..............\endL
..............\special{pdf:dest (3JN.1:13) [@thispage /XYZ @xpos @ypos null]}
..............\hbox(5.98953+2.31825)x8.25005, shifted -3.2889
...............\font<v-12.0+m> 13
..............\kern 1.65001
..............\penalty 10000
..............\glue 0.0
..............\font<m-12.0> I
..............\glue 2.75002 plus 2.74725 minus 1.37637
..............\font<m-12.0> h
..............\penalty 10000
..............\glue 0.0 plus 0.04004 minus 0.16003
..............\font<m-12.0> a
..............\penalty 10000
..............\glue 0.0 plus 0.04004 minus 0.16003
..............\font<m-12.0> d
..............\glue 2.75002 plus 2.75002 minus 1.375
..............\font<m-12.0> m
..............\penalty 10000
..............\glue 0.0 plus 0.04004 minus 0.16003
..............\font<m-12.0> a
..............\penalty 10000
..............\glue 0.0 plus 0.04004 minus 0.16003
..............\font<m-12.0> n
..............\penalty 10000
..............\glue 0.0 plus 0.04004 minus 0.16003
..............\font<m-12.0> y
..............\glue 2.75002 plus 2.75002 minus 1.375
..............\font<m-12.0> t
..............\penalty 10000
..............\glue 0.0 plus 0.04004 minus 0.16003
..............\font<m-12.0> h
..............\penalty 10000
..............\glue 0.0 plus 0.04004 minus 0.16003
..............\font<m-12.0> i
..............\penalty 10000
..............\glue 0.0 plus 0.04004 minus 0.16003
..............\font<m-12.0> n
..............\penalty 10000
..............\glue 0.0 plus 0.04004 minus 0.16003
..............\font<m-12.0> g
..............\penalty 10000
..............\glue 0.0 plus 0.04004 minus 0.16003
..............\font<m-12.0> s
..............\glue 2.75002 plus 2.75002 minus 1.375
..............\font<m-12.0> t
..............\penalty 10000
..............\glue 0.0 plus 0.04004 minus 0.16003
..............\font<m-12.0> o
..............\glue 2.75002 plus 2.75002 minus 1.375
..............\font<m-12.0> w
..............\penalty 10000
..............\glue 0.0 plus 0.04004 minus 0.16003
..............\font<m-12.0> r
..............\penalty 10000
..............\glue 0.0 plus 0.04004 minus 0.16003
..............\font<m-12.0> i
..............\penalty 10000
..............\glue 0.0 plus 0.04004 minus 0.16003
..............\font<m-12.0> t
..............\penalty 10000
..............\glue 0.0 plus 0.04004 minus 0.16003
..............\font<m-12.0> e
..............\penalty 10000
..............\glue 0.0 plus 0.04004 minus 0.16003
..............\font<m-12.0> ,
..............\glue 2.75002 plus 2.75002 minus 1.375
..............\font<m-12.0> b
..............\penalty 10000
..............\glue 0.0 plus 0.04004 minus 0.16003
..............\font<m-12.0> u
..............\penalty 10000
..............\glue 0.0 plus 0.04004 minus 0.16003
..............\font<m-12.0> t
..............\glue 2.75002 plus 2.75002 minus 1.375
..............\font<m-12.0> I
..............\glue(\rightskip) 0.0
.............\mark{3 John:1:13}
.............\penalty 10000
.............\glue(\baselineskip) 2.92284
.............\hbox(7.98604+3.091)x169.90706, glue set 0.2952
..............\font<m-12.0> w
..............\penalty 10000
..............\glue 0.0 plus 0.04004 minus 0.16003
..............\font<m-12.0> i
..............\penalty 10000
..............\glue 0.0 plus 0.04004 minus 0.16003
..............\font<m-12.0> l
..............\penalty 10000
..............\glue 0.0 plus 0.04004 minus 0.16003
..............\font<m-12.0> l
..............\glue 2.75002 plus 2.75002 minus 1.375
..............\font<m-12.0> n
..............\penalty 10000
..............\glue 0.0 plus 0.04004 minus 0.16003
..............\font<m-12.0> o
..............\penalty 10000
..............\glue 0.0 plus 0.04004 minus 0.16003
..............\font<m-12.0> t
..............\glue 2.75002 plus 2.75002 minus 1.375
..............\font<m-12.0> w
..............\penalty 10000
..............\glue 0.0 plus 0.04004 minus 0.16003
..............\font<m-12.0> i
..............\penalty 10000
..............\glue 0.0 plus 0.04004 minus 0.16003
..............\font<m-12.0> t
..............\penalty 10000
..............\glue 0.0 plus 0.04004 minus 0.16003
..............\font<m-12.0> h
..............\glue 2.75002 plus 2.75002 minus 1.375
..............\font<m-12.0> i
..............\penalty 10000
..............\glue 0.0 plus 0.04004 minus 0.16003
..............\font<m-12.0> n
..............\penalty 10000
..............\glue 0.0 plus 0.04004 minus 0.16003
..............\font<m-12.0> k
..............\glue 2.75002 plus 2.75002 minus 1.375
..............\font<m-12.0> a
..............\penalty 10000
..............\glue 0.0 plus 0.04004 minus 0.16003
..............\font<m-12.0> n
..............\penalty 10000
..............\glue 0.0 plus 0.04004 minus 0.16003
..............\font<m-12.0> d
..............\glue 2.75002 plus 2.75002 minus 1.375
..............\font<m-12.0> p
..............\penalty 10000
..............\glue 0.0 plus 0.04004 minus 0.16003
..............\font<m-12.0> e
..............\penalty 10000
..............\glue 0.0 plus 0.04004 minus 0.16003
..............\font<m-12.0> n
..............\glue 2.75002 plus 2.75002 minus 1.375
..............\font<m-12.0> w
..............\penalty 10000
..............\glue 0.0 plus 0.04004 minus 0.16003
..............\font<m-12.0> r
..............\penalty 10000
..............\glue 0.0 plus 0.04004 minus 0.16003
..............\font<m-12.0> i
..............\penalty 10000
..............\glue 0.0 plus 0.04004 minus 0.16003
..............\font<m-12.0> t
..............\penalty 10000
..............\glue 0.0 plus 0.04004 minus 0.16003
..............\font<m-12.0> e
..............\glue 2.75002 plus 2.75002 minus 1.375
..............\font<m-12.0> t
..............\penalty 10000
..............\glue 0.0 plus 0.04004 minus 0.16003
..............\font<m-12.0> o
..............\glue(\rightskip) 0.0
.............\penalty 10000
.............\glue(\baselineskip) 2.92284
.............\hbox(7.98604+3.091)x169.90706, glue set 148.40195fil
..............\font<m-12.0> y
..............\penalty 10000
..............\glue 0.0 plus 0.04004 minus 0.16003
..............\font<m-12.0> o
..............\penalty 10000
..............\glue 0.0 plus 0.04004 minus 0.16003
..............\font<m-12.0> u
..............\penalty 10000
..............\glue 0.0 plus 0.04004 minus 0.16003
..............\font<m-12.0> :
..............\beginL
..............\pdfsavepos
..............\write0{\noexpand \@parend {0}{\the \pdflastxpos }{\the \pdflastypos }{\the \lastdepth }}
..............\endL
..............\penalty 10000
..............\glue(\parfillskip) 0.0 plus 1.0fil
..............\glue(\rightskip) 0.0
.............\write0{\@parlen{3JN1.13}{1}{3}{m}{3JN1.13}{1}}
.............\glue(\parskip) 0.0
.............\glue(\baselineskip) 1.63045
.............\hbox(9.27843+3.091)x169.90706, glue set - 0.03133
..............\hbox(0.0+0.0)x0.0
..............\beginL
..............\pdfsavepos
..............\write0{\noexpand \@parstart {3JN1.14}{versetext}{m}{13.99988pt}{\the \pdflastxpos }{\the \pdflastypos }}
..............\endL
..............\special{pdf:dest (3JN.1:14) [@thispage /XYZ @xpos @ypos null]}
..............\hbox(5.98953+2.31825)x8.25005, shifted -3.2889
...............\font<v-12.0+m> 14
..............\kern 1.65001
..............\penalty 10000
..............\glue 0.0
..............\font<m-12.0> B
..............\penalty 10000
..............\glue 0.0 plus 0.04004 minus 0.16003
..............\font<m-12.0> u
..............\penalty 10000
..............\glue 0.0 plus 0.04004 minus 0.16003
..............\font<m-12.0> t
..............\glue 2.75002 plus 2.75002 minus 1.375
..............\font<m-12.0> I
..............\glue 2.75002 plus 2.74725 minus 1.37637
..............\font<m-12.0> t
..............\penalty 10000
..............\glue 0.0 plus 0.04004 minus 0.16003
..............\font<m-12.0> r
..............\penalty 10000
..............\glue 0.0 plus 0.04004 minus 0.16003
..............\font<m-12.0> u
..............\penalty 10000
..............\glue 0.0 plus 0.04004 minus 0.16003
..............\font<m-12.0> s
..............\penalty 10000
..............\glue 0.0 plus 0.04004 minus 0.16003
..............\font<m-12.0> t
..............\glue 2.75002 plus 2.75002 minus 1.375
..............\font<m-12.0> I
..............\glue 2.75002 plus 2.74725 minus 1.37637
..............\font<m-12.0> s
..............\penalty 10000
..............\glue 0.0 plus 0.04004 minus 0.16003
..............\font<m-12.0> h
..............\penalty 10000
..............\glue 0.0 plus 0.04004 minus 0.16003
..............\font<m-12.0> a
..............\penalty 10000
..............\glue 0.0 plus 0.04004 minus 0.16003
..............\font<m-12.0> l
..............\penalty 10000
..............\glue 0.0 plus 0.04004 minus 0.16003
..............\font<m-12.0> l
..............\glue 2.75002 plus 2.75002 minus 1.375
..............\font<m-12.0> s
..............\penalty 10000
..............\glue 0.0 plus 0.04004 minus 0.16003
..............\font<m-12.0> h
..............\penalty 10000
..............\glue 0.0 plus 0.04004 minus 0.16003
..............\font<m-12.0> o
..............\penalty 10000
..............\glue 0.0 plus 0.04004 minus 0.16003
..............\font<m-12.0> r
..............\penalty 10000
..............\glue 0.0 plus 0.04004 minus 0.16003
..............\font<m-12.0> t
..............\penalty 10000
..............\glue 0.0 plus 0.04004 minus 0.16003
..............\font<m-12.0> l
..............\penalty 10000
..............\glue 0.0 plus 0.04004 minus 0.16003
..............\font<m-12.0> y
..............\glue 2.75002 plus 2.75002 minus 1.375
..............\font<m-12.0> s
..............\penalty 10000
..............\glue 0.0 plus 0.04004 minus 0.16003
..............\font<m-12.0> e
..............\penalty 10000
..............\glue 0.0 plus 0.04004 minus 0.16003
..............\font<m-12.0> e
..............\glue 2.75002 plus 2.75002 minus 1.375
..............\font<m-12.0> y
..............\penalty 10000
..............\glue 0.0 plus 0.04004 minus 0.16003
..............\font<m-12.0> o
..............\penalty 10000
..............\glue 0.0 plus 0.04004 minus 0.16003
..............\font<m-12.0> u
..............\penalty 10000
..............\glue 0.0 plus 0.04004 minus 0.16003
..............\font<m-12.0> ,
..............\glue(\rightskip) 0.0
.............\mark{3 John:1:14}
.............\penalty 10000
.............\glue(\baselineskip) 2.92284
.............\hbox(7.98604+3.091)x169.90706, glue set - 0.90773
..............\font<m-12.0> a
..............\penalty 10000
..............\glue 0.0 plus 0.04004 minus 0.16003
..............\font<m-12.0> n
..............\penalty 10000
..............\glue 0.0 plus 0.04004 minus 0.16003
..............\font<m-12.0> d
..............\glue 2.75002 plus 2.75002 minus 1.375
..............\font<m-12.0> w
..............\penalty 10000
..............\glue 0.0 plus 0.04004 minus 0.16003
..............\font<m-12.0> e
..............\glue 2.75002 plus 2.75002 minus 1.375
..............\font<m-12.0> s
..............\penalty 10000
..............\glue 0.0 plus 0.04004 minus 0.16003
..............\font<m-12.0> h
..............\penalty 10000
..............\glue 0.0 plus 0.04004 minus 0.16003
..............\font<m-12.0> a
..............\penalty 10000
..............\glue 0.0 plus 0.04004 minus 0.16003
..............\font<m-12.0> l
..............\penalty 10000
..............\glue 0.0 plus 0.04004 minus 0.16003
..............\font<m-12.0> l
..............\glue 2.75002 plus 2.75002 minus 1.375
..............\font<m-12.0> s
..............\penalty 10000
..............\glue 0.0 plus 0.04004 minus 0.16003
..............\font<m-12.0> p
..............\penalty 10000
..............\glue 0.0 plus 0.04004 minus 0.16003
..............\font<m-12.0> e
..............\penalty 10000
..............\glue 0.0 plus 0.04004 minus 0.16003
..............\font<m-12.0> a
..............\penalty 10000
..............\glue 0.0 plus 0.04004 minus 0.16003
..............\font<m-12.0> k
..............\glue 2.75002 plus 2.75002 minus 1.375
..............\font<m-12.0> f
..............\penalty 10000
..............\glue 0.0 plus 0.04004 minus 0.16003
..............\font<m-12.0> a
..............\penalty 10000
..............\glue 0.0 plus 0.04004 minus 0.16003
..............\font<m-12.0> c
..............\penalty 10000
..............\glue 0.0 plus 0.04004 minus 0.16003
..............\font<m-12.0> e
..............\glue 2.75002 plus 2.75002 minus 1.375
..............\font<m-12.0> t
..............\penalty 10000
..............\glue 0.0 plus 0.04004 minus 0.16003
..............\font<m-12.0> o
..............\glue 2.75002 plus 2.75002 minus 1.375
..............\font<m-12.0> f
..............\penalty 10000
..............\glue 0.0 plus 0.04004 minus 0.16003
..............\font<m-12.0> a
..............\penalty 10000
..............\glue 0.0 plus 0.04004 minus 0.16003
..............\font<m-12.0> c
..............\penalty 10000
..............\glue 0.0 plus 0.04004 minus 0.16003
..............\font<m-12.0> e
..............\penalty 10000
..............\glue 0.0 plus 0.04004 minus 0.16003
..............\font<m-12.0> .
..............\glue 2.75002 plus 2.75002 minus 1.375
..............\font<m-12.0> P
..............\penalty 10000
..............\glue 0.0 plus 0.04004 minus 0.16003
..............\font<m-12.0> e
..............\penalty 10000
..............\glue 0.0 plus 0.04004 minus 0.16003
..............\font<m-12.0> a
..............\penalty 10000
..............\glue 0.0 plus 0.04004 minus 0.16003
..............\font<m-12.0> c
..............\penalty 10000
..............\glue 0.0 plus 0.04004 minus 0.16003
..............\font<m-12.0> e
..............\glue(\rightskip) 0.0
.............\glue(\baselineskip) 2.92284
.............\hbox(7.98604+3.091)x169.90706, glue set 0.3895
..............\font<m-12.0> b
..............\penalty 10000
..............\glue 0.0 plus 0.04004 minus 0.16003
..............\font<m-12.0> e
..............\glue 2.75002 plus 2.75002 minus 1.375
..............\font<m-12.0> t
..............\penalty 10000
..............\glue 0.0 plus 0.04004 minus 0.16003
..............\font<m-12.0> o
..............\glue 2.75002 plus 2.75002 minus 1.375
..............\font<m-12.0> y
..............\penalty 10000
..............\glue 0.0 plus 0.04004 minus 0.16003
..............\font<m-12.0> o
..............\penalty 10000
..............\glue 0.0 plus 0.04004 minus 0.16003
..............\font<m-12.0> u
..............\penalty 10000
..............\glue 0.0 plus 0.04004 minus 0.16003
..............\font<m-12.0> .
..............\glue 2.75002 plus 2.75002 minus 1.375
..............\font<m-12.0> O
..............\penalty 10000
..............\glue 0.0 plus 0.04004 minus 0.16003
..............\font<m-12.0> u
..............\penalty 10000
..............\glue 0.0 plus 0.04004 minus 0.16003
..............\font<m-12.0> r
..............\glue 2.75002 plus 2.75002 minus 1.375
..............\font<m-12.0> f
..............\penalty 10000
..............\glue 0.0 plus 0.04004 minus 0.16003
..............\font<m-12.0> r
..............\penalty 10000
..............\glue 0.0 plus 0.04004 minus 0.16003
..............\font<m-12.0> i
..............\penalty 10000
..............\glue 0.0 plus 0.04004 minus 0.16003
..............\font<m-12.0> e
..............\penalty 10000
..............\glue 0.0 plus 0.04004 minus 0.16003
..............\font<m-12.0> n
..............\penalty 10000
..............\glue 0.0 plus 0.04004 minus 0.16003
..............\font<m-12.0> d
..............\penalty 10000
..............\glue 0.0 plus 0.04004 minus 0.16003
..............\font<m-12.0> s
..............\glue 2.75002 plus 2.75002 minus 1.375
..............\font<m-12.0> s
..............\penalty 10000
..............\glue 0.0 plus 0.04004 minus 0.16003
..............\font<m-12.0> a
..............\penalty 10000
..............\glue 0.0 plus 0.04004 minus 0.16003
..............\font<m-12.0> l
..............\penalty 10000
..............\glue 0.0 plus 0.04004 minus 0.16003
..............\font<m-12.0> u
..............\penalty 10000
..............\glue 0.0 plus 0.04004 minus 0.16003
..............\font<m-12.0> t
..............\penalty 10000
..............\glue 0.0 plus 0.04004 minus 0.16003
..............\font<m-12.0> e
..............\glue 2.75002 plus 2.75002 minus 1.375
..............\font<m-12.0> y
..............\penalty 10000
..............\glue 0.0 plus 0.04004 minus 0.16003
..............\font<m-12.0> o
..............\penalty 10000
..............\glue 0.0 plus 0.04004 minus 0.16003
..............\font<m-12.0> u
..............\penalty 10000
..............\glue 0.0 plus 0.04004 minus 0.16003
..............\font<m-12.0> .
..............\glue(\rightskip) 0.0
.............\penalty 10000
.............\glue(\baselineskip) 2.92284
.............\hbox(7.98604+3.091)x169.90706, glue set 40.73332fil
..............\font<m-12.0> G
..............\penalty 10000
..............\glue 0.0 plus 0.04004 minus 0.16003
..............\font<m-12.0> r
..............\penalty 10000
..............\glue 0.0 plus 0.04004 minus 0.16003
..............\font<m-12.0> e
..............\penalty 10000
..............\glue 0.0 plus 0.04004 minus 0.16003
..............\font<m-12.0> e
..............\penalty 10000
..............\glue 0.0 plus 0.04004 minus 0.16003
..............\font<m-12.0> t
..............\glue 2.75002 plus 2.75002 minus 1.375
..............\font<m-12.0> t
..............\penalty 10000
..............\glue 0.0 plus 0.04004 minus 0.16003
..............\font<m-12.0> h
..............\penalty 10000
..............\glue 0.0 plus 0.04004 minus 0.16003
..............\font<m-12.0> e
..............\glue 2.75002 plus 2.75002 minus 1.375
..............\font<m-12.0> f
..............\penalty 10000
..............\glue 0.0 plus 0.04004 minus 0.16003
..............\font<m-12.0> r
..............\penalty 10000
..............\glue 0.0 plus 0.04004 minus 0.16003
..............\font<m-12.0> i
..............\penalty 10000
..............\glue 0.0 plus 0.04004 minus 0.16003
..............\font<m-12.0> e
..............\penalty 10000
..............\glue 0.0 plus 0.04004 minus 0.16003
..............\font<m-12.0> n
..............\penalty 10000
..............\glue 0.0 plus 0.04004 minus 0.16003
..............\font<m-12.0> d
..............\penalty 10000
..............\glue 0.0 plus 0.04004 minus 0.16003
..............\font<m-12.0> s
..............\glue 2.75002 plus 2.75002 minus 1.375
..............\font<m-12.0> b
..............\penalty 10000
..............\glue 0.0 plus 0.04004 minus 0.16003
..............\font<m-12.0> y
..............\glue 2.75002 plus 2.75002 minus 1.375
..............\font<m-12.0> n
..............\penalty 10000
..............\glue 0.0 plus 0.04004 minus 0.16003
..............\font<m-12.0> a
..............\penalty 10000
..............\glue 0.0 plus 0.04004 minus 0.16003
..............\font<m-12.0> m
..............\penalty 10000
..............\glue 0.0 plus 0.04004 minus 0.16003
..............\font<m-12.0> e
..............\penalty 10000
..............\glue 0.0 plus 0.04004 minus 0.16003
..............\font<m-12.0> .
..............\beginL
..............\pdfsavepos
..............\write0{\noexpand \@parend {0}{\the \pdflastxpos }{\the \pdflastypos }{\the \lastdepth }}
..............\endL
..............\penalty 10000
..............\glue(\parfillskip) 0.0 plus 1.0fil
..............\glue(\rightskip) 0.0
.............\write0{\@parlen{3JN1.14}{1}{4}{m}{3JN1.14}{1}}
.............\pdfsavepos
.............\write0{\string \@colstop {\the \pdflastxpos }{\the \pdflastypos }}
.............\glue 0.0 plus 1.0fil
............\hbox(0.0+0.0)x0.0
...........\kern 3.091
.......\glue(\parskip) 0.0
.......\glue(\lineskip) 0.0
.......\hbox(0.0+0.0)x169.90706, glue set 169.90706fil
........\hbox(0.0+0.0)x0.0
........\beginL
........\pdfsavepos
........\write0{\noexpand \@parpageend {\the \pdflastxpos }{\the \pdflastypos }{pageend}}
........\endL
........\penalty 10000
........\glue(\parfillskip) 0.0 plus 1.0fil
........\glue(\rightskip) 0.0
.....\glue(\lineskip) 0.0
.....\vbox(18.50212+3.091)x352.8142
......\kern 10.51608
......\hbox(7.98604+3.091)x352.8142, glue set 165.40704fil
.......\special{color push rgb 0 0 0}
.......\hbox(0.0+0.0)x0.0
........\hbox(0.0+0.0)x0.0
........\glue 0.0 plus 1.0fil minus 1.0fil
.......\glue 0.0 plus 1.0fil
.......\font<m-12.0> 1975
.......\glue 0.0 plus 1.0fil
.......\hbox(0.0+0.0)x0.0
........\glue 0.0 plus 1.0fil minus 1.0fil
........\hbox(0.0+0.0)x0.0
.......\special{color pop}
...\glue 0.0 plus 1.0fil minus 1.0fil
.\kern 29.87538

[1975] ptxfile 66JUDakjv-two-Default.USFM monoglot,
(no adjustment list "../../../shared/ptxprint/Default/AdjLists/66JUDakjv-two-Default.USFM.adj" found)
(no picture list "66JUDakjv-two-Default.USFM.piclist" found)
 (./66JUDakjv-two-Default.USFM First chapter for JUD [1976])
Underfill[B]: [1977] ht=349.99695pt, space=391.99658pt, baseline=13.99988pt
 [1977] ptxfile 67REVakjv-two-Default.USFM monoglot,
(no adjustment list "../../../shared/ptxprint/Default/AdjLists/67REVakjv-two-Default.USFM.adj" found)
(no picture list "67REVakjv-two-Default.USFM.piclist" found)
 (./67REVakjv-two-Default.USFM First chapter for REV
Underfill[A]: [1978] ht=391.99658pt, space=433.99815pt, baseline=13.99988pt
Underfill[B]: [1978] ht=391.99658pt, space=433.99815pt, baseline=13.99988pt
 [1978]
Underfill[A]: [1979] ht=489.99573pt, space=503.99754pt, baseline=13.99988pt
Underfill[B]: [1979] ht=489.99573pt, space=503.99754pt, baseline=13.99988pt
 [1979]
Underfill[A]: [1980] ht=461.99597pt, space=503.99754pt, baseline=13.99988pt
Underfill[B]: [1980] ht=461.99597pt, space=503.99754pt, baseline=13.99988pt
 [1980]
Underfill[A]: [1981] ht=475.99585pt, space=503.99754pt, baseline=13.99988pt
Underfill[B]: [1981] ht=475.99585pt, space=503.99754pt, baseline=13.99988pt
 [1981] [1982] [1983] [1984]
Underfill[A]: [1985] ht=461.99597pt, space=503.99754pt, baseline=13.99988pt
Underfill[B]: [1985] ht=461.99597pt, space=503.99754pt, baseline=13.99988pt
 [1985] [1986] [1987]
Underfill[A]: [1988] ht=489.99573pt, space=503.99754pt, baseline=13.99988pt
Underfill[B]: [1988] ht=489.99573pt, space=503.99754pt, baseline=13.99988pt
 [1988]
Underfill[A]: [1989] ht=489.99573pt, space=503.99754pt, baseline=13.99988pt
Underfill[B]: [1989] ht=489.99573pt, space=503.99754pt, baseline=13.99988pt
 [1989]
Underfill[A]: [1990] ht=475.99585pt, space=503.99754pt, baseline=13.99988pt
Underfill[B]: [1990] ht=475.99585pt, space=503.99754pt, baseline=13.99988pt
 [1990]
Underfill[A]: [1991] ht=489.99573pt, space=503.99754pt, baseline=13.99988pt
Underfill[B]: [1991] ht=489.99573pt, space=503.99754pt, baseline=13.99988pt
 [1991] [1992]
Underfill[A]: [1993] ht=475.99585pt, space=503.99754pt, baseline=13.99988pt
Underfill[B]: [1993] ht=475.99585pt, space=503.99754pt, baseline=13.99988pt
 [1993]
Underfill[A]: [1994] ht=489.99573pt, space=503.99754pt, baseline=13.99988pt
Underfill[B]: [1994] ht=489.99573pt, space=503.99754pt, baseline=13.99988pt
 [1994] [1995] [1996]
Underfill[A]: [1997] ht=489.99573pt, space=503.99754pt, baseline=13.99988pt
Underfill[B]: [1997] ht=489.99573pt, space=503.99754pt, baseline=13.99988pt
 [1997]
Underfill[A]: [1998] ht=447.9961pt, space=503.99754pt, baseline=13.99988pt
Underfill[B]: [1998] ht=447.9961pt, space=503.99754pt, baseline=13.99988pt
 [1998] [1999]
Underfill[A]: [2000] ht=475.99585pt, space=503.99754pt, baseline=13.99988pt
Underfill[B]: [2000] ht=475.99585pt, space=503.99754pt, baseline=13.99988pt
 [2000]
Underfill[A]: [2001] ht=489.99573pt, space=503.99754pt, baseline=13.99988pt
Underfill[B]: [2001] ht=489.99573pt, space=503.99754pt, baseline=13.99988pt
 [2001]
Underfill[A]: [2002] ht=489.99573pt, space=503.99754pt, baseline=13.99988pt
Underfill[B]: [2002] ht=489.99573pt, space=503.99754pt, baseline=13.99988pt
 [2002]
Underfill[A]: [2003] ht=419.99634pt, space=503.99754pt, baseline=13.99988pt
Underfill[B]: [2003] ht=419.99634pt, space=503.99754pt, baseline=13.99988pt
 [2003]
Underfill[A]: [2004] ht=489.99573pt, space=503.99754pt, baseline=13.99988pt
Underfill[B]: [2004] ht=489.99573pt, space=503.99754pt, baseline=13.99988pt
 [2004]
Underfill[A]: [2005] ht=433.99622pt, space=503.99754pt, baseline=13.99988pt
Underfill[B]: [2005] ht=433.99622pt, space=503.99754pt, baseline=13.99988pt
 [2005])
Underfill[B]: [2006] ht=125.9989pt, space=153.99866pt, baseline=13.99988pt
 [2006] ptxfile A9GLOakjv-two-Default.USFM monoglot,
(no adjustment list "../../../shared/ptxprint/Default/AdjLists/A9GLOakjv-two-Default.USFM.adj" found)
(no picture list "A9GLOakjv-two-Default.USFM.piclist" found)
 (./A9GLOakjv-two-Default.USFM
Overfull \vbox (21.59312pt too high) detected at line 59

\vbox(597.50787+0.0)x421.10078
.\kern 51.21964
.\vbox(534.91498+3.091)x421.10078
..\hbox(534.91498+3.091)x421.10078, glue set 34.1433fil
...\glue 0.0 plus 1.0fil minus 1.0fil
...\hbox(534.91498+3.091)x352.8142
....\vbox(534.91498+3.091)x352.8142
.....\vbox(0.0+0.0)x352.8142, glue set 15.00977fil
......\kern -51.21964
......\vbox(36.20987+0.0)x352.8142
.......\kern 28.50987
.......\vbox(7.7+0.0)x352.8142
........\hbox(0.0+0.0)x352.8142
.........\special{color push rgb 0 0 0}
.........\hbox(0.0+0.0)x352.8142, glue set 176.4071fil
..........\hbox(0.0+0.0)x0.0
...........\hbox(0.0+0.0)x0.0
...........\glue 0.0 plus 1.0fil minus 1.0fil
..........\glue 0.0 plus 1.0fil
..........\glue 0.0 plus 1.0fil
..........\hbox(0.0+0.0)x0.0
...........\glue 0.0 plus 1.0fil minus 1.0fil
...........\hbox(0.0+0.0)x0.0
.........\special{color pop}
......\glue 0.0 plus 1.0fil minus 1.0fil
.....\vbox(516.41286+0.0)x352.8142
......\vbox(465.08698+0.0)x352.8142
.......\vbox(465.08698+0.0)x352.8142
........\hbox(465.08698+0.0)x352.8142
.........\vbox(465.08698+0.0)x352.8142
..........\vbox(125.9989+0.0)x352.8142
...........\hbox(125.9989+0.0)x352.8142
............\vbox(125.9989+0.0)x352.8142
.............\hbox(125.9989+0.0)x352.8142
..............\vbox(125.9989+0.0)x352.8142
...............\pdfsavepos
...............\write0{\@colstart{125.9989pt}{0.0pt}{352.8142pt}{\the \pdflastxpos }{\the \pdflastypos }}
...............\mark{title}
...............\glue(\topskip) 0.0
...............\vbox(55.99951+0.0)x352.8142
................\kern 2.34462
................\glue 0.0
................\penalty 10000
................\penalty 10000
................\glue 38.77966
................\glue(\parskip) 0.0
................\hbox(9.11124+3.43068)x352.8142, glue set 0.42606
.................\glue(\leftskip) 0.0 plus 352.8142
.................\hbox(0.0+0.0)x0.0
.................\beginL
.................\pdfsavepos
.................\write0{\noexpand \@parstart {GLO0.1}{title}{mt3}{15.81985pt}{\the \pdflastxpos }{\the \pdflastypos }}
.................\endL
.................\special{pdf:dest (GLO.) [@thispage /Fit]}
.................\special{pdf:outline 0 << /Title (Appendix) /A << /S /GoTo /D (GLO.) >> >>}
.................\font<mt3-13.56> W
.................\penalty 10000
.................\glue 0.0 plus 0.04004 minus 0.16003
.................\font<mt3-13.56> o
.................\penalty 10000
.................\glue 0.0 plus 0.04004 minus 0.16003
.................\font<mt3-13.56> r
.................\penalty 10000
.................\glue 0.0 plus 0.04004 minus 0.16003
.................\font<mt3-13.56> d
.................\glue 3.10751 plus 3.10751 minus 1.55376
.................\font<mt3-13.56> L
.................\penalty 10000
.................\glue 0.0 plus 0.04004 minus 0.16003
.................\font<mt3-13.56> i
.................\penalty 10000
.................\glue 0.0 plus 0.04004 minus 0.16003
.................\font<mt3-13.56> s
.................\penalty 10000
.................\glue 0.0 plus 0.04004 minus 0.16003
.................\font<mt3-13.56> t
.................\beginL
.................\pdfsavepos
.................\write0{\noexpand \@parend {0}{\the \pdflastxpos }{\the \pdflastypos }{\the \lastdepth }}
.................\endL
.................\penalty 10000
.................\glue(\parfillskip) 0.0
.................\glue(\rightskip) 0.0 plus 352.8142
................\write0{\@parlen{GLO0.1}{1}{1}{mt3}{GLO0.1}{1}}
................\penalty 10000
................\glue 2.33331
...............\penalty 10000
...............\penalty 10000
...............\glue(\parskip) 0.0
...............\glue(\baselineskip) 6.01384
...............\hbox(7.98604+3.091)x352.8142, glue set 0.27625
................\hbox(0.0+0.0)x0.0
................\beginL
................\pdfsavepos
................\write0{\noexpand \@parstart {GLO0.1}{other}{ip}{13.99988pt}{\the \pdflastxpos }{\the \pdflastypos }}
................\endL
................\kern 7.22702
................\font<li1-12.0> F
................\penalty 10000
................\glue 0.0 plus 0.04004 minus 0.16003
................\font<li1-12.0> o
................\penalty 10000
................\glue 0.0 plus 0.04004 minus 0.16003
................\font<li1-12.0> l
................\penalty 10000
................\glue 0.0 plus 0.04004 minus 0.16003
................\font<li1-12.0> l
................\penalty 10000
................\glue 0.0 plus 0.04004 minus 0.16003
................\font<li1-12.0> o
................\penalty 10000
................\glue 0.0 plus 0.04004 minus 0.16003
................\font<li1-12.0> w
................\penalty 10000
................\glue 0.0 plus 0.04004 minus 0.16003
................\font<li1-12.0> i
................\penalty 10000
................\glue 0.0 plus 0.04004 minus 0.16003
................\font<li1-12.0> n
................\penalty 10000
................\glue 0.0 plus 0.04004 minus 0.16003
................\font<li1-12.0> g
................\glue 2.75002 plus 2.75002 minus 1.375
................\font<li1-12.0> i
................\penalty 10000
................\glue 0.0 plus 0.04004 minus 0.16003
................\font<li1-12.0> s
................\glue 2.75002 plus 2.75002 minus 1.375
................\font<li1-12.0> t
................\penalty 10000
................\glue 0.0 plus 0.04004 minus 0.16003
................\font<li1-12.0> h
................\penalty 10000
................\glue 0.0 plus 0.04004 minus 0.16003
................\font<li1-12.0> e
................\glue 2.75002 plus 2.75002 minus 1.375
................\font<li1-12.0> l
................\penalty 10000
................\glue 0.0 plus 0.04004 minus 0.16003
................\font<li1-12.0> i
................\penalty 10000
................\glue 0.0 plus 0.04004 minus 0.16003
................\font<li1-12.0> s
................\penalty 10000
................\glue 0.0 plus 0.04004 minus 0.16003
................\font<li1-12.0> t
................\glue 2.75002 plus 2.75002 minus 1.375
................\font<li1-12.0> o
................\penalty 10000
................\glue 0.0 plus 0.04004 minus 0.16003
................\font<li1-12.0> f
................\glue 2.75002 plus 2.75002 minus 1.375
................\font<li1-12.0> a
................\penalty 10000
................\glue 0.0 plus 0.04004 minus 0.16003
................\font<li1-12.0> r
................\penalty 10000
................\glue 0.0 plus 0.04004 minus 0.16003
................\font<li1-12.0> c
................\penalty 10000
................\glue 0.0 plus 0.04004 minus 0.16003
................\font<li1-12.0> h
................\penalty 10000
................\glue 0.0 plus 0.04004 minus 0.16003
................\font<li1-12.0> a
................\penalty 10000
................\glue 0.0 plus 0.04004 minus 0.16003
................\font<li1-12.0> i
................\penalty 10000
................\glue 0.0 plus 0.04004 minus 0.16003
................\font<li1-12.0> c
................\glue 2.75002 plus 2.75002 minus 1.375
................\font<li1-12.0> K
................\penalty 10000
................\glue 0.0 plus 0.04004 minus 0.16003
................\font<li1-12.0> J
................\penalty 10000
................\glue 0.0 plus 0.04004 minus 0.16003
................\font<li1-12.0> V
................\glue 2.75002 plus 2.74725 minus 1.37637
................\font<li1-12.0> w
................\penalty 10000
................\glue 0.0 plus 0.04004 minus 0.16003
................\font<li1-12.0> o
................\penalty 10000
................\glue 0.0 plus 0.04004 minus 0.16003
................\font<li1-12.0> r
................\penalty 10000
................\glue 0.0 plus 0.04004 minus 0.16003
................\font<li1-12.0> d
................\penalty 10000
................\glue 0.0 plus 0.04004 minus 0.16003
................\font<li1-12.0> s
................\glue 2.75002 plus 2.75002 minus 1.375
................\font<li1-12.0> w
................\penalty 10000
................\glue 0.0 plus 0.04004 minus 0.16003
................\font<li1-12.0> i
................\penalty 10000
................\glue 0.0 plus 0.04004 minus 0.16003
................\font<li1-12.0> t
................\penalty 10000
................\glue 0.0 plus 0.04004 minus 0.16003
................\font<li1-12.0> h
................\glue 2.75002 plus 2.75002 minus 1.375
................\font<li1-12.0> t
................\penalty 10000
................\glue 0.0 plus 0.04004 minus 0.16003
................\font<li1-12.0> h
................\penalty 10000
................\glue 0.0 plus 0.04004 minus 0.16003
................\font<li1-12.0> e
................\penalty 10000
................\glue 0.0 plus 0.04004 minus 0.16003
................\font<li1-12.0> i
................\penalty 10000
................\glue 0.0 plus 0.04004 minus 0.16003
................\font<li1-12.0> r
................\glue 2.75002 plus 2.75002 minus 1.375
................\font<li1-12.0> u
................\penalty 10000
................\glue 0.0 plus 0.04004 minus 0.16003
................\font<li1-12.0> p
................\penalty 10000
................\glue 0.0 plus 0.04004 minus 0.16003
................\font<li1-12.0> d
................\penalty 10000
................\glue 0.0 plus 0.04004 minus 0.16003
................\font<li1-12.0> a
................\penalty 10000
................\glue 0.0 plus 0.04004 minus 0.16003
................\font<li1-12.0> t
................\penalty 10000
................\glue 0.0 plus 0.04004 minus 0.16003
................\font<li1-12.0> e
................\penalty 10000
................\glue 0.0 plus 0.04004 minus 0.16003
................\font<li1-12.0> d
................\glue 2.75002 plus 2.75002 minus 1.375
................\font<li1-12.0> m
................\penalty 10000
................\glue 0.0 plus 0.04004 minus 0.16003
................\font<li1-12.0> o
................\penalty 10000
................\glue 0.0 plus 0.04004 minus 0.16003
................\font<li1-12.0> d
................\penalty 10000
................\glue 0.0 plus 0.04004 minus 0.16003
................\font<li1-12.0> e
................\penalty 10000
................\glue 0.0 plus 0.04004 minus 0.16003
................\font<li1-12.0> r
................\penalty 10000
................\glue 0.0 plus 0.04004 minus 0.16003
................\font<li1-12.0> n
................\glue(\rightskip) 0.0
...............\penalty 20000
...............\glue(\baselineskip) 2.92284
...............\hbox(7.98604+3.091)x352.8142, glue set 215.84142fil
................\font<li1-12.0> w
................\penalty 10000
................\glue 0.0 plus 0.04004 minus 0.16003
................\font<li1-12.0> o
................\penalty 10000
................\glue 0.0 plus 0.04004 minus 0.16003
................\font<li1-12.0> r
................\penalty 10000
................\glue 0.0 plus 0.04004 minus 0.16003
................\font<li1-12.0> d
................\glue 2.75002 plus 2.75002 minus 1.375
................\font<li1-12.0> o
................\penalty 10000
................\glue 0.0 plus 0.04004 minus 0.16003
................\font<li1-12.0> r
................\glue 2.75002 plus 2.75002 minus 1.375
................\font<li1-12.0> w
................\penalty 10000
................\glue 0.0 plus 0.04004 minus 0.16003
................\font<li1-12.0> o
................\penalty 10000
................\glue 0.0 plus 0.04004 minus 0.16003
................\font<li1-12.0> r
................\penalty 10000
................\glue 0.0 plus 0.04004 minus 0.16003
................\font<li1-12.0> d
................\penalty 10000
................\glue 0.0 plus 0.04004 minus 0.16003
................\font<li1-12.0> s
................\glue 2.75002 plus 2.75002 minus 1.375
................\font<li1-12.0> i
................\penalty 10000
................\glue 0.0 plus 0.04004 minus 0.16003
................\font<li1-12.0> n
................\glue 2.75002 plus 2.75002 minus 1.375
................\font<li1-12.0> t
................\penalty 10000
................\glue 0.0 plus 0.04004 minus 0.16003
................\font<li1-12.0> h
................\penalty 10000
................\glue 0.0 plus 0.04004 minus 0.16003
................\font<li1-12.0> e
................\glue 2.75002 plus 2.75002 minus 1.375
................\font<li1-12.0> A
................\penalty 10000
................\glue 0.0 plus 0.04004 minus 0.16003
................\font<li1-12.0> K
................\penalty 10000
................\glue 0.0 plus 0.04004 minus 0.16003
................\font<li1-12.0> J
................\penalty 10000
................\glue 0.0 plus 0.04004 minus 0.16003
................\font<li1-12.0> V
................\penalty 10000
................\glue 0.0 plus 0.04004 minus 0.16003
................\font<li1-12.0> .
................\beginL
................\pdfsavepos
................\write0{\noexpand \@parend {8}{\the \pdflastxpos }{\the \pdflastypos }{\the \lastdepth }}
................\endL
................\penalty 10000
................\glue(\parfillskip) 0.0 plus 1.0fil
................\glue(\rightskip) 0.0
...............\write0{\@parlen{GLO0.1}{2}{2}{ip}{GLO0.1}{2}}
...............\mark{intro}
...............\mark{intro}
...............\glue -3.091
...............\glue 0.0
...............\glue(\lineskip) 0.0
...............\vbox(27.99976+0.0)x352.8142
................\kern 13.87308
................\glue -9.33325
................\penalty 10000
................\penalty 10000
................\glue 9.33325
................\glue(\parskip) 0.0
................\hbox(9.24005+3.311)x352.8142, glue set 0.43642
.................\glue(\leftskip) 0.0 plus 352.8142
.................\hbox(0.0+0.0)x0.0
.................\beginL
.................\pdfsavepos
.................\write0{\noexpand \@parstart {GLO0.1}{section}{is1}{16.33319pt}{\the \pdflastxpos }{\the \pdflastypos }}
.................\endL
.................\font<is1-14.0> —
.................\glue 3.20836 plus 3.20836 minus 1.60417
.................\font<is1-14.0> A
.................\glue 3.20836 plus 3.20514 minus 1.60577
.................\font<is1-14.0> —
.................\beginL
.................\pdfsavepos
.................\write0{\noexpand \@parend {0}{\the \pdflastxpos }{\the \pdflastypos }{\the \lastdepth }}
.................\endL
.................\penalty 10000
.................\glue(\parfillskip) 0.0
.................\glue(\rightskip) 0.0 plus 352.8142
................\write0{\@parlen{GLO0.1}{3}{1}{is1}{GLO0.1}{3}}
................\penalty 10000
................\glue 4.66663
................\glue -3.091
...............\penalty 10000
...............\penalty 10000
...............\mark{intro}
...............\penalty 10000
...............\penalty -101
...............\glue 13.99988
...............\pdfsavepos
...............\write0{\string \@colstop {\the \pdflastxpos }{\the \pdflastypos }}
...............\glue 0.0 plus 1.0fil
..............\hbox(0.0+0.0)x0.0
...........\glue 0.0
..........\glue(\lineskip) 0.0
..........\vbox(339.08807+0.0)x352.8142
...........\hbox(335.99707+0.0)x352.8142, glue set 6.00005fil
............\vbox(335.99707+0.0)x169.90706
.............\pdfsavepos
.............\write0{\@colstart{335.99707pt}{3.091pt}{169.90706pt}{\the \pdflastxpos }{\the \pdflastypos }}
.............\glue(\topskip) 6.01384
.............\hbox(7.98604+3.091)x169.90706, glue set 82.64357fil
..............\glue(\leftskip) 28.9081
..............\hbox(0.0+0.0)x0.0
..............\beginL
..............\pdfsavepos
..............\write0{\noexpand \@parstart {GLO0.1}{versetext}{li1}{13.99988pt}{\the \pdflastxpos }{\the \pdflastypos }}
..............\endL
..............\kern -21.68108
..............\font<li1-12.0> a
..............\penalty 10000
..............\glue 0.0 plus 0.04004 minus 0.16003
..............\font<li1-12.0> b
..............\penalty 10000
..............\glue 0.0 plus 0.04004 minus 0.16003
..............\font<li1-12.0> h
..............\penalty 10000
..............\glue 0.0 plus 0.04004 minus 0.16003
..............\font<li1-12.0> o
..............\penalty 10000
..............\glue 0.0 plus 0.04004 minus 0.16003
..............\font<li1-12.0> r
..............\penalty 10000
..............\glue 0.0 plus 0.04004 minus 0.16003
..............\font<li1-12.0> r
..............\penalty 10000
..............\glue 0.0 plus 0.04004 minus 0.16003
..............\font<li1-12.0> e
..............\penalty 10000
..............\glue 0.0 plus 0.04004 minus 0.16003
..............\font<li1-12.0> s
..............\penalty 10000
..............\glue 0.0 plus 0.04004 minus 0.16003
..............\font<li1-12.0> t
..............\penalty 10000
..............\glue 0.0 plus 0.04004 minus 0.16003
..............\font<li1-12.0> ,
..............\glue 2.75002 plus 2.75002 minus 1.375
..............\font<li1-12.0> a
..............\penalty 10000
..............\glue 0.0 plus 0.04004 minus 0.16003
..............\font<li1-12.0> b
..............\penalty 10000
..............\glue 0.0 plus 0.04004 minus 0.16003
..............\font<li1-12.0> h
..............\penalty 10000
..............\glue 0.0 plus 0.04004 minus 0.16003
..............\font<li1-12.0> o
..............\penalty 10000
..............\glue 0.0 plus 0.04004 minus 0.16003
..............\font<li1-12.0> r
..............\beginL
..............\pdfsavepos
..............\write0{\noexpand \@parend {0}{\the \pdflastxpos }{\the \pdflastypos }{\the \lastdepth }}
..............\endL
..............\penalty 10000
..............\glue(\parfillskip) 0.0 plus 1.0fil
..............\glue(\rightskip) 0.0
.............\write0{\@parlen{GLO0.1}{4}{1}{li1}{GLO0.1}{4}}
.............\glue(\parskip) 0.0
.............\glue(\baselineskip) 2.92284
.............\hbox(7.98604+3.091)x169.90706, glue set 76.24153fil
..............\glue(\leftskip) 28.9081
..............\hbox(0.0+0.0)x0.0
..............\beginL
..............\pdfsavepos
..............\write0{\noexpand \@parstart {GLO0.1}{versetext}{li1}{13.99988pt}{\the \pdflastxpos }{\the \pdflastypos }}
..............\endL
..............\kern -21.68108
..............\font<li1-12.0> a
..............\penalty 10000
..............\glue 0.0 plus 0.04004 minus 0.16003
..............\font<li1-12.0> b
..............\penalty 10000
..............\glue 0.0 plus 0.04004 minus 0.16003
..............\font<li1-12.0> h
..............\penalty 10000
..............\glue 0.0 plus 0.04004 minus 0.16003
..............\font<li1-12.0> o
..............\penalty 10000
..............\glue 0.0 plus 0.04004 minus 0.16003
..............\font<li1-12.0> r
..............\penalty 10000
..............\glue 0.0 plus 0.04004 minus 0.16003
..............\font<li1-12.0> r
..............\penalty 10000
..............\glue 0.0 plus 0.04004 minus 0.16003
..............\font<li1-12.0> e
..............\penalty 10000
..............\glue 0.0 plus 0.04004 minus 0.16003
..............\font<li1-12.0> t
..............\penalty 10000
..............\glue 0.0 plus 0.04004 minus 0.16003
..............\font<li1-12.0> h
..............\penalty 10000
..............\glue 0.0 plus 0.04004 minus 0.16003
..............\font<li1-12.0> ,
..............\glue 2.75002 plus 2.75002 minus 1.375
..............\font<li1-12.0> a
..............\penalty 10000
..............\glue 0.0 plus 0.04004 minus 0.16003
..............\font<li1-12.0> b
..............\penalty 10000
..............\glue 0.0 plus 0.04004 minus 0.16003
..............\font<li1-12.0> h
..............\penalty 10000
..............\glue 0.0 plus 0.04004 minus 0.16003
..............\font<li1-12.0> o
..............\penalty 10000
..............\glue 0.0 plus 0.04004 minus 0.16003
..............\font<li1-12.0> r
..............\penalty 10000
..............\glue 0.0 plus 0.04004 minus 0.16003
..............\font<li1-12.0> s
..............\beginL
..............\pdfsavepos
..............\write0{\noexpand \@parend {0}{\the \pdflastxpos }{\the \pdflastypos }{\the \lastdepth }}
..............\endL
..............\penalty 10000
..............\glue(\parfillskip) 0.0 plus 1.0fil
..............\glue(\rightskip) 0.0
.............\write0{\@parlen{GLO0.1}{5}{1}{li1}{GLO0.1}{5}}
.............\glue(\parskip) 0.0
.............\glue(\baselineskip) 2.92284
.............\hbox(7.98604+3.091)x169.90706, glue set 95.93167fil
..............\glue(\leftskip) 28.9081
..............\hbox(0.0+0.0)x0.0
..............\beginL
..............\pdfsavepos
..............\write0{\noexpand \@parstart {GLO0.1}{versetext}{li1}{13.99988pt}{\the \pdflastxpos }{\the \pdflastypos }}
..............\endL
..............\kern -21.68108
..............\font<li1-12.0> a
..............\penalty 10000
..............\glue 0.0 plus 0.04004 minus 0.16003
..............\font<li1-12.0> b
..............\penalty 10000
..............\glue 0.0 plus 0.04004 minus 0.16003
..............\font<li1-12.0> i
..............\penalty 10000
..............\glue 0.0 plus 0.04004 minus 0.16003
..............\font<li1-12.0> d
..............\penalty 10000
..............\glue 0.0 plus 0.04004 minus 0.16003
..............\font<li1-12.0> e
..............\penalty 10000
..............\glue 0.0 plus 0.04004 minus 0.16003
..............\font<li1-12.0> t
..............\penalty 10000
..............\glue 0.0 plus 0.04004 minus 0.16003
..............\font<li1-12.0> h
..............\penalty 10000
..............\glue 0.0 plus 0.04004 minus 0.16003
..............\font<li1-12.0> ,
..............\glue 2.75002 plus 2.75002 minus 1.375
..............\font<li1-12.0> s
..............\penalty 10000
..............\glue 0.0 plus 0.04004 minus 0.16003
..............\font<li1-12.0> t
..............\penalty 10000
..............\glue 0.0 plus 0.04004 minus 0.16003
..............\font<li1-12.0> a
..............\penalty 10000
..............\glue 0.0 plus 0.04004 minus 0.16003
..............\font<li1-12.0> y
..............\penalty 10000
..............\glue 0.0 plus 0.04004 minus 0.16003
..............\font<li1-12.0> s
..............\beginL
..............\pdfsavepos
..............\write0{\noexpand \@parend {0}{\the \pdflastxpos }{\the \pdflastypos }{\the \lastdepth }}
..............\endL
..............\penalty 10000
..............\glue(\parfillskip) 0.0 plus 1.0fil
..............\glue(\rightskip) 0.0
.............\write0{\@parlen{GLO0.1}{6}{1}{li1}{GLO0.1}{6}}
.............\glue(\parskip) 0.0
.............\glue(\baselineskip) 2.92284
.............\hbox(7.98604+3.091)x169.90706, glue set 95.74467fil
..............\glue(\leftskip) 28.9081
..............\hbox(0.0+0.0)x0.0
..............\beginL
..............\pdfsavepos
..............\write0{\noexpand \@parstart {GLO0.1}{versetext}{li1}{13.99988pt}{\the \pdflastxpos }{\the \pdflastypos }}
..............\endL
..............\kern -21.68108
..............\font<li1-12.0> a
..............\penalty 10000
..............\glue 0.0 plus 0.04004 minus 0.16003
..............\font<li1-12.0> b
..............\penalty 10000
..............\glue 0.0 plus 0.04004 minus 0.16003
..............\font<li1-12.0> o
..............\penalty 10000
..............\glue 0.0 plus 0.04004 minus 0.16003
..............\font<li1-12.0> d
..............\penalty 10000
..............\glue 0.0 plus 0.04004 minus 0.16003
..............\font<li1-12.0> e
..............\penalty 10000
..............\glue 0.0 plus 0.04004 minus 0.16003
..............\font<li1-12.0> ,
..............\glue 2.75002 plus 2.75002 minus 1.375
..............\font<li1-12.0> s
..............\penalty 10000
..............\glue 0.0 plus 0.04004 minus 0.16003
..............\font<li1-12.0> t
..............\penalty 10000
..............\glue 0.0 plus 0.04004 minus 0.16003
..............\font<li1-12.0> a
..............\penalty 10000
..............\glue 0.0 plus 0.04004 minus 0.16003
..............\font<li1-12.0> y
..............\penalty 10000
..............\glue 0.0 plus 0.04004 minus 0.16003
..............\font<li1-12.0> e
..............\penalty 10000
..............\glue 0.0 plus 0.04004 minus 0.16003
..............\font<li1-12.0> d
..............\beginL
..............\pdfsavepos
..............\write0{\noexpand \@parend {0}{\the \pdflastxpos }{\the \pdflastypos }{\the \lastdepth }}
..............\endL
..............\penalty 10000
..............\glue(\parfillskip) 0.0 plus 1.0fil
..............\glue(\rightskip) 0.0
.............\write0{\@parlen{GLO0.1}{7}{1}{li1}{GLO0.1}{7}}
.............\glue(\parskip) 0.0
.............\glue(\baselineskip) 2.92284
.............\hbox(7.98604+3.091)x169.90706, glue set 87.49463fil
..............\glue(\leftskip) 28.9081
..............\hbox(0.0+0.0)x0.0
..............\beginL
..............\pdfsavepos
..............\write0{\noexpand \@parstart {GLO0.1}{versetext}{li1}{13.99988pt}{\the \pdflastxpos }{\the \pdflastypos }}
..............\endL
..............\kern -21.68108
..............\font<li1-12.0> a
..............\penalty 10000
..............\glue 0.0 plus 0.04004 minus 0.16003
..............\font<li1-12.0> b
..............\penalty 10000
..............\glue 0.0 plus 0.04004 minus 0.16003
..............\font<li1-12.0> o
..............\penalty 10000
..............\glue 0.0 plus 0.04004 minus 0.16003
..............\font<li1-12.0> d
..............\penalty 10000
..............\glue 0.0 plus 0.04004 minus 0.16003
..............\font<li1-12.0> e
..............\penalty 10000
..............\glue 0.0 plus 0.04004 minus 0.16003
..............\font<li1-12.0> s
..............\penalty 10000
..............\glue 0.0 plus 0.04004 minus 0.16003
..............\font<li1-12.0> t
..............\penalty 10000
..............\glue 0.0 plus 0.04004 minus 0.16003
..............\font<li1-12.0> ,
..............\glue 2.75002 plus 2.75002 minus 1.375
..............\font<li1-12.0> s
..............\penalty 10000
..............\glue 0.0 plus 0.04004 minus 0.16003
..............\font<li1-12.0> t
..............\penalty 10000
..............\glue 0.0 plus 0.04004 minus 0.16003
..............\font<li1-12.0> a
..............\penalty 10000
..............\glue 0.0 plus 0.04004 minus 0.16003
..............\font<li1-12.0> y
..............\penalty 10000
..............\glue 0.0 plus 0.04004 minus 0.16003
..............\font<li1-12.0> e
..............\penalty 10000
..............\glue 0.0 plus 0.04004 minus 0.16003
..............\font<li1-12.0> d
..............\beginL
..............\pdfsavepos
..............\write0{\noexpand \@parend {0}{\the \pdflastxpos }{\the \pdflastypos }{\the \lastdepth }}
..............\endL
..............\penalty 10000
..............\glue(\parfillskip) 0.0 plus 1.0fil
..............\glue(\rightskip) 0.0
.............\write0{\@parlen{GLO0.1}{8}{1}{li1}{GLO0.1}{8}}
.............\glue(\parskip) 0.0
.............\glue(\baselineskip) 2.92284
.............\hbox(7.98604+3.091)x169.90706, glue set 62.56847fil
..............\glue(\leftskip) 28.9081
..............\hbox(0.0+0.0)x0.0
..............\beginL
..............\pdfsavepos
..............\write0{\noexpand \@parstart {GLO0.1}{versetext}{li1}{13.99988pt}{\the \pdflastxpos }{\the \pdflastypos }}
..............\endL
..............\kern -21.68108
..............\font<li1-12.0> a
..............\penalty 10000
..............\glue 0.0 plus 0.04004 minus 0.16003
..............\font<li1-12.0> b
..............\penalty 10000
..............\glue 0.0 plus 0.04004 minus 0.16003
..............\font<li1-12.0> o
..............\penalty 10000
..............\glue 0.0 plus 0.04004 minus 0.16003
..............\font<li1-12.0> u
..............\penalty 10000
..............\glue 0.0 plus 0.04004 minus 0.16003
..............\font<li1-12.0> n
..............\penalty 10000
..............\glue 0.0 plus 0.04004 minus 0.16003
..............\font<li1-12.0> d
..............\penalty 10000
..............\glue 0.0 plus 0.04004 minus 0.16003
..............\font<li1-12.0> e
..............\penalty 10000
..............\glue 0.0 plus 0.04004 minus 0.16003
..............\font<li1-12.0> t
..............\penalty 10000
..............\glue 0.0 plus 0.04004 minus 0.16003
..............\font<li1-12.0> h
..............\penalty 10000
..............\glue 0.0 plus 0.04004 minus 0.16003
..............\font<li1-12.0> ,
..............\glue 2.75002 plus 2.75002 minus 1.375
..............\font<li1-12.0> a
..............\penalty 10000
..............\glue 0.0 plus 0.04004 minus 0.16003
..............\font<li1-12.0> b
..............\penalty 10000
..............\glue 0.0 plus 0.04004 minus 0.16003
..............\font<li1-12.0> o
..............\penalty 10000
..............\glue 0.0 plus 0.04004 minus 0.16003
..............\font<li1-12.0> u
..............\penalty 10000
..............\glue 0.0 plus 0.04004 minus 0.16003
..............\font<li1-12.0> n
..............\penalty 10000
..............\glue 0.0 plus 0.04004 minus 0.16003
..............\font<li1-12.0> d
..............\penalty 10000
..............\glue 0.0 plus 0.04004 minus 0.16003
..............\font<li1-12.0> s
..............\beginL
..............\pdfsavepos
..............\write0{\noexpand \@parend {0}{\the \pdflastxpos }{\the \pdflastypos }{\the \lastdepth }}
..............\endL
..............\penalty 10000
..............\glue(\parfillskip) 0.0 plus 1.0fil
..............\glue(\rightskip) 0.0
.............\write0{\@parlen{GLO0.1}{9}{1}{li1}{GLO0.1}{9}}
.............\glue(\parskip) 0.0
.............\glue(\baselineskip) 2.92284
.............\hbox(7.98604+3.091)x169.90706, glue set 82.19258fil
..............\glue(\leftskip) 28.9081
..............\hbox(0.0+0.0)x0.0
..............\beginL
..............\pdfsavepos
..............\write0{\noexpand \@parstart {GLO0.1}{versetext}{li1}{13.99988pt}{\the \pdflastxpos }{\the \pdflastypos }}
..............\endL
..............\kern -21.68108
..............\font<li1-12.0> a
..............\penalty 10000
..............\glue 0.0 plus 0.04004 minus 0.16003
..............\font<li1-12.0> c
..............\penalty 10000
..............\glue 0.0 plus 0.04004 minus 0.16003
..............\font<li1-12.0> c
..............\penalty 10000
..............\glue 0.0 plus 0.04004 minus 0.16003
..............\font<li1-12.0> e
..............\penalty 10000
..............\glue 0.0 plus 0.04004 minus 0.16003
..............\font<li1-12.0> p
..............\penalty 10000
..............\glue 0.0 plus 0.04004 minus 0.16003
..............\font<li1-12.0> t
..............\penalty 10000
..............\glue 0.0 plus 0.04004 minus 0.16003
..............\font<li1-12.0> e
..............\penalty 10000
..............\glue 0.0 plus 0.04004 minus 0.16003
..............\font<li1-12.0> s
..............\penalty 10000
..............\glue 0.0 plus 0.04004 minus 0.16003
..............\font<li1-12.0> t
..............\penalty 10000
..............\glue 0.0 plus 0.04004 minus 0.16003
..............\font<li1-12.0> ,
..............\glue 2.75002 plus 2.75002 minus 1.375
..............\font<li1-12.0> a
..............\penalty 10000
..............\glue 0.0 plus 0.04004 minus 0.16003
..............\font<li1-12.0> c
..............\penalty 10000
..............\glue 0.0 plus 0.04004 minus 0.16003
..............\font<li1-12.0> c
..............\penalty 10000
..............\glue 0.0 plus 0.04004 minus 0.16003
..............\font<li1-12.0> e
..............\penalty 10000
..............\glue 0.0 plus 0.04004 minus 0.16003
..............\font<li1-12.0> p
..............\penalty 10000
..............\glue 0.0 plus 0.04004 minus 0.16003
..............\font<li1-12.0> t
..............\beginL
..............\pdfsavepos
..............\write0{\noexpand \@parend {0}{\the \pdflastxpos }{\the \pdflastypos }{\the \lastdepth }}
..............\endL
..............\penalty 10000
..............\glue(\parfillskip) 0.0 plus 1.0fil
..............\glue(\rightskip) 0.0
.............\write0{\@parlen{GLO0.1}{10}{1}{li1}{GLO0.1}{10}}
.............\glue(\parskip) 0.0
.............\glue(\baselineskip) 2.92284
.............\hbox(7.98604+3.091)x169.90706, glue set 75.79054fil
..............\glue(\leftskip) 28.9081
..............\hbox(0.0+0.0)x0.0
..............\beginL
..............\pdfsavepos
..............\write0{\noexpand \@parstart {GLO0.1}{versetext}{li1}{13.99988pt}{\the \pdflastxpos }{\the \pdflastypos }}
..............\endL
..............\kern -21.68108
..............\font<li1-12.0> a
..............\penalty 10000
..............\glue 0.0 plus 0.04004 minus 0.16003
..............\font<li1-12.0> c
..............\penalty 10000
..............\glue 0.0 plus 0.04004 minus 0.16003
..............\font<li1-12.0> c
..............\penalty 10000
..............\glue 0.0 plus 0.04004 minus 0.16003
..............\font<li1-12.0> e
..............\penalty 10000
..............\glue 0.0 plus 0.04004 minus 0.16003
..............\font<li1-12.0> p
..............\penalty 10000
..............\glue 0.0 plus 0.04004 minus 0.16003
..............\font<li1-12.0> t
..............\penalty 10000
..............\glue 0.0 plus 0.04004 minus 0.16003
..............\font<li1-12.0> e
..............\penalty 10000
..............\glue 0.0 plus 0.04004 minus 0.16003
..............\font<li1-12.0> t
..............\penalty 10000
..............\glue 0.0 plus 0.04004 minus 0.16003
..............\font<li1-12.0> h
..............\penalty 10000
..............\glue 0.0 plus 0.04004 minus 0.16003
..............\font<li1-12.0> ,
..............\glue 2.75002 plus 2.75002 minus 1.375
..............\font<li1-12.0> a
..............\penalty 10000
..............\glue 0.0 plus 0.04004 minus 0.16003
..............\font<li1-12.0> c
..............\penalty 10000
..............\glue 0.0 plus 0.04004 minus 0.16003
..............\font<li1-12.0> c
..............\penalty 10000
..............\glue 0.0 plus 0.04004 minus 0.16003
..............\font<li1-12.0> e
..............\penalty 10000
..............\glue 0.0 plus 0.04004 minus 0.16003
..............\font<li1-12.0> p
..............\penalty 10000
..............\glue 0.0 plus 0.04004 minus 0.16003
..............\font<li1-12.0> t
..............\penalty 10000
..............\glue 0.0 plus 0.04004 minus 0.16003
..............\font<li1-12.0> s
..............\beginL
..............\pdfsavepos
..............\write0{\noexpand \@parend {0}{\the \pdflastxpos }{\the \pdflastypos }{\the \lastdepth }}
..............\endL
..............\penalty 10000
..............\glue(\parfillskip) 0.0 plus 1.0fil
..............\glue(\rightskip) 0.0
.............\write0{\@parlen{GLO0.1}{11}{1}{li1}{GLO0.1}{11}}
.............\glue(\parskip) 0.0
.............\glue(\baselineskip) 2.92284
.............\hbox(7.98604+3.091)x169.90706, glue set 78.85953fil
..............\glue(\leftskip) 28.9081
..............\hbox(0.0+0.0)x0.0
..............\beginL
..............\pdfsavepos
..............\write0{\noexpand \@parstart {GLO0.1}{versetext}{li1}{13.99988pt}{\the \pdflastxpos }{\the \pdflastypos }}
..............\endL
..............\kern -21.68108
..............\font<li1-12.0> a
..............\penalty 10000
..............\glue 0.0 plus 0.04004 minus 0.16003
..............\font<li1-12.0> c
..............\penalty 10000
..............\glue 0.0 plus 0.04004 minus 0.16003
..............\font<li1-12.0> c
..............\penalty 10000
..............\glue 0.0 plus 0.04004 minus 0.16003
..............\font<li1-12.0> u
..............\penalty 10000
..............\glue 0.0 plus 0.04004 minus 0.16003
..............\font<li1-12.0> s
..............\penalty 10000
..............\glue 0.0 plus 0.04004 minus 0.16003
..............\font<li1-12.0> e
..............\penalty 10000
..............\glue 0.0 plus 0.04004 minus 0.16003
..............\font<li1-12.0> t
..............\penalty 10000
..............\glue 0.0 plus 0.04004 minus 0.16003
..............\font<li1-12.0> h
..............\penalty 10000
..............\glue 0.0 plus 0.04004 minus 0.16003
..............\font<li1-12.0> ,
..............\glue 2.75002 plus 2.75002 minus 1.375
..............\font<li1-12.0> a
..............\penalty 10000
..............\glue 0.0 plus 0.04004 minus 0.16003
..............\font<li1-12.0> c
..............\penalty 10000
..............\glue 0.0 plus 0.04004 minus 0.16003
..............\font<li1-12.0> c
..............\penalty 10000
..............\glue 0.0 plus 0.04004 minus 0.16003
..............\font<li1-12.0> u
..............\penalty 10000
..............\glue 0.0 plus 0.04004 minus 0.16003
..............\font<li1-12.0> s
..............\penalty 10000
..............\glue 0.0 plus 0.04004 minus 0.16003
..............\font<li1-12.0> e
..............\penalty 10000
..............\glue 0.0 plus 0.04004 minus 0.16003
..............\font<li1-12.0> s
..............\beginL
..............\pdfsavepos
..............\write0{\noexpand \@parend {0}{\the \pdflastxpos }{\the \pdflastypos }{\the \lastdepth }}
..............\endL
..............\penalty 10000
..............\glue(\parfillskip) 0.0 plus 1.0fil
..............\glue(\rightskip) 0.0
.............\write0{\@parlen{GLO0.1}{12}{1}{li1}{GLO0.1}{12}}
.............\glue(\parskip) 0.0
.............\glue(\baselineskip) 2.92284
.............\hbox(7.98604+3.091)x169.90706, glue set 13.21121fil
..............\glue(\leftskip) 28.9081
..............\hbox(0.0+0.0)x0.0
..............\beginL
..............\pdfsavepos
..............\write0{\noexpand \@parstart {GLO0.1}{versetext}{li1}{13.99988pt}{\the \pdflastxpos }{\the \pdflastypos }}
..............\endL
..............\kern -21.68108
..............\font<li1-12.0> a
..............\penalty 10000
..............\glue 0.0 plus 0.04004 minus 0.16003
..............\font<li1-12.0> c
..............\penalty 10000
..............\glue 0.0 plus 0.04004 minus 0.16003
..............\font<li1-12.0> k
..............\penalty 10000
..............\glue 0.0 plus 0.04004 minus 0.16003
..............\font<li1-12.0> n
..............\penalty 10000
..............\glue 0.0 plus 0.04004 minus 0.16003
..............\font<li1-12.0> o
..............\penalty 10000
..............\glue 0.0 plus 0.04004 minus 0.16003
..............\font<li1-12.0> w
..............\penalty 10000
..............\glue 0.0 plus 0.04004 minus 0.16003
..............\font<li1-12.0> l
..............\penalty 10000
..............\glue 0.0 plus 0.04004 minus 0.16003
..............\font<li1-12.0> e
..............\penalty 10000
..............\glue 0.0 plus 0.04004 minus 0.16003
..............\font<li1-12.0> d
..............\penalty 10000
..............\glue 0.0 plus 0.04004 minus 0.16003
..............\font<li1-12.0> g
..............\penalty 10000
..............\glue 0.0 plus 0.04004 minus 0.16003
..............\font<li1-12.0> e
..............\penalty 10000
..............\glue 0.0 plus 0.04004 minus 0.16003
..............\font<li1-12.0> t
..............\penalty 10000
..............\glue 0.0 plus 0.04004 minus 0.16003
..............\font<li1-12.0> h
..............\penalty 10000
..............\glue 0.0 plus 0.04004 minus 0.16003
..............\font<li1-12.0> ,
..............\glue 2.75002 plus 2.75002 minus 1.375
..............\font<li1-12.0> a
..............\penalty 10000
..............\glue 0.0 plus 0.04004 minus 0.16003
..............\font<li1-12.0> c
..............\penalty 10000
..............\glue 0.0 plus 0.04004 minus 0.16003
..............\font<li1-12.0> k
..............\penalty 10000
..............\glue 0.0 plus 0.04004 minus 0.16003
..............\font<li1-12.0> n
..............\penalty 10000
..............\glue 0.0 plus 0.04004 minus 0.16003
..............\font<li1-12.0> o
..............\penalty 10000
..............\glue 0.0 plus 0.04004 minus 0.16003
..............\font<li1-12.0> w
..............\penalty 10000
..............\glue 0.0 plus 0.04004 minus 0.16003
..............\font<li1-12.0> l
..............\penalty 10000
..............\glue 0.0 plus 0.04004 minus 0.16003
..............\font<li1-12.0> e
..............\penalty 10000
..............\glue 0.0 plus 0.04004 minus 0.16003
..............\font<li1-12.0> d
..............\penalty 10000
..............\glue 0.0 plus 0.04004 minus 0.16003
..............\font<li1-12.0> g
..............\penalty 10000
..............\glue 0.0 plus 0.04004 minus 0.16003
..............\font<li1-12.0> e
..............\penalty 10000
..............\glue 0.0 plus 0.04004 minus 0.16003
..............\font<li1-12.0> s
..............\beginL
..............\pdfsavepos
..............\write0{\noexpand \@parend {0}{\the \pdflastxpos }{\the \pdflastypos }{\the \lastdepth }}
..............\endL
..............\penalty 10000
..............\glue(\parfillskip) 0.0 plus 1.0fil
..............\glue(\rightskip) 0.0
.............\write0{\@parlen{GLO0.1}{13}{1}{li1}{GLO0.1}{13}}
.............\glue(\parskip) 0.0
.............\glue(\baselineskip) 2.92284
.............\hbox(7.98604+3.091)x169.90706, glue set 99.37468fil
..............\glue(\leftskip) 28.9081
..............\hbox(0.0+0.0)x0.0
..............\beginL
..............\pdfsavepos
..............\write0{\noexpand \@parstart {GLO0.1}{versetext}{li1}{13.99988pt}{\the \pdflastxpos }{\the \pdflastypos }}
..............\endL
..............\kern -21.68108
..............\font<li1-12.0> a
..............\penalty 10000
..............\glue 0.0 plus 0.04004 minus 0.16003
..............\font<li1-12.0> d
..............\penalty 10000
..............\glue 0.0 plus 0.04004 minus 0.16003
..............\font<li1-12.0> d
..............\penalty 10000
..............\glue 0.0 plus 0.04004 minus 0.16003
..............\font<li1-12.0> e
..............\penalty 10000
..............\glue 0.0 plus 0.04004 minus 0.16003
..............\font<li1-12.0> t
..............\penalty 10000
..............\glue 0.0 plus 0.04004 minus 0.16003
..............\font<li1-12.0> h
..............\penalty 10000
..............\glue 0.0 plus 0.04004 minus 0.16003
..............\font<li1-12.0> ,
..............\glue 2.75002 plus 2.75002 minus 1.375
..............\font<li1-12.0> a
..............\penalty 10000
..............\glue 0.0 plus 0.04004 minus 0.16003
..............\font<li1-12.0> d
..............\penalty 10000
..............\glue 0.0 plus 0.04004 minus 0.16003
..............\font<li1-12.0> d
..............\penalty 10000
..............\glue 0.0 plus 0.04004 minus 0.16003
..............\font<li1-12.0> s
..............\beginL
..............\pdfsavepos
..............\write0{\noexpand \@parend {0}{\the \pdflastxpos }{\the \pdflastypos }{\the \lastdepth }}
..............\endL
..............\penalty 10000
..............\glue(\parfillskip) 0.0 plus 1.0fil
..............\glue(\rightskip) 0.0
.............\write0{\@parlen{GLO0.1}{14}{1}{li1}{GLO0.1}{14}}
.............\glue(\parskip) 0.0
.............\glue(\baselineskip) 2.92284
.............\hbox(7.98604+3.091)x169.90706, glue set 79.31056fil
..............\glue(\leftskip) 28.9081
..............\hbox(0.0+0.0)x0.0
..............\beginL
..............\pdfsavepos
..............\write0{\noexpand \@parstart {GLO0.1}{versetext}{li1}{13.99988pt}{\the \pdflastxpos }{\the \pdflastypos }}
..............\endL
..............\kern -21.68108
..............\font<li1-12.0> a
..............\penalty 10000
..............\glue 0.0 plus 0.04004 minus 0.16003
..............\font<li1-12.0> d
..............\penalty 10000
..............\glue 0.0 plus 0.04004 minus 0.16003
..............\font<li1-12.0> o
..............\penalty 10000
..............\glue 0.0 plus 0.04004 minus 0.16003
..............\font<li1-12.0> r
..............\penalty 10000
..............\glue 0.0 plus 0.04004 minus 0.16003
..............\font<li1-12.0> n
..............\penalty 10000
..............\glue 0.0 plus 0.04004 minus 0.16003
..............\font<li1-12.0> e
..............\penalty 10000
..............\glue 0.0 plus 0.04004 minus 0.16003
..............\font<li1-12.0> t
..............\penalty 10000
..............\glue 0.0 plus 0.04004 minus 0.16003
..............\font<li1-12.0> h
..............\penalty 10000
..............\glue 0.0 plus 0.04004 minus 0.16003
..............\font<li1-12.0> ,
..............\glue 2.75002 plus 2.75002 minus 1.375
..............\font<li1-12.0> a
..............\penalty 10000
..............\glue 0.0 plus 0.04004 minus 0.16003
..............\font<li1-12.0> d
..............\penalty 10000
..............\glue 0.0 plus 0.04004 minus 0.16003
..............\font<li1-12.0> o
..............\penalty 10000
..............\glue 0.0 plus 0.04004 minus 0.16003
..............\font<li1-12.0> r
..............\penalty 10000
..............\glue 0.0 plus 0.04004 minus 0.16003
..............\font<li1-12.0> n
..............\penalty 10000
..............\glue 0.0 plus 0.04004 minus 0.16003
..............\font<li1-12.0> s
..............\beginL
..............\pdfsavepos
..............\write0{\noexpand \@parend {0}{\the \pdflastxpos }{\the \pdflastypos }{\the \lastdepth }}
..............\endL
..............\penalty 10000
..............\glue(\parfillskip) 0.0 plus 1.0fil
..............\glue(\rightskip) 0.0
.............\write0{\@parlen{GLO0.1}{15}{1}{li1}{GLO0.1}{15}}
.............\glue(\parskip) 0.0
.............\glue(\baselineskip) 2.92284
.............\hbox(7.98604+3.091)x169.90706, glue set 40.90936fil
..............\glue(\leftskip) 28.9081
..............\hbox(0.0+0.0)x0.0
..............\beginL
..............\pdfsavepos
..............\write0{\noexpand \@parstart {GLO0.1}{versetext}{li1}{13.99988pt}{\the \pdflastxpos }{\the \pdflastypos }}
..............\endL
..............\kern -21.68108
..............\font<li1-12.0> a
..............\penalty 10000
..............\glue 0.0 plus 0.04004 minus 0.16003
..............\font<li1-12.0> d
..............\penalty 10000
..............\glue 0.0 plus 0.04004 minus 0.16003
..............\font<li1-12.0> v
..............\penalty 10000
..............\glue 0.0 plus 0.04004 minus 0.16003
..............\font<li1-12.0> a
..............\penalty 10000
..............\glue 0.0 plus 0.04004 minus 0.16003
..............\font<li1-12.0> n
..............\penalty 10000
..............\glue 0.0 plus 0.04004 minus 0.16003
..............\font<li1-12.0> t
..............\penalty 10000
..............\glue 0.0 plus 0.04004 minus 0.16003
..............\font<li1-12.0> a
..............\penalty 10000
..............\glue 0.0 plus 0.04004 minus 0.16003
..............\font<li1-12.0> g
..............\penalty 10000
..............\glue 0.0 plus 0.04004 minus 0.16003
..............\font<li1-12.0> e
..............\penalty 10000
..............\glue 0.0 plus 0.04004 minus 0.16003
..............\font<li1-12.0> t
..............\penalty 10000
..............\glue 0.0 plus 0.04004 minus 0.16003
..............\font<li1-12.0> h
..............\penalty 10000
..............\glue 0.0 plus 0.04004 minus 0.16003
..............\font<li1-12.0> ,
..............\glue 2.75002 plus 2.75002 minus 1.375
..............\font<li1-12.0> a
..............\penalty 10000
..............\glue 0.0 plus 0.04004 minus 0.16003
..............\font<li1-12.0> d
..............\penalty 10000
..............\glue 0.0 plus 0.04004 minus 0.16003
..............\font<li1-12.0> v
..............\penalty 10000
..............\glue 0.0 plus 0.04004 minus 0.16003
..............\font<li1-12.0> a
..............\penalty 10000
..............\glue 0.0 plus 0.04004 minus 0.16003
..............\font<li1-12.0> n
..............\penalty 10000
..............\glue 0.0 plus 0.04004 minus 0.16003
..............\font<li1-12.0> t
..............\penalty 10000
..............\glue 0.0 plus 0.04004 minus 0.16003
..............\font<li1-12.0> a
..............\penalty 10000
..............\glue 0.0 plus 0.04004 minus 0.16003
..............\font<li1-12.0> g
..............\penalty 10000
..............\glue 0.0 plus 0.04004 minus 0.16003
..............\font<li1-12.0> e
..............\penalty 10000
..............\glue 0.0 plus 0.04004 minus 0.16003
..............\font<li1-12.0> s
..............\beginL
..............\pdfsavepos
..............\write0{\noexpand \@parend {0}{\the \pdflastxpos }{\the \pdflastypos }{\the \lastdepth }}
..............\endL
..............\penalty 10000
..............\glue(\parfillskip) 0.0 plus 1.0fil
..............\glue(\rightskip) 0.0
.............\write0{\@parlen{GLO0.1}{16}{1}{li1}{GLO0.1}{16}}
.............\glue(\parskip) 0.0
.............\glue(\baselineskip) 2.92284
.............\hbox(7.98604+3.091)x169.90706, glue set 84.12859fil
..............\glue(\leftskip) 28.9081
..............\hbox(0.0+0.0)x0.0
..............\beginL
..............\pdfsavepos
..............\write0{\noexpand \@parstart {GLO0.1}{versetext}{li1}{13.99988pt}{\the \pdflastxpos }{\the \pdflastypos }}
..............\endL
..............\kern -21.68108
..............\font<li1-12.0> a
..............\penalty 10000
..............\glue 0.0 plus 0.04004 minus 0.16003
..............\font<li1-12.0> f
..............\penalty 10000
..............\glue 0.0 plus 0.04004 minus 0.16003
..............\font<li1-12.0> f
..............\penalty 10000
..............\glue 0.0 plus 0.04004 minus 0.16003
..............\font<li1-12.0> e
..............\penalty 10000
..............\glue 0.0 plus 0.04004 minus 0.16003
..............\font<li1-12.0> c
..............\penalty 10000
..............\glue 0.0 plus 0.04004 minus 0.16003
..............\font<li1-12.0> t
..............\penalty 10000
..............\glue 0.0 plus 0.04004 minus 0.16003
..............\font<li1-12.0> e
..............\penalty 10000
..............\glue 0.0 plus 0.04004 minus 0.16003
..............\font<li1-12.0> t
..............\penalty 10000
..............\glue 0.0 plus 0.04004 minus 0.16003
..............\font<li1-12.0> h
..............\penalty 10000
..............\glue 0.0 plus 0.04004 minus 0.16003
..............\font<li1-12.0> ,
..............\glue 2.75002 plus 2.75002 minus 1.375
..............\font<li1-12.0> a
..............\penalty 10000
..............\glue 0.0 plus 0.04004 minus 0.16003
..............\font<li1-12.0> f
..............\penalty 10000
..............\glue 0.0 plus 0.04004 minus 0.16003
..............\font<li1-12.0> f
..............\penalty 10000
..............\glue 0.0 plus 0.04004 minus 0.16003
..............\font<li1-12.0> e
..............\penalty 10000
..............\glue 0.0 plus 0.04004 minus 0.16003
..............\font<li1-12.0> c
..............\penalty 10000
..............\glue 0.0 plus 0.04004 minus 0.16003
..............\font<li1-12.0> t
..............\penalty 10000
..............\glue 0.0 plus 0.04004 minus 0.16003
..............\font<li1-12.0> s
..............\beginL
..............\pdfsavepos
..............\write0{\noexpand \@parend {0}{\the \pdflastxpos }{\the \pdflastypos }{\the \lastdepth }}
..............\endL
..............\penalty 10000
..............\glue(\parfillskip) 0.0 plus 1.0fil
..............\glue(\rightskip) 0.0
.............\write0{\@parlen{GLO0.1}{17}{1}{li1}{GLO0.1}{17}}
.............\glue(\parskip) 0.0
.............\glue(\baselineskip) 2.92284
.............\hbox(7.98604+3.091)x169.90706, glue set 88.35262fil
..............\glue(\leftskip) 28.9081
..............\hbox(0.0+0.0)x0.0
..............\beginL
..............\pdfsavepos
..............\write0{\noexpand \@parstart {GLO0.1}{versetext}{li1}{13.99988pt}{\the \pdflastxpos }{\the \pdflastypos }}
..............\endL
..............\kern -21.68108
..............\font<li1-12.0> a
..............\penalty 10000
..............\glue 0.0 plus 0.04004 minus 0.16003
..............\font<li1-12.0> f
..............\penalty 10000
..............\glue 0.0 plus 0.04004 minus 0.16003
..............\font<li1-12.0> f
..............\penalty 10000
..............\glue 0.0 plus 0.04004 minus 0.16003
..............\font<li1-12.0> l
..............\penalty 10000
..............\glue 0.0 plus 0.04004 minus 0.16003
..............\font<li1-12.0> i
..............\penalty 10000
..............\glue 0.0 plus 0.04004 minus 0.16003
..............\font<li1-12.0> c
..............\penalty 10000
..............\glue 0.0 plus 0.04004 minus 0.16003
..............\font<li1-12.0> t
..............\penalty 10000
..............\glue 0.0 plus 0.04004 minus 0.16003
..............\font<li1-12.0> e
..............\penalty 10000
..............\glue 0.0 plus 0.04004 minus 0.16003
..............\font<li1-12.0> s
..............\penalty 10000
..............\glue 0.0 plus 0.04004 minus 0.16003
..............\font<li1-12.0> t
..............\penalty 10000
..............\glue 0.0 plus 0.04004 minus 0.16003
..............\font<li1-12.0> ,
..............\glue 2.75002 plus 2.75002 minus 1.375
..............\font<li1-12.0> a
..............\penalty 10000
..............\glue 0.0 plus 0.04004 minus 0.16003
..............\font<li1-12.0> f
..............\penalty 10000
..............\glue 0.0 plus 0.04004 minus 0.16003
..............\font<li1-12.0> f
..............\penalty 10000
..............\glue 0.0 plus 0.04004 minus 0.16003
..............\font<li1-12.0> l
..............\penalty 10000
..............\glue 0.0 plus 0.04004 minus 0.16003
..............\font<li1-12.0> i
..............\penalty 10000
..............\glue 0.0 plus 0.04004 minus 0.16003
..............\font<li1-12.0> c
..............\penalty 10000
..............\glue 0.0 plus 0.04004 minus 0.16003
..............\font<li1-12.0> t
..............\beginL
..............\pdfsavepos
..............\write0{\noexpand \@parend {0}{\the \pdflastxpos }{\the \pdflastypos }{\the \lastdepth }}
..............\endL
..............\penalty 10000
..............\glue(\parfillskip) 0.0 plus 1.0fil
..............\glue(\rightskip) 0.0
.............\write0{\@parlen{GLO0.1}{18}{1}{li1}{GLO0.1}{18}}
.............\glue(\parskip) 0.0
.............\glue(\baselineskip) 2.92284
.............\hbox(7.98604+3.091)x169.90706, glue set 51.7114fil
..............\glue(\leftskip) 28.9081
..............\hbox(0.0+0.0)x0.0
..............\beginL
..............\pdfsavepos
..............\write0{\noexpand \@parstart {GLO0.1}{versetext}{li1}{13.99988pt}{\the \pdflastxpos }{\the \pdflastypos }}
..............\endL
..............\kern -21.68108
..............\font<li1-12.0> a
..............\penalty 10000
..............\glue 0.0 plus 0.04004 minus 0.16003
..............\font<li1-12.0> f
..............\penalty 10000
..............\glue 0.0 plus 0.04004 minus 0.16003
..............\font<li1-12.0> o
..............\penalty 10000
..............\glue 0.0 plus 0.04004 minus 0.16003
..............\font<li1-12.0> r
..............\penalty 10000
..............\glue 0.0 plus 0.04004 minus 0.16003
..............\font<li1-12.0> e
..............\penalty 10000
..............\glue 0.0 plus 0.04004 minus 0.16003
..............\font<li1-12.0> h
..............\penalty 10000
..............\glue 0.0 plus 0.04004 minus 0.16003
..............\font<li1-12.0> a
..............\penalty 10000
..............\glue 0.0 plus 0.04004 minus 0.16003
..............\font<li1-12.0> n
..............\penalty 10000
..............\glue 0.0 plus 0.04004 minus 0.16003
..............\font<li1-12.0> d
..............\penalty 10000
..............\glue 0.0 plus 0.04004 minus 0.16003
..............\font<li1-12.0> ,
..............\glue 2.75002 plus 2.75002 minus 1.375
..............\font<li1-12.0> b
..............\penalty 10000
..............\glue 0.0 plus 0.04004 minus 0.16003
..............\font<li1-12.0> e
..............\penalty 10000
..............\glue 0.0 plus 0.04004 minus 0.16003
..............\font<li1-12.0> f
..............\penalty 10000
..............\glue 0.0 plus 0.04004 minus 0.16003
..............\font<li1-12.0> o
..............\penalty 10000
..............\glue 0.0 plus 0.04004 minus 0.16003
..............\font<li1-12.0> r
..............\penalty 10000
..............\glue 0.0 plus 0.04004 minus 0.16003
..............\font<li1-12.0> e
..............\penalty 10000
..............\glue 0.0 plus 0.04004 minus 0.16003
..............\font<li1-12.0> h
..............\penalty 10000
..............\glue 0.0 plus 0.04004 minus 0.16003
..............\font<li1-12.0> a
..............\penalty 10000
..............\glue 0.0 plus 0.04004 minus 0.16003
..............\font<li1-12.0> n
..............\penalty 10000
..............\glue 0.0 plus 0.04004 minus 0.16003
..............\font<li1-12.0> d
..............\beginL
..............\pdfsavepos
..............\write0{\noexpand \@parend {0}{\the \pdflastxpos }{\the \pdflastypos }{\the \lastdepth }}
..............\endL
..............\penalty 10000
..............\glue(\parfillskip) 0.0 plus 1.0fil
..............\glue(\rightskip) 0.0
.............\write0{\@parlen{GLO0.1}{19}{1}{li1}{GLO0.1}{19}}
.............\glue(\parskip) 0.0
.............\glue(\baselineskip) 2.92284
.............\hbox(7.98604+3.091)x169.90706, glue set 89.52963fil
..............\glue(\leftskip) 28.9081
..............\hbox(0.0+0.0)x0.0
..............\beginL
..............\pdfsavepos
..............\write0{\noexpand \@parstart {GLO0.1}{versetext}{li1}{13.99988pt}{\the \pdflastxpos }{\the \pdflastypos }}
..............\endL
..............\kern -21.68108
..............\font<li1-12.0> a
..............\penalty 10000
..............\glue 0.0 plus 0.04004 minus 0.16003
..............\font<li1-12.0> g
..............\penalty 10000
..............\glue 0.0 plus 0.04004 minus 0.16003
..............\font<li1-12.0> r
..............\penalty 10000
..............\glue 0.0 plus 0.04004 minus 0.16003
..............\font<li1-12.0> e
..............\penalty 10000
..............\glue 0.0 plus 0.04004 minus 0.16003
..............\font<li1-12.0> e
..............\penalty 10000
..............\glue 0.0 plus 0.04004 minus 0.16003
..............\font<li1-12.0> t
..............\penalty 10000
..............\glue 0.0 plus 0.04004 minus 0.16003
..............\font<li1-12.0> h
..............\penalty 10000
..............\glue 0.0 plus 0.04004 minus 0.16003
..............\font<li1-12.0> ,
..............\glue 2.75002 plus 2.75002 minus 1.375
..............\font<li1-12.0> a
..............\penalty 10000
..............\glue 0.0 plus 0.04004 minus 0.16003
..............\font<li1-12.0> g
..............\penalty 10000
..............\glue 0.0 plus 0.04004 minus 0.16003
..............\font<li1-12.0> r
..............\penalty 10000
..............\glue 0.0 plus 0.04004 minus 0.16003
..............\font<li1-12.0> e
..............\penalty 10000
..............\glue 0.0 plus 0.04004 minus 0.16003
..............\font<li1-12.0> e
..............\penalty 10000
..............\glue 0.0 plus 0.04004 minus 0.16003
..............\font<li1-12.0> s
..............\beginL
..............\pdfsavepos
..............\write0{\noexpand \@parend {0}{\the \pdflastxpos }{\the \pdflastypos }{\the \lastdepth }}
..............\endL
..............\penalty 10000
..............\glue(\parfillskip) 0.0 plus 1.0fil
..............\glue(\rightskip) 0.0
.............\write0{\@parlen{GLO0.1}{20}{1}{li1}{GLO0.1}{20}}
.............\glue(\parskip) 0.0
.............\glue(\baselineskip) 2.92284
.............\hbox(7.98604+3.091)x169.90706, glue set 113.54277fil
..............\glue(\leftskip) 28.9081
..............\hbox(0.0+0.0)x0.0
..............\beginL
..............\pdfsavepos
..............\write0{\noexpand \@parstart {GLO0.1}{versetext}{li1}{13.99988pt}{\the \pdflastxpos }{\the \pdflastypos }}
..............\endL
..............\kern -21.68108
..............\font<li1-12.0> a
..............\penalty 10000
..............\glue 0.0 plus 0.04004 minus 0.16003
..............\font<li1-12.0> i
..............\penalty 10000
..............\glue 0.0 plus 0.04004 minus 0.16003
..............\font<li1-12.0> l
..............\penalty 10000
..............\glue 0.0 plus 0.04004 minus 0.16003
..............\font<li1-12.0> e
..............\penalty 10000
..............\glue 0.0 plus 0.04004 minus 0.16003
..............\font<li1-12.0> t
..............\penalty 10000
..............\glue 0.0 plus 0.04004 minus 0.16003
..............\font<li1-12.0> h
..............\penalty 10000
..............\glue 0.0 plus 0.04004 minus 0.16003
..............\font<li1-12.0> ,
..............\glue 2.75002 plus 2.75002 minus 1.375
..............\font<li1-12.0> a
..............\penalty 10000
..............\glue 0.0 plus 0.04004 minus 0.16003
..............\font<li1-12.0> i
..............\penalty 10000
..............\glue 0.0 plus 0.04004 minus 0.16003
..............\font<li1-12.0> l
..............\penalty 10000
..............\glue 0.0 plus 0.04004 minus 0.16003
..............\font<li1-12.0> s
..............\beginL
..............\pdfsavepos
..............\write0{\noexpand \@parend {0}{\the \pdflastxpos }{\the \pdflastypos }{\the \lastdepth }}
..............\endL
..............\penalty 10000
..............\glue(\parfillskip) 0.0 plus 1.0fil
..............\glue(\rightskip) 0.0
.............\write0{\@parlen{GLO0.1}{21}{1}{li1}{GLO0.1}{21}}
.............\glue(\parskip) 0.0
.............\glue(\baselineskip) 2.92284
.............\hbox(7.98604+3.091)x169.90706, glue set 83.09459fil
..............\glue(\leftskip) 28.9081
..............\hbox(0.0+0.0)x0.0
..............\beginL
..............\pdfsavepos
..............\write0{\noexpand \@parstart {GLO0.1}{versetext}{li1}{13.99988pt}{\the \pdflastxpos }{\the \pdflastypos }}
..............\endL
..............\kern -21.68108
..............\font<li1-12.0> a
..............\penalty 10000
..............\glue 0.0 plus 0.04004 minus 0.16003
..............\font<li1-12.0> l
..............\penalty 10000
..............\glue 0.0 plus 0.04004 minus 0.16003
..............\font<li1-12.0> l
..............\penalty 10000
..............\glue 0.0 plus 0.04004 minus 0.16003
..............\font<li1-12.0> o
..............\penalty 10000
..............\glue 0.0 plus 0.04004 minus 0.16003
..............\font<li1-12.0> w
..............\penalty 10000
..............\glue 0.0 plus 0.04004 minus 0.16003
..............\font<li1-12.0> e
..............\penalty 10000
..............\glue 0.0 plus 0.04004 minus 0.16003
..............\font<li1-12.0> t
..............\penalty 10000
..............\glue 0.0 plus 0.04004 minus 0.16003
..............\font<li1-12.0> h
..............\penalty 10000
..............\glue 0.0 plus 0.04004 minus 0.16003
..............\font<li1-12.0> ,
..............\glue 2.75002 plus 2.75002 minus 1.375
..............\font<li1-12.0> a
..............\penalty 10000
..............\glue 0.0 plus 0.04004 minus 0.16003
..............\font<li1-12.0> l
..............\penalty 10000
..............\glue 0.0 plus 0.04004 minus 0.16003
..............\font<li1-12.0> l
..............\penalty 10000
..............\glue 0.0 plus 0.04004 minus 0.16003
..............\font<li1-12.0> o
..............\penalty 10000
..............\glue 0.0 plus 0.04004 minus 0.16003
..............\font<li1-12.0> w
..............\penalty 10000
..............\glue 0.0 plus 0.04004 minus 0.16003
..............\font<li1-12.0> s
..............\beginL
..............\pdfsavepos
..............\write0{\noexpand \@parend {0}{\the \pdflastxpos }{\the \pdflastypos }{\the \lastdepth }}
..............\endL
..............\penalty 10000
..............\glue(\parfillskip) 0.0 plus 1.0fil
..............\glue(\rightskip) 0.0
.............\write0{\@parlen{GLO0.1}{22}{1}{li1}{GLO0.1}{22}}
.............\glue(\parskip) 0.0
.............\glue(\baselineskip) 2.92284
.............\hbox(7.98604+3.091)x169.90706, glue set 93.45665fil
..............\glue(\leftskip) 28.9081
..............\hbox(0.0+0.0)x0.0
..............\beginL
..............\pdfsavepos
..............\write0{\noexpand \@parstart {GLO0.1}{versetext}{li1}{13.99988pt}{\the \pdflastxpos }{\the \pdflastypos }}
..............\endL
..............\kern -21.68108
..............\font<li1-12.0> a
..............\penalty 10000
..............\glue 0.0 plus 0.04004 minus 0.16003
..............\font<li1-12.0> l
..............\penalty 10000
..............\glue 0.0 plus 0.04004 minus 0.16003
..............\font<li1-12.0> t
..............\penalty 10000
..............\glue 0.0 plus 0.04004 minus 0.16003
..............\font<li1-12.0> e
..............\penalty 10000
..............\glue 0.0 plus 0.04004 minus 0.16003
..............\font<li1-12.0> r
..............\penalty 10000
..............\glue 0.0 plus 0.04004 minus 0.16003
..............\font<li1-12.0> e
..............\penalty 10000
..............\glue 0.0 plus 0.04004 minus 0.16003
..............\font<li1-12.0> t
..............\penalty 10000
..............\glue 0.0 plus 0.04004 minus 0.16003
..............\font<li1-12.0> h
..............\penalty 10000
..............\glue 0.0 plus 0.04004 minus 0.16003
..............\font<li1-12.0> ,
..............\glue 2.75002 plus 2.75002 minus 1.375
..............\font<li1-12.0> a
..............\penalty 10000
..............\glue 0.0 plus 0.04004 minus 0.16003
..............\font<li1-12.0> l
..............\penalty 10000
..............\glue 0.0 plus 0.04004 minus 0.16003
..............\font<li1-12.0> t
..............\penalty 10000
..............\glue 0.0 plus 0.04004 minus 0.16003
..............\font<li1-12.0> e
..............\penalty 10000
..............\glue 0.0 plus 0.04004 minus 0.16003
..............\font<li1-12.0> r
..............\penalty 10000
..............\glue 0.0 plus 0.04004 minus 0.16003
..............\font<li1-12.0> s
..............\beginL
..............\pdfsavepos
..............\write0{\noexpand \@parend {0}{\the \pdflastxpos }{\the \pdflastypos }{\the \lastdepth }}
..............\endL
..............\penalty 10000
..............\glue(\parfillskip) 0.0 plus 1.0fil
..............\glue(\rightskip) 0.0
.............\write0{\@parlen{GLO0.1}{23}{1}{li1}{GLO0.1}{23}}
.............\glue(\parskip) 0.0
.............\glue(\baselineskip) 2.92284
.............\hbox(7.98604+3.091)x169.90706, glue set 93.53365fil
..............\glue(\leftskip) 28.9081
..............\hbox(0.0+0.0)x0.0
..............\beginL
..............\pdfsavepos
..............\write0{\noexpand \@parstart {GLO0.1}{versetext}{li1}{13.99988pt}{\the \pdflastxpos }{\the \pdflastypos }}
..............\endL
..............\kern -21.68108
..............\font<li1-12.0> a
..............\penalty 10000
..............\glue 0.0 plus 0.04004 minus 0.16003
..............\font<li1-12.0> l
..............\penalty 10000
..............\glue 0.0 plus 0.04004 minus 0.16003
..............\font<li1-12.0> w
..............\penalty 10000
..............\glue 0.0 plus 0.04004 minus 0.16003
..............\font<li1-12.0> a
..............\penalty 10000
..............\glue 0.0 plus 0.04004 minus 0.16003
..............\font<li1-12.0> y
..............\penalty 10000
..............\glue 0.0 plus 0.04004 minus 0.16003
..............\font<li1-12.0> ,
..............\glue 2.75002 plus 2.75002 minus 1.375
..............\font<li1-12.0> a
..............\penalty 10000
..............\glue 0.0 plus 0.04004 minus 0.16003
..............\font<li1-12.0> l
..............\penalty 10000
..............\glue 0.0 plus 0.04004 minus 0.16003
..............\font<li1-12.0> w
..............\penalty 10000
..............\glue 0.0 plus 0.04004 minus 0.16003
..............\font<li1-12.0> a
..............\penalty 10000
..............\glue 0.0 plus 0.04004 minus 0.16003
..............\font<li1-12.0> y
..............\penalty 10000
..............\glue 0.0 plus 0.04004 minus 0.16003
..............\font<li1-12.0> s
..............\beginL
..............\pdfsavepos
..............\write0{\noexpand \@parend {0}{\the \pdflastxpos }{\the \pdflastypos }{\the \lastdepth }}
..............\endL
..............\penalty 10000
..............\glue(\parfillskip) 0.0 plus 1.0fil
..............\glue(\rightskip) 0.0
.............\write0{\@parlen{GLO0.1}{24}{1}{li1}{GLO0.1}{24}}
.............\glue(\parskip) 0.0
.............\glue(\baselineskip) 2.92284
.............\hbox(7.98604+3.091)x169.90706, glue set 81.4556fil
..............\glue(\leftskip) 28.9081
..............\hbox(0.0+0.0)x0.0
..............\beginL
..............\pdfsavepos
..............\write0{\noexpand \@parstart {GLO0.1}{versetext}{li1}{13.99988pt}{\the \pdflastxpos }{\the \pdflastypos }}
..............\endL
..............\kern -21.68108
..............\font<li1-12.0> a
..............\penalty 10000
..............\glue 0.0 plus 0.04004 minus 0.16003
..............\font<li1-12.0> m
..............\penalty 10000
..............\glue 0.0 plus 0.04004 minus 0.16003
..............\font<li1-12.0> o
..............\penalty 10000
..............\glue 0.0 plus 0.04004 minus 0.16003
..............\font<li1-12.0> n
..............\penalty 10000
..............\glue 0.0 plus 0.04004 minus 0.16003
..............\font<li1-12.0> g
..............\penalty 10000
..............\glue 0.0 plus 0.04004 minus 0.16003
..............\font<li1-12.0> s
..............\penalty 10000
..............\glue 0.0 plus 0.04004 minus 0.16003
..............\font<li1-12.0> t
..............\penalty 10000
..............\glue 0.0 plus 0.04004 minus 0.16003
..............\font<li1-12.0> ,
..............\glue 2.75002 plus 2.75002 minus 1.375
..............\font<li1-12.0> a
..............\penalty 10000
..............\glue 0.0 plus 0.04004 minus 0.16003
..............\font<li1-12.0> m
..............\penalty 10000
..............\glue 0.0 plus 0.04004 minus 0.16003
..............\font<li1-12.0> o
..............\penalty 10000
..............\glue 0.0 plus 0.04004 minus 0.16003
..............\font<li1-12.0> n
..............\penalty 10000
..............\glue 0.0 plus 0.04004 minus 0.16003
..............\font<li1-12.0> g
..............\beginL
..............\pdfsavepos
..............\write0{\noexpand \@parend {0}{\the \pdflastxpos }{\the \pdflastypos }{\the \lastdepth }}
..............\endL
..............\penalty 10000
..............\glue(\parfillskip) 0.0 plus 1.0fil
..............\glue(\rightskip) 0.0
.............\write0{\@parlen{GLO0.1}{25}{1}{li1}{GLO0.1}{25}}
.............\glue(\parskip) 0.0
.............\glue(\baselineskip) 2.92284
.............\hbox(7.98604+3.091)x169.90706, glue set 62.8435fil
..............\glue(\leftskip) 28.9081
..............\hbox(0.0+0.0)x0.0
..............\beginL
..............\pdfsavepos
..............\write0{\noexpand \@parstart {GLO0.1}{versetext}{li1}{13.99988pt}{\the \pdflastxpos }{\the \pdflastypos }}
..............\endL
..............\kern -21.68108
..............\font<li1-12.0> a
..............\penalty 10000
..............\glue 0.0 plus 0.04004 minus 0.16003
..............\font<li1-12.0> n
..............\penalty 10000
..............\glue 0.0 plus 0.04004 minus 0.16003
..............\font<li1-12.0> o
..............\penalty 10000
..............\glue 0.0 plus 0.04004 minus 0.16003
..............\font<li1-12.0> i
..............\penalty 10000
..............\glue 0.0 plus 0.04004 minus 0.16003
..............\font<li1-12.0> n
..............\penalty 10000
..............\glue 0.0 plus 0.04004 minus 0.16003
..............\font<li1-12.0> t
..............\penalty 10000
..............\glue 0.0 plus 0.04004 minus 0.16003
..............\font<li1-12.0> e
..............\penalty 10000
..............\glue 0.0 plus 0.04004 minus 0.16003
..............\font<li1-12.0> d
..............\penalty 10000
..............\glue 0.0 plus 0.04004 minus 0.16003
..............\font<li1-12.0> s
..............\penalty 10000
..............\glue 0.0 plus 0.04004 minus 0.16003
..............\font<li1-12.0> t
..............\penalty 10000
..............\glue 0.0 plus 0.04004 minus 0.16003
..............\font<li1-12.0> ,
..............\glue 2.75002 plus 2.75002 minus 1.375
..............\font<li1-12.0> a
..............\penalty 10000
..............\glue 0.0 plus 0.04004 minus 0.16003
..............\font<li1-12.0> n
..............\penalty 10000
..............\glue 0.0 plus 0.04004 minus 0.16003
..............\font<li1-12.0> o
..............\penalty 10000
..............\glue 0.0 plus 0.04004 minus 0.16003
..............\font<li1-12.0> i
..............\penalty 10000
..............\glue 0.0 plus 0.04004 minus 0.16003
..............\font<li1-12.0> n
..............\penalty 10000
..............\glue 0.0 plus 0.04004 minus 0.16003
..............\font<li1-12.0> t
..............\penalty 10000
..............\glue 0.0 plus 0.04004 minus 0.16003
..............\font<li1-12.0> e
..............\penalty 10000
..............\glue 0.0 plus 0.04004 minus 0.16003
..............\font<li1-12.0> d
..............\beginL
..............\pdfsavepos
..............\write0{\noexpand \@parend {0}{\the \pdflastxpos }{\the \pdflastypos }{\the \lastdepth }}
..............\endL
..............\penalty 10000
..............\glue(\parfillskip) 0.0 plus 1.0fil
..............\glue(\rightskip) 0.0
.............\write0{\@parlen{GLO0.1}{26}{1}{li1}{GLO0.1}{26}}
.............\glue(\parskip) 0.0
.............\glue(\baselineskip) 2.92284
.............\hbox(7.98604+3.091)x169.90706, glue set 81.55461fil
..............\glue(\leftskip) 28.9081
..............\hbox(0.0+0.0)x0.0
..............\beginL
..............\pdfsavepos
..............\write0{\noexpand \@parstart {GLO0.1}{versetext}{li1}{13.99988pt}{\the \pdflastxpos }{\the \pdflastypos }}
..............\endL
..............\kern -21.68108
..............\font<li1-12.0> a
..............\penalty 10000
..............\glue 0.0 plus 0.04004 minus 0.16003
..............\font<li1-12.0> n
..............\penalty 10000
..............\glue 0.0 plus 0.04004 minus 0.16003
..............\font<li1-12.0> o
..............\penalty 10000
..............\glue 0.0 plus 0.04004 minus 0.16003
..............\font<li1-12.0> i
..............\penalty 10000
..............\glue 0.0 plus 0.04004 minus 0.16003
..............\font<li1-12.0> n
..............\penalty 10000
..............\glue 0.0 plus 0.04004 minus 0.16003
..............\font<li1-12.0> t
..............\penalty 10000
..............\glue 0.0 plus 0.04004 minus 0.16003
..............\font<li1-12.0> e
..............\penalty 10000
..............\glue 0.0 plus 0.04004 minus 0.16003
..............\font<li1-12.0> s
..............\penalty 10000
..............\glue 0.0 plus 0.04004 minus 0.16003
..............\font<li1-12.0> t
..............\penalty 10000
..............\glue 0.0 plus 0.04004 minus 0.16003
..............\font<li1-12.0> ,
..............\glue 2.75002 plus 2.75002 minus 1.375
..............\font<li1-12.0> a
..............\penalty 10000
..............\glue 0.0 plus 0.04004 minus 0.16003
..............\font<li1-12.0> n
..............\penalty 10000
..............\glue 0.0 plus 0.04004 minus 0.16003
..............\font<li1-12.0> o
..............\penalty 10000
..............\glue 0.0 plus 0.04004 minus 0.16003
..............\font<li1-12.0> i
..............\penalty 10000
..............\glue 0.0 plus 0.04004 minus 0.16003
..............\font<li1-12.0> n
..............\penalty 10000
..............\glue 0.0 plus 0.04004 minus 0.16003
..............\font<li1-12.0> t
..............\beginL
..............\pdfsavepos
..............\write0{\noexpand \@parend {0}{\the \pdflastxpos }{\the \pdflastypos }{\the \lastdepth }}
..............\endL
..............\penalty 10000
..............\glue(\parfillskip) 0.0 plus 1.0fil
..............\glue(\rightskip) 0.0
.............\write0{\@parlen{GLO0.1}{27}{1}{li1}{GLO0.1}{27}}
.............\pdfsavepos
.............\write0{\string \@colstop {\the \pdflastxpos }{\the \pdflastypos }}
.............\glue 0.0 plus 1.0fil
............\glue 0.0 plus 1.0fil
............\vbox(335.99707+0.0)x1.0
.............\glue 3.0
.............\hbox(332.99707+0.0)x1.0
..............\hbox(332.99707+0.0)x1.0, glue set 0.3fil
...............\special{color push rgb 0 0 0}
...............\glue 0.0 plus 1.0fil
...............\rule(332.99707+*)x0.4
...............\glue 0.0 plus 1.0fil
...............\special{color pop}
.............\glue 0.0 plus 1.0fil
............\glue 0.0 plus 1.0fil
............\vbox(335.99707+0.0)x169.90706
.............\pdfsavepos
.............\write0{\@colstart{335.99707pt}{3.091pt}{169.90706pt}{\the \pdflastxpos }{\the \pdflastypos }}
.............\glue(\splittopskip) 6.01384
.............\hbox(7.98604+3.091)x169.90706, glue set 71.46754fil
..............\glue(\leftskip) 28.9081
..............\hbox(0.0+0.0)x0.0
..............\beginL
..............\pdfsavepos
..............\write0{\noexpand \@parstart {GLO0.1}{versetext}{li1}{13.99988pt}{\the \pdflastxpos }{\the \pdflastypos }}
..............\endL
..............\kern -21.68108
..............\font<li1-12.0> a
..............\penalty 10000
..............\glue 0.0 plus 0.04004 minus 0.16003
..............\font<li1-12.0> n
..............\penalty 10000
..............\glue 0.0 plus 0.04004 minus 0.16003
..............\font<li1-12.0> o
..............\penalty 10000
..............\glue 0.0 plus 0.04004 minus 0.16003
..............\font<li1-12.0> n
..............\penalty 10000
..............\glue 0.0 plus 0.04004 minus 0.16003
..............\font<li1-12.0> ,
..............\glue 2.75002 plus 2.75002 minus 1.375
..............\font<li1-12.0> i
..............\penalty 10000
..............\glue 0.0 plus 0.04004 minus 0.16003
..............\font<li1-12.0> m
..............\penalty 10000
..............\glue 0.0 plus 0.04004 minus 0.16003
..............\font<li1-12.0> m
..............\penalty 10000
..............\glue 0.0 plus 0.04004 minus 0.16003
..............\font<li1-12.0> e
..............\penalty 10000
..............\glue 0.0 plus 0.04004 minus 0.16003
..............\font<li1-12.0> d
..............\penalty 10000
..............\glue 0.0 plus 0.04004 minus 0.16003
..............\font<li1-12.0> i
..............\penalty 10000
..............\glue 0.0 plus 0.04004 minus 0.16003
..............\font<li1-12.0> a
..............\penalty 10000
..............\glue 0.0 plus 0.04004 minus 0.16003
..............\font<li1-12.0> t
..............\penalty 10000
..............\glue 0.0 plus 0.04004 minus 0.16003
..............\font<li1-12.0> e
..............\penalty 10000
..............\glue 0.0 plus 0.04004 minus 0.16003
..............\font<li1-12.0> l
..............\penalty 10000
..............\glue 0.0 plus 0.04004 minus 0.16003
..............\font<li1-12.0> y
..............\beginL
..............\pdfsavepos
..............\write0{\noexpand \@parend {0}{\the \pdflastxpos }{\the \pdflastypos }{\the \lastdepth }}
..............\endL
..............\penalty 10000
..............\glue(\parfillskip) 0.0 plus 1.0fil
..............\glue(\rightskip) 0.0
.............\write0{\@parlen{GLO0.1}{28}{1}{li1}{GLO0.1}{28}}
.............\glue(\parskip) 0.0
.............\glue(\baselineskip) 2.92284
.............\hbox(7.98604+3.091)x169.90706, glue set 54.2414fil
..............\glue(\leftskip) 28.9081
..............\hbox(0.0+0.0)x0.0
..............\beginL
..............\pdfsavepos
..............\write0{\noexpand \@parstart {GLO0.1}{versetext}{li1}{13.99988pt}{\the \pdflastxpos }{\the \pdflastypos }}
..............\endL
..............\kern -21.68108
..............\font<li1-12.0> a
..............\penalty 10000
..............\glue 0.0 plus 0.04004 minus 0.16003
..............\font<li1-12.0> n
..............\penalty 10000
..............\glue 0.0 plus 0.04004 minus 0.16003
..............\font<li1-12.0> s
..............\penalty 10000
..............\glue 0.0 plus 0.04004 minus 0.16003
..............\font<li1-12.0> w
..............\penalty 10000
..............\glue 0.0 plus 0.04004 minus 0.16003
..............\font<li1-12.0> e
..............\penalty 10000
..............\glue 0.0 plus 0.04004 minus 0.16003
..............\font<li1-12.0> r
..............\penalty 10000
..............\glue 0.0 plus 0.04004 minus 0.16003
..............\font<li1-12.0> e
..............\penalty 10000
..............\glue 0.0 plus 0.04004 minus 0.16003
..............\font<li1-12.0> d
..............\penalty 10000
..............\glue 0.0 plus 0.04004 minus 0.16003
..............\font<li1-12.0> s
..............\penalty 10000
..............\glue 0.0 plus 0.04004 minus 0.16003
..............\font<li1-12.0> t
..............\penalty 10000
..............\glue 0.0 plus 0.04004 minus 0.16003
..............\font<li1-12.0> ,
..............\glue 2.75002 plus 2.75002 minus 1.375
..............\font<li1-12.0> a
..............\penalty 10000
..............\glue 0.0 plus 0.04004 minus 0.16003
..............\font<li1-12.0> n
..............\penalty 10000
..............\glue 0.0 plus 0.04004 minus 0.16003
..............\font<li1-12.0> s
..............\penalty 10000
..............\glue 0.0 plus 0.04004 minus 0.16003
..............\font<li1-12.0> w
..............\penalty 10000
..............\glue 0.0 plus 0.04004 minus 0.16003
..............\font<li1-12.0> e
..............\penalty 10000
..............\glue 0.0 plus 0.04004 minus 0.16003
..............\font<li1-12.0> r
..............\penalty 10000
..............\glue 0.0 plus 0.04004 minus 0.16003
..............\font<li1-12.0> e
..............\penalty 10000
..............\glue 0.0 plus 0.04004 minus 0.16003
..............\font<li1-12.0> d
..............\beginL
..............\pdfsavepos
..............\write0{\noexpand \@parend {0}{\the \pdflastxpos }{\the \pdflastypos }{\the \lastdepth }}
..............\endL
..............\penalty 10000
..............\glue(\parfillskip) 0.0 plus 1.0fil
..............\glue(\rightskip) 0.0
.............\write0{\@parlen{GLO0.1}{29}{1}{li1}{GLO0.1}{29}}
.............\glue(\parskip) 0.0
.............\glue(\baselineskip) 2.92284
.............\hbox(7.98604+3.091)x169.90706, glue set 72.9525fil
..............\glue(\leftskip) 28.9081
..............\hbox(0.0+0.0)x0.0
..............\beginL
..............\pdfsavepos
..............\write0{\noexpand \@parstart {GLO0.1}{versetext}{li1}{13.99988pt}{\the \pdflastxpos }{\the \pdflastypos }}
..............\endL
..............\kern -21.68108
..............\font<li1-12.0> a
..............\penalty 10000
..............\glue 0.0 plus 0.04004 minus 0.16003
..............\font<li1-12.0> n
..............\penalty 10000
..............\glue 0.0 plus 0.04004 minus 0.16003
..............\font<li1-12.0> s
..............\penalty 10000
..............\glue 0.0 plus 0.04004 minus 0.16003
..............\font<li1-12.0> w
..............\penalty 10000
..............\glue 0.0 plus 0.04004 minus 0.16003
..............\font<li1-12.0> e
..............\penalty 10000
..............\glue 0.0 plus 0.04004 minus 0.16003
..............\font<li1-12.0> r
..............\penalty 10000
..............\glue 0.0 plus 0.04004 minus 0.16003
..............\font<li1-12.0> e
..............\penalty 10000
..............\glue 0.0 plus 0.04004 minus 0.16003
..............\font<li1-12.0> s
..............\penalty 10000
..............\glue 0.0 plus 0.04004 minus 0.16003
..............\font<li1-12.0> t
..............\penalty 10000
..............\glue 0.0 plus 0.04004 minus 0.16003
..............\font<li1-12.0> ,
..............\glue 2.75002 plus 2.75002 minus 1.375
..............\font<li1-12.0> a
..............\penalty 10000
..............\glue 0.0 plus 0.04004 minus 0.16003
..............\font<li1-12.0> n
..............\penalty 10000
..............\glue 0.0 plus 0.04004 minus 0.16003
..............\font<li1-12.0> s
..............\penalty 10000
..............\glue 0.0 plus 0.04004 minus 0.16003
..............\font<li1-12.0> w
..............\penalty 10000
..............\glue 0.0 plus 0.04004 minus 0.16003
..............\font<li1-12.0> e
..............\penalty 10000
..............\glue 0.0 plus 0.04004 minus 0.16003
..............\font<li1-12.0> r
..............\beginL
..............\pdfsavepos
..............\write0{\noexpand \@parend {0}{\the \pdflastxpos }{\the \pdflastypos }{\the \lastdepth }}
..............\endL
..............\penalty 10000
..............\glue(\parfillskip) 0.0 plus 1.0fil
..............\glue(\rightskip) 0.0
.............\write0{\@parlen{GLO0.1}{30}{1}{li1}{GLO0.1}{30}}
.............\glue(\parskip) 0.0
.............\glue(\baselineskip) 2.92284
.............\hbox(7.98604+3.091)x169.90706, glue set 66.55046fil
..............\glue(\leftskip) 28.9081
..............\hbox(0.0+0.0)x0.0
..............\beginL
..............\pdfsavepos
..............\write0{\noexpand \@parstart {GLO0.1}{versetext}{li1}{13.99988pt}{\the \pdflastxpos }{\the \pdflastypos }}
..............\endL
..............\kern -21.68108
..............\font<li1-12.0> a
..............\penalty 10000
..............\glue 0.0 plus 0.04004 minus 0.16003
..............\font<li1-12.0> n
..............\penalty 10000
..............\glue 0.0 plus 0.04004 minus 0.16003
..............\font<li1-12.0> s
..............\penalty 10000
..............\glue 0.0 plus 0.04004 minus 0.16003
..............\font<li1-12.0> w
..............\penalty 10000
..............\glue 0.0 plus 0.04004 minus 0.16003
..............\font<li1-12.0> e
..............\penalty 10000
..............\glue 0.0 plus 0.04004 minus 0.16003
..............\font<li1-12.0> r
..............\penalty 10000
..............\glue 0.0 plus 0.04004 minus 0.16003
..............\font<li1-12.0> e
..............\penalty 10000
..............\glue 0.0 plus 0.04004 minus 0.16003
..............\font<li1-12.0> t
..............\penalty 10000
..............\glue 0.0 plus 0.04004 minus 0.16003
..............\font<li1-12.0> h
..............\penalty 10000
..............\glue 0.0 plus 0.04004 minus 0.16003
..............\font<li1-12.0> ,
..............\glue 2.75002 plus 2.75002 minus 1.375
..............\font<li1-12.0> a
..............\penalty 10000
..............\glue 0.0 plus 0.04004 minus 0.16003
..............\font<li1-12.0> n
..............\penalty 10000
..............\glue 0.0 plus 0.04004 minus 0.16003
..............\font<li1-12.0> s
..............\penalty 10000
..............\glue 0.0 plus 0.04004 minus 0.16003
..............\font<li1-12.0> w
..............\penalty 10000
..............\glue 0.0 plus 0.04004 minus 0.16003
..............\font<li1-12.0> e
..............\penalty 10000
..............\glue 0.0 plus 0.04004 minus 0.16003
..............\font<li1-12.0> r
..............\penalty 10000
..............\glue 0.0 plus 0.04004 minus 0.16003
..............\font<li1-12.0> s
..............\beginL
..............\pdfsavepos
..............\write0{\noexpand \@parend {0}{\the \pdflastxpos }{\the \pdflastypos }{\the \lastdepth }}
..............\endL
..............\penalty 10000
..............\glue(\parfillskip) 0.0 plus 1.0fil
..............\glue(\rightskip) 0.0
.............\write0{\@parlen{GLO0.1}{31}{1}{li1}{GLO0.1}{31}}
.............\glue(\parskip) 0.0
.............\glue(\baselineskip) 2.92284
.............\hbox(7.98604+3.091)x169.90706, glue set 69.5865fil
..............\glue(\leftskip) 28.9081
..............\hbox(0.0+0.0)x0.0
..............\beginL
..............\pdfsavepos
..............\write0{\noexpand \@parstart {GLO0.1}{versetext}{li1}{13.99988pt}{\the \pdflastxpos }{\the \pdflastypos }}
..............\endL
..............\kern -21.68108
..............\font<li1-12.0> a
..............\penalty 10000
..............\glue 0.0 plus 0.04004 minus 0.16003
..............\font<li1-12.0> p
..............\penalty 10000
..............\glue 0.0 plus 0.04004 minus 0.16003
..............\font<li1-12.0> p
..............\penalty 10000
..............\glue 0.0 plus 0.04004 minus 0.16003
..............\font<li1-12.0> e
..............\penalty 10000
..............\glue 0.0 plus 0.04004 minus 0.16003
..............\font<li1-12.0> a
..............\penalty 10000
..............\glue 0.0 plus 0.04004 minus 0.16003
..............\font<li1-12.0> r
..............\penalty 10000
..............\glue 0.0 plus 0.04004 minus 0.16003
..............\font<li1-12.0> e
..............\penalty 10000
..............\glue 0.0 plus 0.04004 minus 0.16003
..............\font<li1-12.0> t
..............\penalty 10000
..............\glue 0.0 plus 0.04004 minus 0.16003
..............\font<li1-12.0> h
..............\penalty 10000
..............\glue 0.0 plus 0.04004 minus 0.16003
..............\font<li1-12.0> ,
..............\glue 2.75002 plus 2.75002 minus 1.375
..............\font<li1-12.0> a
..............\penalty 10000
..............\glue 0.0 plus 0.04004 minus 0.16003
..............\font<li1-12.0> p
..............\penalty 10000
..............\glue 0.0 plus 0.04004 minus 0.16003
..............\font<li1-12.0> p
..............\penalty 10000
..............\glue 0.0 plus 0.04004 minus 0.16003
..............\font<li1-12.0> e
..............\penalty 10000
..............\glue 0.0 plus 0.04004 minus 0.16003
..............\font<li1-12.0> a
..............\penalty 10000
..............\glue 0.0 plus 0.04004 minus 0.16003
..............\font<li1-12.0> r
..............\penalty 10000
..............\glue 0.0 plus 0.04004 minus 0.16003
..............\font<li1-12.0> s
..............\beginL
..............\pdfsavepos
..............\write0{\noexpand \@parend {0}{\the \pdflastxpos }{\the \pdflastypos }{\the \lastdepth }}
..............\endL
..............\penalty 10000
..............\glue(\parfillskip) 0.0 plus 1.0fil
..............\glue(\rightskip) 0.0
.............\write0{\@parlen{GLO0.1}{32}{1}{li1}{GLO0.1}{32}}
.............\glue(\parskip) 0.0
.............\glue(\baselineskip) 2.92284
.............\hbox(7.98604+3.091)x169.90706, glue set 63.67947fil
..............\glue(\leftskip) 28.9081
..............\hbox(0.0+0.0)x0.0
..............\beginL
..............\pdfsavepos
..............\write0{\noexpand \@parstart {GLO0.1}{versetext}{li1}{13.99988pt}{\the \pdflastxpos }{\the \pdflastypos }}
..............\endL
..............\kern -21.68108
..............\font<li1-12.0> a
..............\penalty 10000
..............\glue 0.0 plus 0.04004 minus 0.16003
..............\font<li1-12.0> p
..............\penalty 10000
..............\glue 0.0 plus 0.04004 minus 0.16003
..............\font<li1-12.0> p
..............\penalty 10000
..............\glue 0.0 plus 0.04004 minus 0.16003
..............\font<li1-12.0> e
..............\penalty 10000
..............\glue 0.0 plus 0.04004 minus 0.16003
..............\font<li1-12.0> a
..............\penalty 10000
..............\glue 0.0 plus 0.04004 minus 0.16003
..............\font<li1-12.0> s
..............\penalty 10000
..............\glue 0.0 plus 0.04004 minus 0.16003
..............\font<li1-12.0> e
..............\penalty 10000
..............\glue 0.0 plus 0.04004 minus 0.16003
..............\font<li1-12.0> t
..............\penalty 10000
..............\glue 0.0 plus 0.04004 minus 0.16003
..............\font<li1-12.0> h
..............\penalty 10000
..............\glue 0.0 plus 0.04004 minus 0.16003
..............\font<li1-12.0> ,
..............\glue 2.75002 plus 2.75002 minus 1.375
..............\font<li1-12.0> a
..............\penalty 10000
..............\glue 0.0 plus 0.04004 minus 0.16003
..............\font<li1-12.0> p
..............\penalty 10000
..............\glue 0.0 plus 0.04004 minus 0.16003
..............\font<li1-12.0> p
..............\penalty 10000
..............\glue 0.0 plus 0.04004 minus 0.16003
..............\font<li1-12.0> e
..............\penalty 10000
..............\glue 0.0 plus 0.04004 minus 0.16003
..............\font<li1-12.0> a
..............\penalty 10000
..............\glue 0.0 plus 0.04004 minus 0.16003
..............\font<li1-12.0> s
..............\penalty 10000
..............\glue 0.0 plus 0.04004 minus 0.16003
..............\font<li1-12.0> e
..............\penalty 10000
..............\glue 0.0 plus 0.04004 minus 0.16003
..............\font<li1-12.0> s
..............\beginL
..............\pdfsavepos
..............\write0{\noexpand \@parend {0}{\the \pdflastxpos }{\the \pdflastypos }{\the \lastdepth }}
..............\endL
..............\penalty 10000
..............\glue(\parfillskip) 0.0 plus 1.0fil
..............\glue(\rightskip) 0.0
.............\write0{\@parlen{GLO0.1}{33}{1}{li1}{GLO0.1}{33}}
.............\glue(\parskip) 0.0
.............\glue(\baselineskip) 2.92284
.............\hbox(7.98604+3.091)x169.90706, glue set 43.29637fil
..............\glue(\leftskip) 28.9081
..............\hbox(0.0+0.0)x0.0
..............\beginL
..............\pdfsavepos
..............\write0{\noexpand \@parstart {GLO0.1}{versetext}{li1}{13.99988pt}{\the \pdflastxpos }{\the \pdflastypos }}
..............\endL
..............\kern -21.68108
..............\font<li1-12.0> a
..............\penalty 10000
..............\glue 0.0 plus 0.04004 minus 0.16003
..............\font<li1-12.0> p
..............\penalty 10000
..............\glue 0.0 plus 0.04004 minus 0.16003
..............\font<li1-12.0> p
..............\penalty 10000
..............\glue 0.0 plus 0.04004 minus 0.16003
..............\font<li1-12.0> e
..............\penalty 10000
..............\glue 0.0 plus 0.04004 minus 0.16003
..............\font<li1-12.0> r
..............\penalty 10000
..............\glue 0.0 plus 0.04004 minus 0.16003
..............\font<li1-12.0> t
..............\penalty 10000
..............\glue 0.0 plus 0.04004 minus 0.16003
..............\font<li1-12.0> a
..............\penalty 10000
..............\glue 0.0 plus 0.04004 minus 0.16003
..............\font<li1-12.0> i
..............\penalty 10000
..............\glue 0.0 plus 0.04004 minus 0.16003
..............\font<li1-12.0> n
..............\penalty 10000
..............\glue 0.0 plus 0.04004 minus 0.16003
..............\font<li1-12.0> e
..............\penalty 10000
..............\glue 0.0 plus 0.04004 minus 0.16003
..............\font<li1-12.0> t
..............\penalty 10000
..............\glue 0.0 plus 0.04004 minus 0.16003
..............\font<li1-12.0> h
..............\penalty 10000
..............\glue 0.0 plus 0.04004 minus 0.16003
..............\font<li1-12.0> ,
..............\glue 2.75002 plus 2.75002 minus 1.375
..............\font<li1-12.0> a
..............\penalty 10000
..............\glue 0.0 plus 0.04004 minus 0.16003
..............\font<li1-12.0> p
..............\penalty 10000
..............\glue 0.0 plus 0.04004 minus 0.16003
..............\font<li1-12.0> p
..............\penalty 10000
..............\glue 0.0 plus 0.04004 minus 0.16003
..............\font<li1-12.0> e
..............\penalty 10000
..............\glue 0.0 plus 0.04004 minus 0.16003
..............\font<li1-12.0> r
..............\penalty 10000
..............\glue 0.0 plus 0.04004 minus 0.16003
..............\font<li1-12.0> t
..............\penalty 10000
..............\glue 0.0 plus 0.04004 minus 0.16003
..............\font<li1-12.0> a
..............\penalty 10000
..............\glue 0.0 plus 0.04004 minus 0.16003
..............\font<li1-12.0> i
..............\penalty 10000
..............\glue 0.0 plus 0.04004 minus 0.16003
..............\font<li1-12.0> n
..............\penalty 10000
..............\glue 0.0 plus 0.04004 minus 0.16003
..............\font<li1-12.0> s
..............\beginL
..............\pdfsavepos
..............\write0{\noexpand \@parend {0}{\the \pdflastxpos }{\the \pdflastypos }{\the \lastdepth }}
..............\endL
..............\penalty 10000
..............\glue(\parfillskip) 0.0 plus 1.0fil
..............\glue(\rightskip) 0.0
.............\write0{\@parlen{GLO0.1}{34}{1}{li1}{GLO0.1}{34}}
.............\glue(\parskip) 0.0
.............\glue(\baselineskip) 2.92284
.............\hbox(7.98604+3.091)x169.90706, glue set 61.5125fil
..............\glue(\leftskip) 28.9081
..............\hbox(0.0+0.0)x0.0
..............\beginL
..............\pdfsavepos
..............\write0{\noexpand \@parstart {GLO0.1}{versetext}{li1}{13.99988pt}{\the \pdflastxpos }{\the \pdflastypos }}
..............\endL
..............\kern -21.68108
..............\font<li1-12.0> a
..............\penalty 10000
..............\glue 0.0 plus 0.04004 minus 0.16003
..............\font<li1-12.0> p
..............\penalty 10000
..............\glue 0.0 plus 0.04004 minus 0.16003
..............\font<li1-12.0> p
..............\penalty 10000
..............\glue 0.0 plus 0.04004 minus 0.16003
..............\font<li1-12.0> o
..............\penalty 10000
..............\glue 0.0 plus 0.04004 minus 0.16003
..............\font<li1-12.0> i
..............\penalty 10000
..............\glue 0.0 plus 0.04004 minus 0.16003
..............\font<li1-12.0> n
..............\penalty 10000
..............\glue 0.0 plus 0.04004 minus 0.16003
..............\font<li1-12.0> t
..............\penalty 10000
..............\glue 0.0 plus 0.04004 minus 0.16003
..............\font<li1-12.0> e
..............\penalty 10000
..............\glue 0.0 plus 0.04004 minus 0.16003
..............\font<li1-12.0> t
..............\penalty 10000
..............\glue 0.0 plus 0.04004 minus 0.16003
..............\font<li1-12.0> h
..............\penalty 10000
..............\glue 0.0 plus 0.04004 minus 0.16003
..............\font<li1-12.0> ,
..............\glue 2.75002 plus 2.75002 minus 1.375
..............\font<li1-12.0> a
..............\penalty 10000
..............\glue 0.0 plus 0.04004 minus 0.16003
..............\font<li1-12.0> p
..............\penalty 10000
..............\glue 0.0 plus 0.04004 minus 0.16003
..............\font<li1-12.0> p
..............\penalty 10000
..............\glue 0.0 plus 0.04004 minus 0.16003
..............\font<li1-12.0> o
..............\penalty 10000
..............\glue 0.0 plus 0.04004 minus 0.16003
..............\font<li1-12.0> i
..............\penalty 10000
..............\glue 0.0 plus 0.04004 minus 0.16003
..............\font<li1-12.0> n
..............\penalty 10000
..............\glue 0.0 plus 0.04004 minus 0.16003
..............\font<li1-12.0> t
..............\penalty 10000
..............\glue 0.0 plus 0.04004 minus 0.16003
..............\font<li1-12.0> s
..............\beginL
..............\pdfsavepos
..............\write0{\noexpand \@parend {0}{\the \pdflastxpos }{\the \pdflastypos }{\the \lastdepth }}
..............\endL
..............\penalty 10000
..............\glue(\parfillskip) 0.0 plus 1.0fil
..............\glue(\rightskip) 0.0
.............\write0{\@parlen{GLO0.1}{35}{1}{li1}{GLO0.1}{35}}
.............\glue(\parskip) 0.0
.............\glue(\baselineskip) 2.92284
.............\hbox(7.98604+3.091)x169.90706, glue set 40.27133fil
..............\glue(\leftskip) 28.9081
..............\hbox(0.0+0.0)x0.0
..............\beginL
..............\pdfsavepos
..............\write0{\noexpand \@parstart {GLO0.1}{versetext}{li1}{13.99988pt}{\the \pdflastxpos }{\the \pdflastypos }}
..............\endL
..............\kern -21.68108
..............\font<li1-12.0> a
..............\penalty 10000
..............\glue 0.0 plus 0.04004 minus 0.16003
..............\font<li1-12.0> p
..............\penalty 10000
..............\glue 0.0 plus 0.04004 minus 0.16003
..............\font<li1-12.0> p
..............\penalty 10000
..............\glue 0.0 plus 0.04004 minus 0.16003
..............\font<li1-12.0> r
..............\penalty 10000
..............\glue 0.0 plus 0.04004 minus 0.16003
..............\font<li1-12.0> o
..............\penalty 10000
..............\glue 0.0 plus 0.04004 minus 0.16003
..............\font<li1-12.0> a
..............\penalty 10000
..............\glue 0.0 plus 0.04004 minus 0.16003
..............\font<li1-12.0> c
..............\penalty 10000
..............\glue 0.0 plus 0.04004 minus 0.16003
..............\font<li1-12.0> h
..............\penalty 10000
..............\glue 0.0 plus 0.04004 minus 0.16003
..............\font<li1-12.0> e
..............\penalty 10000
..............\glue 0.0 plus 0.04004 minus 0.16003
..............\font<li1-12.0> t
..............\penalty 10000
..............\glue 0.0 plus 0.04004 minus 0.16003
..............\font<li1-12.0> h
..............\penalty 10000
..............\glue 0.0 plus 0.04004 minus 0.16003
..............\font<li1-12.0> ,
..............\glue 2.75002 plus 2.75002 minus 1.375
..............\font<li1-12.0> a
..............\penalty 10000
..............\glue 0.0 plus 0.04004 minus 0.16003
..............\font<li1-12.0> p
..............\penalty 10000
..............\glue 0.0 plus 0.04004 minus 0.16003
..............\font<li1-12.0> p
..............\penalty 10000
..............\glue 0.0 plus 0.04004 minus 0.16003
..............\font<li1-12.0> r
..............\penalty 10000
..............\glue 0.0 plus 0.04004 minus 0.16003
..............\font<li1-12.0> o
..............\penalty 10000
..............\glue 0.0 plus 0.04004 minus 0.16003
..............\font<li1-12.0> a
..............\penalty 10000
..............\glue 0.0 plus 0.04004 minus 0.16003
..............\font<li1-12.0> c
..............\penalty 10000
..............\glue 0.0 plus 0.04004 minus 0.16003
..............\font<li1-12.0> h
..............\penalty 10000
..............\glue 0.0 plus 0.04004 minus 0.16003
..............\font<li1-12.0> e
..............\penalty 10000
..............\glue 0.0 plus 0.04004 minus 0.16003
..............\font<li1-12.0> s
..............\beginL
..............\pdfsavepos
..............\write0{\noexpand \@parend {0}{\the \pdflastxpos }{\the \pdflastypos }{\the \lastdepth }}
..............\endL
..............\penalty 10000
..............\glue(\parfillskip) 0.0 plus 1.0fil
..............\glue(\rightskip) 0.0
.............\write0{\@parlen{GLO0.1}{36}{1}{li1}{GLO0.1}{36}}
.............\glue(\parskip) 0.0
.............\glue(\baselineskip) 2.92284
.............\hbox(7.98604+3.091)x169.90706, glue set 67.81549fil
..............\glue(\leftskip) 28.9081
..............\hbox(0.0+0.0)x0.0
..............\beginL
..............\pdfsavepos
..............\write0{\noexpand \@parstart {GLO0.1}{versetext}{li1}{13.99988pt}{\the \pdflastxpos }{\the \pdflastypos }}
..............\endL
..............\kern -21.68108
..............\font<li1-12.0> a
..............\penalty 10000
..............\glue 0.0 plus 0.04004 minus 0.16003
..............\font<li1-12.0> p
..............\penalty 10000
..............\glue 0.0 plus 0.04004 minus 0.16003
..............\font<li1-12.0> p
..............\penalty 10000
..............\glue 0.0 plus 0.04004 minus 0.16003
..............\font<li1-12.0> r
..............\penalty 10000
..............\glue 0.0 plus 0.04004 minus 0.16003
..............\font<li1-12.0> o
..............\penalty 10000
..............\glue 0.0 plus 0.04004 minus 0.16003
..............\font<li1-12.0> v
..............\penalty 10000
..............\glue 0.0 plus 0.04004 minus 0.16003
..............\font<li1-12.0> e
..............\penalty 10000
..............\glue 0.0 plus 0.04004 minus 0.16003
..............\font<li1-12.0> s
..............\penalty 10000
..............\glue 0.0 plus 0.04004 minus 0.16003
..............\font<li1-12.0> t
..............\penalty 10000
..............\glue 0.0 plus 0.04004 minus 0.16003
..............\font<li1-12.0> ,
..............\glue 2.75002 plus 2.75002 minus 1.375
..............\font<li1-12.0> a
..............\penalty 10000
..............\glue 0.0 plus 0.04004 minus 0.16003
..............\font<li1-12.0> p
..............\penalty 10000
..............\glue 0.0 plus 0.04004 minus 0.16003
..............\font<li1-12.0> p
..............\penalty 10000
..............\glue 0.0 plus 0.04004 minus 0.16003
..............\font<li1-12.0> r
..............\penalty 10000
..............\glue 0.0 plus 0.04004 minus 0.16003
..............\font<li1-12.0> o
..............\penalty 10000
..............\glue 0.0 plus 0.04004 minus 0.16003
..............\font<li1-12.0> v
..............\penalty 10000
..............\glue 0.0 plus 0.04004 minus 0.16003
..............\font<li1-12.0> e
..............\beginL
..............\pdfsavepos
..............\write0{\noexpand \@parend {0}{\the \pdflastxpos }{\the \pdflastypos }{\the \lastdepth }}
..............\endL
..............\penalty 10000
..............\glue(\parfillskip) 0.0 plus 1.0fil
..............\glue(\rightskip) 0.0
.............\write0{\@parlen{GLO0.1}{37}{1}{li1}{GLO0.1}{37}}
.............\glue(\parskip) 0.0
.............\glue(\baselineskip) 2.92284
.............\hbox(7.98604+3.091)x169.90706, glue set 61.41345fil
..............\glue(\leftskip) 28.9081
..............\hbox(0.0+0.0)x0.0
..............\beginL
..............\pdfsavepos
..............\write0{\noexpand \@parstart {GLO0.1}{versetext}{li1}{13.99988pt}{\the \pdflastxpos }{\the \pdflastypos }}
..............\endL
..............\kern -21.68108
..............\font<li1-12.0> a
..............\penalty 10000
..............\glue 0.0 plus 0.04004 minus 0.16003
..............\font<li1-12.0> p
..............\penalty 10000
..............\glue 0.0 plus 0.04004 minus 0.16003
..............\font<li1-12.0> p
..............\penalty 10000
..............\glue 0.0 plus 0.04004 minus 0.16003
..............\font<li1-12.0> r
..............\penalty 10000
..............\glue 0.0 plus 0.04004 minus 0.16003
..............\font<li1-12.0> o
..............\penalty 10000
..............\glue 0.0 plus 0.04004 minus 0.16003
..............\font<li1-12.0> v
..............\penalty 10000
..............\glue 0.0 plus 0.04004 minus 0.16003
..............\font<li1-12.0> e
..............\penalty 10000
..............\glue 0.0 plus 0.04004 minus 0.16003
..............\font<li1-12.0> t
..............\penalty 10000
..............\glue 0.0 plus 0.04004 minus 0.16003
..............\font<li1-12.0> h
..............\penalty 10000
..............\glue 0.0 plus 0.04004 minus 0.16003
..............\font<li1-12.0> ,
..............\glue 2.75002 plus 2.75002 minus 1.375
..............\font<li1-12.0> a
..............\penalty 10000
..............\glue 0.0 plus 0.04004 minus 0.16003
..............\font<li1-12.0> p
..............\penalty 10000
..............\glue 0.0 plus 0.04004 minus 0.16003
..............\font<li1-12.0> p
..............\penalty 10000
..............\glue 0.0 plus 0.04004 minus 0.16003
..............\font<li1-12.0> r
..............\penalty 10000
..............\glue 0.0 plus 0.04004 minus 0.16003
..............\font<li1-12.0> o
..............\penalty 10000
..............\glue 0.0 plus 0.04004 minus 0.16003
..............\font<li1-12.0> v
..............\penalty 10000
..............\glue 0.0 plus 0.04004 minus 0.16003
..............\font<li1-12.0> e
..............\penalty 10000
..............\glue 0.0 plus 0.04004 minus 0.16003
..............\font<li1-12.0> s
..............\beginL
..............\pdfsavepos
..............\write0{\noexpand \@parend {0}{\the \pdflastxpos }{\the \pdflastypos }{\the \lastdepth }}
..............\endL
..............\penalty 10000
..............\glue(\parfillskip) 0.0 plus 1.0fil
..............\glue(\rightskip) 0.0
.............\write0{\@parlen{GLO0.1}{38}{1}{li1}{GLO0.1}{38}}
.............\glue(\parskip) 0.0
.............\glue(\baselineskip) 2.92284
.............\hbox(7.98604+3.091)x169.90706, glue set 102.15768fil
..............\glue(\leftskip) 28.9081
..............\hbox(0.0+0.0)x0.0
..............\beginL
..............\pdfsavepos
..............\write0{\noexpand \@parstart {GLO0.1}{versetext}{li1}{13.99988pt}{\the \pdflastxpos }{\the \pdflastypos }}
..............\endL
..............\kern -21.68108
..............\font<li1-12.0> a
..............\penalty 10000
..............\glue 0.0 plus 0.04004 minus 0.16003
..............\font<li1-12.0> r
..............\penalty 10000
..............\glue 0.0 plus 0.04004 minus 0.16003
..............\font<li1-12.0> i
..............\penalty 10000
..............\glue 0.0 plus 0.04004 minus 0.16003
..............\font<li1-12.0> s
..............\penalty 10000
..............\glue 0.0 plus 0.04004 minus 0.16003
..............\font<li1-12.0> e
..............\penalty 10000
..............\glue 0.0 plus 0.04004 minus 0.16003
..............\font<li1-12.0> t
..............\penalty 10000
..............\glue 0.0 plus 0.04004 minus 0.16003
..............\font<li1-12.0> h
..............\penalty 10000
..............\glue 0.0 plus 0.04004 minus 0.16003
..............\font<li1-12.0> ,
..............\glue 2.75002 plus 2.75002 minus 1.375
..............\font<li1-12.0> r
..............\penalty 10000
..............\glue 0.0 plus 0.04004 minus 0.16003
..............\font<li1-12.0> i
..............\penalty 10000
..............\glue 0.0 plus 0.04004 minus 0.16003
..............\font<li1-12.0> s
..............\penalty 10000
..............\glue 0.0 plus 0.04004 minus 0.16003
..............\font<li1-12.0> e
..............\penalty 10000
..............\glue 0.0 plus 0.04004 minus 0.16003
..............\font<li1-12.0> s
..............\beginL
..............\pdfsavepos
..............\write0{\noexpand \@parend {0}{\the \pdflastxpos }{\the \pdflastypos }{\the \lastdepth }}
..............\endL
..............\penalty 10000
..............\glue(\parfillskip) 0.0 plus 1.0fil
..............\glue(\rightskip) 0.0
.............\write0{\@parlen{GLO0.1}{39}{1}{li1}{GLO0.1}{39}}
.............\glue(\parskip) 0.0
.............\glue(\baselineskip) 2.92284
.............\hbox(7.98604+3.091)x169.90706, glue set 128.63484fil
..............\glue(\leftskip) 28.9081
..............\hbox(0.0+0.0)x0.0
..............\beginL
..............\pdfsavepos
..............\write0{\noexpand \@parstart {GLO0.1}{versetext}{li1}{13.99988pt}{\the \pdflastxpos }{\the \pdflastypos }}
..............\endL
..............\kern -21.68108
..............\font<li1-12.0> a
..............\penalty 10000
..............\glue 0.0 plus 0.04004 minus 0.16003
..............\font<li1-12.0> r
..............\penalty 10000
..............\glue 0.0 plus 0.04004 minus 0.16003
..............\font<li1-12.0> t
..............\penalty 10000
..............\glue 0.0 plus 0.04004 minus 0.16003
..............\font<li1-12.0> ,
..............\glue 2.75002 plus 2.75002 minus 1.375
..............\font<li1-12.0> a
..............\penalty 10000
..............\glue 0.0 plus 0.04004 minus 0.16003
..............\font<li1-12.0> r
..............\penalty 10000
..............\glue 0.0 plus 0.04004 minus 0.16003
..............\font<li1-12.0> e
..............\beginL
..............\pdfsavepos
..............\write0{\noexpand \@parend {0}{\the \pdflastxpos }{\the \pdflastypos }{\the \lastdepth }}
..............\endL
..............\penalty 10000
..............\glue(\parfillskip) 0.0 plus 1.0fil
..............\glue(\rightskip) 0.0
.............\write0{\@parlen{GLO0.1}{40}{1}{li1}{GLO0.1}{40}}
.............\glue(\parskip) 0.0
.............\glue(\baselineskip) 2.92284
.............\hbox(7.98604+3.091)x169.90706, glue set 70.3785fil
..............\glue(\leftskip) 28.9081
..............\hbox(0.0+0.0)x0.0
..............\beginL
..............\pdfsavepos
..............\write0{\noexpand \@parstart {GLO0.1}{versetext}{li1}{13.99988pt}{\the \pdflastxpos }{\the \pdflastypos }}
..............\endL
..............\kern -21.68108
..............\font<li1-12.0> a
..............\penalty 10000
..............\glue 0.0 plus 0.04004 minus 0.16003
..............\font<li1-12.0> s
..............\penalty 10000
..............\glue 0.0 plus 0.04004 minus 0.16003
..............\font<li1-12.0> c
..............\penalty 10000
..............\glue 0.0 plus 0.04004 minus 0.16003
..............\font<li1-12.0> e
..............\penalty 10000
..............\glue 0.0 plus 0.04004 minus 0.16003
..............\font<li1-12.0> n
..............\penalty 10000
..............\glue 0.0 plus 0.04004 minus 0.16003
..............\font<li1-12.0> d
..............\penalty 10000
..............\glue 0.0 plus 0.04004 minus 0.16003
..............\font<li1-12.0> e
..............\penalty 10000
..............\glue 0.0 plus 0.04004 minus 0.16003
..............\font<li1-12.0> t
..............\penalty 10000
..............\glue 0.0 plus 0.04004 minus 0.16003
..............\font<li1-12.0> h
..............\penalty 10000
..............\glue 0.0 plus 0.04004 minus 0.16003
..............\font<li1-12.0> ,
..............\glue 2.75002 plus 2.75002 minus 1.375
..............\font<li1-12.0> a
..............\penalty 10000
..............\glue 0.0 plus 0.04004 minus 0.16003
..............\font<li1-12.0> s
..............\penalty 10000
..............\glue 0.0 plus 0.04004 minus 0.16003
..............\font<li1-12.0> c
..............\penalty 10000
..............\glue 0.0 plus 0.04004 minus 0.16003
..............\font<li1-12.0> e
..............\penalty 10000
..............\glue 0.0 plus 0.04004 minus 0.16003
..............\font<li1-12.0> n
..............\penalty 10000
..............\glue 0.0 plus 0.04004 minus 0.16003
..............\font<li1-12.0> d
..............\penalty 10000
..............\glue 0.0 plus 0.04004 minus 0.16003
..............\font<li1-12.0> s
..............\beginL
..............\pdfsavepos
..............\write0{\noexpand \@parend {0}{\the \pdflastxpos }{\the \pdflastypos }{\the \lastdepth }}
..............\endL
..............\penalty 10000
..............\glue(\parfillskip) 0.0 plus 1.0fil
..............\glue(\rightskip) 0.0
.............\write0{\@parlen{GLO0.1}{41}{1}{li1}{GLO0.1}{41}}
.............\glue(\parskip) 0.0
.............\glue(\baselineskip) 2.92284
.............\hbox(7.98604+3.091)x169.90706, glue set 111.10075fil
..............\glue(\leftskip) 28.9081
..............\hbox(0.0+0.0)x0.0
..............\beginL
..............\pdfsavepos
..............\write0{\noexpand \@parstart {GLO0.1}{versetext}{li1}{13.99988pt}{\the \pdflastxpos }{\the \pdflastypos }}
..............\endL
..............\kern -21.68108
..............\font<li1-12.0> a
..............\penalty 10000
..............\glue 0.0 plus 0.04004 minus 0.16003
..............\font<li1-12.0> s
..............\penalty 10000
..............\glue 0.0 plus 0.04004 minus 0.16003
..............\font<li1-12.0> k
..............\penalty 10000
..............\glue 0.0 plus 0.04004 minus 0.16003
..............\font<li1-12.0> e
..............\penalty 10000
..............\glue 0.0 plus 0.04004 minus 0.16003
..............\font<li1-12.0> s
..............\penalty 10000
..............\glue 0.0 plus 0.04004 minus 0.16003
..............\font<li1-12.0> t
..............\penalty 10000
..............\glue 0.0 plus 0.04004 minus 0.16003
..............\font<li1-12.0> ,
..............\glue 2.75002 plus 2.75002 minus 1.375
..............\font<li1-12.0> a
..............\penalty 10000
..............\glue 0.0 plus 0.04004 minus 0.16003
..............\font<li1-12.0> s
..............\penalty 10000
..............\glue 0.0 plus 0.04004 minus 0.16003
..............\font<li1-12.0> k
..............\beginL
..............\pdfsavepos
..............\write0{\noexpand \@parend {0}{\the \pdflastxpos }{\the \pdflastypos }{\the \lastdepth }}
..............\endL
..............\penalty 10000
..............\glue(\parfillskip) 0.0 plus 1.0fil
..............\glue(\rightskip) 0.0
.............\write0{\@parlen{GLO0.1}{42}{1}{li1}{GLO0.1}{42}}
.............\glue(\parskip) 0.0
.............\glue(\baselineskip) 2.92284
.............\hbox(7.98604+3.091)x169.90706, glue set 104.69872fil
..............\glue(\leftskip) 28.9081
..............\hbox(0.0+0.0)x0.0
..............\beginL
..............\pdfsavepos
..............\write0{\noexpand \@parstart {GLO0.1}{versetext}{li1}{13.99988pt}{\the \pdflastxpos }{\the \pdflastypos }}
..............\endL
..............\kern -21.68108
..............\font<li1-12.0> a
..............\penalty 10000
..............\glue 0.0 plus 0.04004 minus 0.16003
..............\font<li1-12.0> s
..............\penalty 10000
..............\glue 0.0 plus 0.04004 minus 0.16003
..............\font<li1-12.0> k
..............\penalty 10000
..............\glue 0.0 plus 0.04004 minus 0.16003
..............\font<li1-12.0> e
..............\penalty 10000
..............\glue 0.0 plus 0.04004 minus 0.16003
..............\font<li1-12.0> t
..............\penalty 10000
..............\glue 0.0 plus 0.04004 minus 0.16003
..............\font<li1-12.0> h
..............\penalty 10000
..............\glue 0.0 plus 0.04004 minus 0.16003
..............\font<li1-12.0> ,
..............\glue 2.75002 plus 2.75002 minus 1.375
..............\font<li1-12.0> a
..............\penalty 10000
..............\glue 0.0 plus 0.04004 minus 0.16003
..............\font<li1-12.0> s
..............\penalty 10000
..............\glue 0.0 plus 0.04004 minus 0.16003
..............\font<li1-12.0> k
..............\penalty 10000
..............\glue 0.0 plus 0.04004 minus 0.16003
..............\font<li1-12.0> s
..............\beginL
..............\pdfsavepos
..............\write0{\noexpand \@parend {0}{\the \pdflastxpos }{\the \pdflastypos }{\the \lastdepth }}
..............\endL
..............\penalty 10000
..............\glue(\parfillskip) 0.0 plus 1.0fil
..............\glue(\rightskip) 0.0
.............\write0{\@parlen{GLO0.1}{43}{1}{li1}{GLO0.1}{43}}
.............\glue(\parskip) 0.0
.............\glue(\baselineskip) 2.92284
.............\hbox(7.98604+3.091)x169.90706, glue set 64.50447fil
..............\glue(\leftskip) 28.9081
..............\hbox(0.0+0.0)x0.0
..............\beginL
..............\pdfsavepos
..............\write0{\noexpand \@parstart {GLO0.1}{versetext}{li1}{13.99988pt}{\the \pdflastxpos }{\the \pdflastypos }}
..............\endL
..............\kern -21.68108
..............\font<li1-12.0> a
..............\penalty 10000
..............\glue 0.0 plus 0.04004 minus 0.16003
..............\font<li1-12.0> s
..............\penalty 10000
..............\glue 0.0 plus 0.04004 minus 0.16003
..............\font<li1-12.0> s
..............\penalty 10000
..............\glue 0.0 plus 0.04004 minus 0.16003
..............\font<li1-12.0> w
..............\penalty 10000
..............\glue 0.0 plus 0.04004 minus 0.16003
..............\font<li1-12.0> a
..............\penalty 10000
..............\glue 0.0 plus 0.04004 minus 0.16003
..............\font<li1-12.0> g
..............\penalty 10000
..............\glue 0.0 plus 0.04004 minus 0.16003
..............\font<li1-12.0> e
..............\penalty 10000
..............\glue 0.0 plus 0.04004 minus 0.16003
..............\font<li1-12.0> d
..............\penalty 10000
..............\glue 0.0 plus 0.04004 minus 0.16003
..............\font<li1-12.0> ,
..............\glue 2.75002 plus 2.75002 minus 1.375
..............\font<li1-12.0> a
..............\penalty 10000
..............\glue 0.0 plus 0.04004 minus 0.16003
..............\font<li1-12.0> s
..............\penalty 10000
..............\glue 0.0 plus 0.04004 minus 0.16003
..............\font<li1-12.0> s
..............\penalty 10000
..............\glue 0.0 plus 0.04004 minus 0.16003
..............\font<li1-12.0> u
..............\penalty 10000
..............\glue 0.0 plus 0.04004 minus 0.16003
..............\font<li1-12.0> a
..............\penalty 10000
..............\glue 0.0 plus 0.04004 minus 0.16003
..............\font<li1-12.0> g
..............\penalty 10000
..............\glue 0.0 plus 0.04004 minus 0.16003
..............\font<li1-12.0> e
..............\penalty 10000
..............\glue 0.0 plus 0.04004 minus 0.16003
..............\font<li1-12.0> d
..............\beginL
..............\pdfsavepos
..............\write0{\noexpand \@parend {0}{\the \pdflastxpos }{\the \pdflastypos }{\the \lastdepth }}
..............\endL
..............\penalty 10000
..............\glue(\parfillskip) 0.0 plus 1.0fil
..............\glue(\rightskip) 0.0
.............\write0{\@parlen{GLO0.1}{44}{1}{li1}{GLO0.1}{44}}
.............\glue(\parskip) 0.0
.............\glue(\baselineskip) 2.92284
.............\hbox(7.98604+3.091)x169.90706, glue set 94.08366fil
..............\glue(\leftskip) 28.9081
..............\hbox(0.0+0.0)x0.0
..............\beginL
..............\pdfsavepos
..............\write0{\noexpand \@parstart {GLO0.1}{versetext}{li1}{13.99988pt}{\the \pdflastxpos }{\the \pdflastypos }}
..............\endL
..............\kern -21.68108
..............\font<li1-12.0> a
..............\penalty 10000
..............\glue 0.0 plus 0.04004 minus 0.16003
..............\font<li1-12.0> t
..............\penalty 10000
..............\glue 0.0 plus 0.04004 minus 0.16003
..............\font<li1-12.0> h
..............\penalty 10000
..............\glue 0.0 plus 0.04004 minus 0.16003
..............\font<li1-12.0> i
..............\penalty 10000
..............\glue 0.0 plus 0.04004 minus 0.16003
..............\font<li1-12.0> r
..............\penalty 10000
..............\glue 0.0 plus 0.04004 minus 0.16003
..............\font<li1-12.0> s
..............\penalty 10000
..............\glue 0.0 plus 0.04004 minus 0.16003
..............\font<li1-12.0> t
..............\penalty 10000
..............\glue 0.0 plus 0.04004 minus 0.16003
..............\font<li1-12.0> ,
..............\glue 2.75002 plus 2.75002 minus 1.375
..............\font<li1-12.0> t
..............\penalty 10000
..............\glue 0.0 plus 0.04004 minus 0.16003
..............\font<li1-12.0> h
..............\penalty 10000
..............\glue 0.0 plus 0.04004 minus 0.16003
..............\font<li1-12.0> i
..............\penalty 10000
..............\glue 0.0 plus 0.04004 minus 0.16003
..............\font<li1-12.0> r
..............\penalty 10000
..............\glue 0.0 plus 0.04004 minus 0.16003
..............\font<li1-12.0> s
..............\penalty 10000
..............\glue 0.0 plus 0.04004 minus 0.16003
..............\font<li1-12.0> t
..............\penalty 10000
..............\glue 0.0 plus 0.04004 minus 0.16003
..............\font<li1-12.0> y
..............\beginL
..............\pdfsavepos
..............\write0{\noexpand \@parend {0}{\the \pdflastxpos }{\the \pdflastypos }{\the \lastdepth }}
..............\endL
..............\penalty 10000
..............\glue(\parfillskip) 0.0 plus 1.0fil
..............\glue(\rightskip) 0.0
.............\write0{\@parlen{GLO0.1}{45}{1}{li1}{GLO0.1}{45}}
.............\glue(\parskip) 0.0
.............\glue(\baselineskip) 2.92284
.............\hbox(7.98604+3.091)x169.90706, glue set 90.11263fil
..............\glue(\leftskip) 28.9081
..............\hbox(0.0+0.0)x0.0
..............\beginL
..............\pdfsavepos
..............\write0{\noexpand \@parstart {GLO0.1}{versetext}{li1}{13.99988pt}{\the \pdflastxpos }{\the \pdflastypos }}
..............\endL
..............\kern -21.68108
..............\font<li1-12.0> a
..............\penalty 10000
..............\glue 0.0 plus 0.04004 minus 0.16003
..............\font<li1-12.0> v
..............\penalty 10000
..............\glue 0.0 plus 0.04004 minus 0.16003
..............\font<li1-12.0> a
..............\penalty 10000
..............\glue 0.0 plus 0.04004 minus 0.16003
..............\font<li1-12.0> i
..............\penalty 10000
..............\glue 0.0 plus 0.04004 minus 0.16003
..............\font<li1-12.0> l
..............\penalty 10000
..............\glue 0.0 plus 0.04004 minus 0.16003
..............\font<li1-12.0> e
..............\penalty 10000
..............\glue 0.0 plus 0.04004 minus 0.16003
..............\font<li1-12.0> t
..............\penalty 10000
..............\glue 0.0 plus 0.04004 minus 0.16003
..............\font<li1-12.0> h
..............\penalty 10000
..............\glue 0.0 plus 0.04004 minus 0.16003
..............\font<li1-12.0> ,
..............\glue 2.75002 plus 2.75002 minus 1.375
..............\font<li1-12.0> a
..............\penalty 10000
..............\glue 0.0 plus 0.04004 minus 0.16003
..............\font<li1-12.0> v
..............\penalty 10000
..............\glue 0.0 plus 0.04004 minus 0.16003
..............\font<li1-12.0> a
..............\penalty 10000
..............\glue 0.0 plus 0.04004 minus 0.16003
..............\font<li1-12.0> i
..............\penalty 10000
..............\glue 0.0 plus 0.04004 minus 0.16003
..............\font<li1-12.0> l
..............\penalty 10000
..............\glue 0.0 plus 0.04004 minus 0.16003
..............\font<li1-12.0> s
..............\beginL
..............\pdfsavepos
..............\write0{\noexpand \@parend {0}{\the \pdflastxpos }{\the \pdflastypos }{\the \lastdepth }}
..............\endL
..............\penalty 10000
..............\glue(\parfillskip) 0.0 plus 1.0fil
..............\glue(\rightskip) 0.0
.............\write0{\@parlen{GLO0.1}{46}{1}{li1}{GLO0.1}{46}}
.............\glue(\parskip) 0.0
.............\glue(\baselineskip) 2.92284
.............\hbox(7.98604+3.091)x169.90706, glue set 72.75453fil
..............\glue(\leftskip) 28.9081
..............\hbox(0.0+0.0)x0.0
..............\beginL
..............\pdfsavepos
..............\write0{\noexpand \@parstart {GLO0.1}{versetext}{li1}{13.99988pt}{\the \pdflastxpos }{\the \pdflastypos }}
..............\endL
..............\kern -21.68108
..............\font<li1-12.0> a
..............\penalty 10000
..............\glue 0.0 plus 0.04004 minus 0.16003
..............\font<li1-12.0> v
..............\penalty 10000
..............\glue 0.0 plus 0.04004 minus 0.16003
..............\font<li1-12.0> a
..............\penalty 10000
..............\glue 0.0 plus 0.04004 minus 0.16003
..............\font<li1-12.0> n
..............\penalty 10000
..............\glue 0.0 plus 0.04004 minus 0.16003
..............\font<li1-12.0> g
..............\penalty 10000
..............\glue 0.0 plus 0.04004 minus 0.16003
..............\font<li1-12.0> e
..............\penalty 10000
..............\glue 0.0 plus 0.04004 minus 0.16003
..............\font<li1-12.0> t
..............\penalty 10000
..............\glue 0.0 plus 0.04004 minus 0.16003
..............\font<li1-12.0> h
..............\penalty 10000
..............\glue 0.0 plus 0.04004 minus 0.16003
..............\font<li1-12.0> ,
..............\glue 2.75002 plus 2.75002 minus 1.375
..............\font<li1-12.0> a
..............\penalty 10000
..............\glue 0.0 plus 0.04004 minus 0.16003
..............\font<li1-12.0> v
..............\penalty 10000
..............\glue 0.0 plus 0.04004 minus 0.16003
..............\font<li1-12.0> e
..............\penalty 10000
..............\glue 0.0 plus 0.04004 minus 0.16003
..............\font<li1-12.0> n
..............\penalty 10000
..............\glue 0.0 plus 0.04004 minus 0.16003
..............\font<li1-12.0> g
..............\penalty 10000
..............\glue 0.0 plus 0.04004 minus 0.16003
..............\font<li1-12.0> e
..............\penalty 10000
..............\glue 0.0 plus 0.04004 minus 0.16003
..............\font<li1-12.0> s
..............\beginL
..............\pdfsavepos
..............\write0{\noexpand \@parend {0}{\the \pdflastxpos }{\the \pdflastypos }{\the \lastdepth }}
..............\endL
..............\penalty 10000
..............\glue(\parfillskip) 0.0 plus 1.0fil
..............\glue(\rightskip) 0.0
.............\write0{\@parlen{GLO0.1}{47}{1}{li1}{GLO0.1}{47}}
.............\glue(\parskip) 0.0
.............\glue(\baselineskip) 2.92284
.............\hbox(7.98604+3.091)x169.90706, glue set 79.38757fil
..............\glue(\leftskip) 28.9081
..............\hbox(0.0+0.0)x0.0
..............\beginL
..............\pdfsavepos
..............\write0{\noexpand \@parstart {GLO0.1}{versetext}{li1}{13.99988pt}{\the \pdflastxpos }{\the \pdflastypos }}
..............\endL
..............\kern -21.68108
..............\font<li1-12.0> a
..............\penalty 10000
..............\glue 0.0 plus 0.04004 minus 0.16003
..............\font<li1-12.0> v
..............\penalty 10000
..............\glue 0.0 plus 0.04004 minus 0.16003
..............\font<li1-12.0> e
..............\penalty 10000
..............\glue 0.0 plus 0.04004 minus 0.16003
..............\font<li1-12.0> n
..............\penalty 10000
..............\glue 0.0 plus 0.04004 minus 0.16003
..............\font<li1-12.0> g
..............\penalty 10000
..............\glue 0.0 plus 0.04004 minus 0.16003
..............\font<li1-12.0> e
..............\penalty 10000
..............\glue 0.0 plus 0.04004 minus 0.16003
..............\font<li1-12.0> s
..............\penalty 10000
..............\glue 0.0 plus 0.04004 minus 0.16003
..............\font<li1-12.0> t
..............\penalty 10000
..............\glue 0.0 plus 0.04004 minus 0.16003
..............\font<li1-12.0> ,
..............\glue 2.75002 plus 2.75002 minus 1.375
..............\font<li1-12.0> a
..............\penalty 10000
..............\glue 0.0 plus 0.04004 minus 0.16003
..............\font<li1-12.0> v
..............\penalty 10000
..............\glue 0.0 plus 0.04004 minus 0.16003
..............\font<li1-12.0> e
..............\penalty 10000
..............\glue 0.0 plus 0.04004 minus 0.16003
..............\font<li1-12.0> n
..............\penalty 10000
..............\glue 0.0 plus 0.04004 minus 0.16003
..............\font<li1-12.0> g
..............\penalty 10000
..............\glue 0.0 plus 0.04004 minus 0.16003
..............\font<li1-12.0> e
..............\beginL
..............\pdfsavepos
..............\write0{\noexpand \@parend {0}{\the \pdflastxpos }{\the \pdflastypos }{\the \lastdepth }}
..............\endL
..............\penalty 10000
..............\glue(\parfillskip) 0.0 plus 1.0fil
..............\glue(\rightskip) 0.0
.............\write0{\@parlen{GLO0.1}{48}{1}{li1}{GLO0.1}{48}}
.............\glue(\parskip) 0.0
.............\glue(\baselineskip) 2.92284
.............\hbox(7.98604+3.091)x169.90706, glue set 91.31165fil
..............\glue(\leftskip) 28.9081
..............\hbox(0.0+0.0)x0.0
..............\beginL
..............\pdfsavepos
..............\write0{\noexpand \@parstart {GLO0.1}{versetext}{li1}{13.99988pt}{\the \pdflastxpos }{\the \pdflastypos }}
..............\endL
..............\kern -21.68108
..............\font<li1-12.0> a
..............\penalty 10000
..............\glue 0.0 plus 0.04004 minus 0.16003
..............\font<li1-12.0> w
..............\penalty 10000
..............\glue 0.0 plus 0.04004 minus 0.16003
..............\font<li1-12.0> a
..............\penalty 10000
..............\glue 0.0 plus 0.04004 minus 0.16003
..............\font<li1-12.0> k
..............\penalty 10000
..............\glue 0.0 plus 0.04004 minus 0.16003
..............\font<li1-12.0> e
..............\penalty 10000
..............\glue 0.0 plus 0.04004 minus 0.16003
..............\font<li1-12.0> s
..............\penalty 10000
..............\glue 0.0 plus 0.04004 minus 0.16003
..............\font<li1-12.0> t
..............\penalty 10000
..............\glue 0.0 plus 0.04004 minus 0.16003
..............\font<li1-12.0> ,
..............\glue 2.75002 plus 2.75002 minus 1.375
..............\font<li1-12.0> w
..............\penalty 10000
..............\glue 0.0 plus 0.04004 minus 0.16003
..............\font<li1-12.0> a
..............\penalty 10000
..............\glue 0.0 plus 0.04004 minus 0.16003
..............\font<li1-12.0> k
..............\penalty 10000
..............\glue 0.0 plus 0.04004 minus 0.16003
..............\font<li1-12.0> e
..............\beginL
..............\pdfsavepos
..............\write0{\noexpand \@parend {0}{\the \pdflastxpos }{\the \pdflastypos }{\the \lastdepth }}
..............\endL
..............\penalty 10000
..............\glue(\parfillskip) 0.0 plus 1.0fil
..............\glue(\rightskip) 0.0
.............\write0{\@parlen{GLO0.1}{49}{1}{li1}{GLO0.1}{49}}
.............\glue(\parskip) 0.0
.............\glue(\baselineskip) 2.92284
.............\hbox(7.98604+3.091)x169.90706, glue set 84.9096fil
..............\glue(\leftskip) 28.9081
..............\hbox(0.0+0.0)x0.0
..............\beginL
..............\pdfsavepos
..............\write0{\noexpand \@parstart {GLO0.1}{versetext}{li1}{13.99988pt}{\the \pdflastxpos }{\the \pdflastypos }}
..............\endL
..............\kern -21.68108
..............\font<li1-12.0> a
..............\penalty 10000
..............\glue 0.0 plus 0.04004 minus 0.16003
..............\font<li1-12.0> w
..............\penalty 10000
..............\glue 0.0 plus 0.04004 minus 0.16003
..............\font<li1-12.0> a
..............\penalty 10000
..............\glue 0.0 plus 0.04004 minus 0.16003
..............\font<li1-12.0> k
..............\penalty 10000
..............\glue 0.0 plus 0.04004 minus 0.16003
..............\font<li1-12.0> e
..............\penalty 10000
..............\glue 0.0 plus 0.04004 minus 0.16003
..............\font<li1-12.0> t
..............\penalty 10000
..............\glue 0.0 plus 0.04004 minus 0.16003
..............\font<li1-12.0> h
..............\penalty 10000
..............\glue 0.0 plus 0.04004 minus 0.16003
..............\font<li1-12.0> ,
..............\glue 2.75002 plus 2.75002 minus 1.375
..............\font<li1-12.0> w
..............\penalty 10000
..............\glue 0.0 plus 0.04004 minus 0.16003
..............\font<li1-12.0> a
..............\penalty 10000
..............\glue 0.0 plus 0.04004 minus 0.16003
..............\font<li1-12.0> k
..............\penalty 10000
..............\glue 0.0 plus 0.04004 minus 0.16003
..............\font<li1-12.0> e
..............\penalty 10000
..............\glue 0.0 plus 0.04004 minus 0.16003
..............\font<li1-12.0> s
..............\beginL
..............\pdfsavepos
..............\write0{\noexpand \@parend {0}{\the \pdflastxpos }{\the \pdflastypos }{\the \lastdepth }}
..............\endL
..............\penalty 10000
..............\glue(\parfillskip) 0.0 plus 1.0fil
..............\glue(\rightskip) 0.0
.............\write0{\@parlen{GLO0.1}{50}{1}{li1}{GLO0.1}{50}}
.............\glue(\parskip) 0.0
.............\glue(\baselineskip) 2.92284
.............\hbox(7.98604+3.091)x169.90706, glue set 129.55887fil
..............\glue(\leftskip) 28.9081
..............\hbox(0.0+0.0)x0.0
..............\beginL
..............\pdfsavepos
..............\write0{\noexpand \@parstart {GLO0.1}{versetext}{li1}{13.99988pt}{\the \pdflastxpos }{\the \pdflastypos }}
..............\endL
..............\kern -21.68108
..............\font<li1-12.0> a
..............\penalty 10000
..............\glue 0.0 plus 0.04004 minus 0.16003
..............\font<li1-12.0> x
..............\penalty 10000
..............\glue 0.0 plus 0.04004 minus 0.16003
..............\font<li1-12.0> e
..............\penalty 10000
..............\glue 0.0 plus 0.04004 minus 0.16003
..............\font<li1-12.0> ,
..............\glue 2.75002 plus 2.75002 minus 1.375
..............\font<li1-12.0> a
..............\penalty 10000
..............\glue 0.0 plus 0.04004 minus 0.16003
..............\font<li1-12.0> x
..............\beginL
..............\pdfsavepos
..............\write0{\noexpand \@parend {0}{\the \pdflastxpos }{\the \pdflastypos }{\the \lastdepth }}
..............\endL
..............\penalty 10000
..............\glue(\parfillskip) 0.0 plus 1.0fil
..............\glue(\rightskip) 0.0
.............\write0{\@parlen{GLO0.1}{51}{1}{li1}{GLO0.1}{51}}
.............\pdfsavepos
.............\write0{\string \@colstop {\the \pdflastxpos }{\the \pdflastypos }}
.............\glue 0.0 plus 1.0fil
............\hbox(0.0+0.0)x0.0
...........\kern 3.091
.......\glue(\parskip) 0.0
.......\glue(\lineskip) 0.0
.......\hbox(0.0+0.0)x169.90706, glue set 140.99896fil
........\glue(\leftskip) 28.9081
........\hbox(0.0+0.0)x0.0
........\beginL
........\pdfsavepos
........\write0{\noexpand \@parpageend {\the \pdflastxpos }{\the \pdflastypos }{pageend}}
........\endL
........\penalty 10000
........\glue(\parfillskip) 0.0 plus 1.0fil
........\glue(\rightskip) 0.0
.....\glue(\lineskip) 0.0
.....\vbox(18.50212+3.091)x352.8142
......\kern 10.51608
......\hbox(7.98604+3.091)x352.8142, glue set 165.40704fil
.......\special{color push rgb 0 0 0}
.......\hbox(0.0+0.0)x0.0
........\hbox(0.0+0.0)x0.0
........\glue 0.0 plus 1.0fil minus 1.0fil
.......\glue 0.0 plus 1.0fil
.......\font<li1-12.0> 2007
.......\glue 0.0 plus 1.0fil
.......\hbox(0.0+0.0)x0.0
........\glue 0.0 plus 1.0fil minus 1.0fil
........\hbox(0.0+0.0)x0.0
.......\special{color pop}
...\glue 0.0 plus 1.0fil minus 1.0fil
.\kern 29.87538

[2007] [2008] [2009] [2010] [2011]
Underfill[B]: [2012] ht=55.99951pt, space=69.99939pt, baseline=13.99988pt
Underfill[B]: [2012] ht=293.99744pt, space=307.99731pt, baseline=13.99988pt
 [2012] [2013]
Underfill[B]: [2014] ht=181.99841pt, space=195.99829pt, baseline=13.99988pt
 [2014]
Underfill[B]: [2015] ht=377.9967pt, space=391.99658pt, baseline=13.99988pt
 [2015]
Underfill[B]: [2016] ht=13.99988pt, space=27.99976pt, baseline=13.99988pt
Underfill[B]: [2016] ht=69.99939pt, space=83.99927pt, baseline=13.99988pt
 [2016] [2017]
Underfill[B]: [2018] ht=55.99951pt, space=69.99939pt, baseline=13.99988pt
 [2018]
Overfull \hbox (15.18022pt too wide) in paragraph at lines 668--669
 \font<li1-12.0> a n y(t h i n g )/s o m e(t h i n g )/s h o u l d[][][][] 

\hbox(7.98604+3.091)x169.90706, glue set - 1.0
.\glue(\leftskip) 28.9081
.\font<li1-12.0> a
.\penalty 10000
.\glue 0.0 plus 0.04004 minus 0.16003
.\font<li1-12.0> n
.\penalty 10000
.\glue 0.0 plus 0.04004 minus 0.16003
.\font<li1-12.0> y(t
.\penalty 10000
.\glue 0.0 plus 0.04004 minus 0.16003
.\font<li1-12.0> h
.\penalty 10000
.\glue 0.0 plus 0.04004 minus 0.16003
.\font<li1-12.0> i
.\penalty 10000
.\glue 0.0 plus 0.04004 minus 0.16003
.\font<li1-12.0> n
.\penalty 10000
.\glue 0.0 plus 0.04004 minus 0.16003
.\font<li1-12.0> g
.\penalty 10000
.\glue 0.0 plus 0.04004 minus 0.16003
.\font<li1-12.0> )/s
.\penalty 10000
.\glue 0.0 plus 0.04004 minus 0.16003
.\font<li1-12.0> o
.\penalty 10000
.\glue 0.0 plus 0.04004 minus 0.16003
.\font<li1-12.0> m
.\penalty 10000
.\glue 0.0 plus 0.04004 minus 0.16003
.\font<li1-12.0> e(t
.\penalty 10000
.\glue 0.0 plus 0.04004 minus 0.16003
.\font<li1-12.0> h
.\penalty 10000
.\glue 0.0 plus 0.04004 minus 0.16003
.\font<li1-12.0> i
.\penalty 10000
.\glue 0.0 plus 0.04004 minus 0.16003
.\font<li1-12.0> n
.\penalty 10000
.\glue 0.0 plus 0.04004 minus 0.16003
.\font<li1-12.0> g
.\penalty 10000
.\glue 0.0 plus 0.04004 minus 0.16003
.\font<li1-12.0> )/s
.\penalty 10000
.\glue 0.0 plus 0.04004 minus 0.16003
.\font<li1-12.0> h
.\penalty 10000
.\glue 0.0 plus 0.04004 minus 0.16003
.\font<li1-12.0> o
.\penalty 10000
.\glue 0.0 plus 0.04004 minus 0.16003
.\font<li1-12.0> u
.\penalty 10000
.\glue 0.0 plus 0.04004 minus 0.16003
.\font<li1-12.0> l
.\penalty 10000
.\glue 0.0 plus 0.04004 minus 0.16003
.\font<li1-12.0> d
.\beginL
.\pdfsavepos
.\write0{\noexpand \@parend {0}{\the \pdflastxpos }{\the \pdflastypos }{\the \lastdepth }}
.\endL
.\penalty 10000
.\glue(\parfillskip) 0.0 plus 1.0fil
.\glue(\rightskip) 0.0

Underfill[B]: [2019] ht=209.99817pt, space=223.99805pt, baseline=13.99988pt
[2019] [2020] [2021] [2022] [2023]
Underfill[B]: [2024] ht=349.99695pt, space=363.99683pt, baseline=13.99988pt
 [2024]
Underfill[B]: [2025] ht=419.99634pt, space=433.99622pt, baseline=13.99988pt
 [2025]
Underfill[B]: [2026] ht=97.99915pt, space=111.99902pt, baseline=13.99988pt
Underfill[B]: [2026] ht=69.99939pt, space=83.99927pt, baseline=13.99988pt
 [2026] [2027]) [2028] r=> 0/ 1 coverback: 75.06995pt+0.0pt* 0.0pt coverfront: 446.84225pt+0.0pt* 331.10078pt coverwhole: 597.50787pt+0.0pt* 842.20157pt [2029]
\openout0 = `akjv-two_Default_GEN-GLO_ptxp.delayed'.

 (/work/projects/_PTXprint/akjv-two/local/ptxprint/Default/akjv-two_Default_GEN-GLO_ptxp.parlocs)
\openout3 = `akjv-two_Default_GEN-GLO_ptxp.lot'.

\openout2 = `.tex'.

 Elapsed time: 86.86061s (/work/projects/_PTXprint/akjv-two/local/ptxprint/Default/akjv-two_Default_GEN-GLO_ptxp.notepages) (/work/projects/_PTXprint/akjv-two/local/ptxprint/Default/akjv-two_Default_GEN-GLO_ptxp.picpages) ) 
Here is how much of TeX's memory you used:
 43814 strings out of 495016
 520728 string characters out of 12441608
 515037 words of memory out of 5000000
 47270 multiletter control sequences out of 15000+600000
 4858 words of font info for 30 fonts, out of 8000000 for 9000
 14 hyphenation exceptions out of 65521
 74i,15n,139p,703b,1335s stack positions out of 30000i,1000n,20000p,200000b,200000s

Output written on akjv-two_Default_GEN-GLO_ptxp.xdv (2033 pages, 66338856 bytes).

XeTeX Log Summary: Info: 0   Warn: 1   Error: 0
9 underfilled pages: 2012, 2014-2016, 2018-2019, 2024-2026