This is XeTeX, Version 3.141592653-2.6-0.999995 (TeX Live 2023/Debian) (preloaded format=xetex 2026.9.6)  10 OCT 2026 22:40
entering extended mode
 restricted \write18 enabled.
 %&-line parsing enabled.
**akjv-three_Default_GEN-DEU_ptxp.tex
(/work/projects/_PTXprint/akjv-three/local/ptxprint/Default/akjv-three_Default_GEN-DEU_ptxp.tex (/usr/share/ptx2pdf/texmacros/paratext2.tex This is xetex "0" "999995"
\@ndhooks=\toks13
\st@rtptxhooks=\toks14
\@ndptxhooks=\toks15
\@nithooks=\toks16
\@idhooks=\toks17
\@veryparhooks=\toks18
\@veryparstarthooks=\toks19
\p@rstylehooks=\toks20
\p@rnum=\count28
 (/usr/share/ptx2pdf/texmacros/ptx-constants.tex) (/usr/share/ptx2pdf/texmacros/ptx-utility.tex
\s@vedeofdepth=\count29
\usedm@rks=\toks21
) (/usr/share/ptx2pdf/texmacros/ptx-tracing.tex
\TRACEcount=\count30
 Tracing routines registered for: A b B C c ch cov d dP D De Df Dh Ds dm dmp dmc e eg eb ebi eh et f fp F Fe g G gI h hv H i imt I j m mx M ma n nS o oh orn p pt P per s sa sb spv ss sP sc sC sh sk sko S t tim T u V v x) (/usr/share/ptx2pdf/texmacros/ptx-diglot.tex
\diglotDbgJoinboxes=\count31
\r@a@trialdepth=\count32
\GrowUnprintableLimit=\count277
 Special penalty dgl@tPenColSwap is -10002 Special penalty dgl@tPenInternalRpt is -10003 Special penalty dgl@tPenLtrialEnd is -10004 Special penalty dgl@tPenRtrialEnd is -10005 Special penalty dgl@tPenOverrun is -10006
\diglotLho@ks=\toks22
\diglotRho@ks=\toks23
\FontSizeUnitL=\dimen20
\FontSizeUnitR=\dimen21
\le@dingunitL=\dimen22
\le@dingunitR=\dimen23
\onel@neunitL=\dimen24
\onel@neunitR=\dimen25
\verticalsp@ceunitL=\dimen26
\verticalsp@ceunitR=\dimen27
\IndentUnitL=\dimen28
\IndentUnitR=\dimen29
\p@rlinesgone-L=\count33
\p@rlinesgone-R=\count34
\curr@djparL=\count35
\curr@djparR=\count36
\p@rnumL=\count37
\p@rnumR=\count38
\@numcutsL=\count39
\@numcutsR=\count40
\dropped@ther@linesL=\count41
\dropped@ther@linesR=\count42
\n@xtpartialNrml=\box20
\n@xtpartialRev=\box21
\wholeL=\box22
\partialL=\box23
\excessL=\box24
\excessR=\box25
\wholeR=\box26
\partialR=\box27
\trialbox=\box28
\savedpenalty=\count43
\tmpcount=\count44
\curactivecols=\count45
\Lboxpenalty=\count46
\Rboxpenalty=\count47
\partialLpenalty=\count48
\partialRpenalty=\count49
\endtri@lpen@lty=\count50
\chunkpenalty=\count51
\lastchunkpenalty=\count52
\@bls=\dimen30
\tri@ldelta=\dimen31
\unprint@ble=\count53
\columnLwidth=\dimen32
\columnRwidth=\dimen33
\availhtL=\dimen34
\availhtR=\dimen35
\availht@com=\dimen36
\chunkDelta=\dimen37
\p@geChunkDelta=\dimen38
\baselineDelta=\dimen39
\baselineDeltaL=\dimen40
\baselineDeltaR=\dimen41
\thisjointDelta=\dimen42
\cumulativeDeltaL=\count54
\cumulativeDeltaR=\count55
\cumulativeDelta=\count56
\adjustp@ge=\dimen43
\@ftergalleyskip=\dimen44
\Lht=\dimen45
\Rht=\dimen46
\TempDim=\dimen47
\Lbox=\box29
\Rbox=\box30
\MaxPages=\count57
\topchunk=\box31
\botchunk=\box32
\notechunk=\box33
\triall@@pcount=\count58
) (/usr/share/ptx2pdf/texmacros/ptx-para-style.tex
\l@stparbadness=\count59
\c@rrentcols=\count60
\headingtopspace=\skip18
\headingmidspace=\skip19
\he@dingbox=\box34
\upwardsHackDiff=\dimen48
\lastdepth=\dimen49
\dropped@ther@lines=\count61
\p@rlocs=\write0
\readp@rlocs=\read1
\prev@y=\count62
\this@y=\count63
\thing@y=\count64
\tmp@lines=\count65
\thispar@lines=\count66
\p@rlinesgoneMonoglot=\count67
\pr@vdelay=\count68
\th@sdelay=\count69
\j@nkbox=\box35
\tmpctsb@x=\box36
\ch@pterwd=\dimen50
\ch@pterdp=\dimen51
\ch@pterbox=\box37
\ch@pternote=\box38
\str@tbox=\box39
\tagCount=\count70
) (/usr/share/ptx2pdf/texmacros/ptx-char-style.tex
\f@ntl@g=\write1
\end@box@run=\toks24
\start@box@run=\toks25
\minfontsize=\dimen52
\ulb@x=\box40
\n@tenesting=\count71
\p@ranesting=\count72
) (/usr/share/ptx2pdf/texmacros/ptx-milestone-style.tex
\tmpt@ks=\toks26
\it@mcount=\count73
\afterwordpages=\count74
\num@rgs=\count75
\ISBNfontdim=\dimen53
) (/usr/share/ptx2pdf/texmacros/ptx-note-style.tex
\n@tecl@sses=\toks27
\n@teid=\count76
\AboveNoteSpace=\dimen54
\InterNoteSpace=\dimen55
\NoteCallerWidth=\dimen56
\NoteCallerSpace=\dimen57
\n@tedepth=\dimen58
\fmc@unt=\count77
\he@dingnotes=\box41
\t@blenotes=\box42
\n@tetmp=\box43
\d@note=\toks28
\currn@tetparnum=\count78
\endn@teclasses=\toks29
\plac@ndnotes=\toks30
\f@@tstrut=\box44
\AboveStudyNoteSpace=\dimen59
\AboveEndNoteSpace=\dimen60
\n@tewidth=\dimen61
\lastnoteinterlinepenalty=\count79
\lastnoteparpenalty=\count80
\lastnotewidowpenalty=\count81
\lastnoteclubpenalty=\count82
\earlynoteinterlinepen@lty=\count83
\internoteskip=\skip20
\noteRag=\skip21
\xr@fbox=\box45
\XrefB@x=\box46
\XrefSkip=\dimen62
\tracingonce=\count84
) (/usr/share/ptx2pdf/texmacros/ptx-stylesheet.tex
\pstr@t=\box47
\dropnumbersize=\dimen63
\dropnumberraise=\dimen64
\v@rsehooks=\toks31
\prev@rsehooks=\toks32
\gr@btoks=\toks33
\styl@sheet=\read2
\origb@selineskip=\dimen65
 Special penalty book@ndpenalty is -10007 Special penalty sect@ndpenalty is -10008
\t@stread=\read3
\AdjListPath=\toks34
\PicListPath=\toks35
\TrigListPath=\toks36
\PtxFilePath=\toks37
\do@ctive=\toks38
ch> DefineActiveChar: 91
ch> DefineActiveChar: 40
\usfm@major=\count85
\usfm@minor=\count86
\c@th@@ks=\toks39
\afterh@@ks=\toks40
\FontSizeUnit=\dimen66
\IndentUnit=\dimen67
\PaperWidth=\dimen68
\PaperHeight=\dimen69
\MarginUnit=\dimen70
\BindingGutter=\dimen71
\TitleColumns=\count87
\IntroColumns=\count88
\BodyColumns=\count89
\le@dingunit=\dimen72
\onel@neunit=\dimen73
\verticalsp@ceunit=\dimen74
\topm@rgin=\dimen75
\bottomm@rgin=\dimen76
\bmg@p=\dimen77
\textwidth=\dimen78
\textheight=\dimen79
\colwidth=\dimen80
\ExtraRMargin=\dimen81
\gutter=\dimen82
\XrefNotesWidth=\dimen83
\XrefNotesMargin=\dimen84
) (/usr/share/ptx2pdf/texmacros/ptx-periph.tex
\periphdepth=\count90
\an@nymousperiphs=\count91
) (/usr/share/ptx2pdf/texmacros/ptx-attribute.tex) (/usr/share/ptx2pdf/texmacros/ptx-references.tex
\c@untA=\count92
\c@untB=\count93
\oddhead=\toks41
\evenhead=\toks42
\titleoddhead=\toks43
\titleevenhead=\toks44
\noVoddhead=\toks45
\noVevenhead=\toks46
\oddfoot=\toks47
\evenfoot=\toks48
\titleevenfoot=\toks49
\titleoddfoot=\toks50
\noVoddfoot=\toks51
\noVevenfoot=\toks52
) (/usr/share/ptx2pdf/texmacros/ptx-cropmarks.tex
\topcr@p=\box48
\bottomcr@p=\box49
\pdfcropwidth=\dimen85
\pdfcropheight=\dimen86
\tabheight=\dimen87
\tabwidth=\dimen88
\TabsStart=\dimen89
\TabsEnd=\dimen90
\NumTabs=\count94
\gp@boxN=\box50
\gp@boxL=\box51
\gp@boxR=\box52
\b@rder=\box53
\instopcr@p=\box54
\insbottomcr@p=\box55
\sp@newidth=\dimen91
\bl@eds=\dimen92
\h@nge=\dimen93
) (/usr/share/ptx2pdf/texmacros/ptx-toc.tex
\t@cfile=\write2
\l@tfile=\write3
\tocc@l=\count95
\t@ccount=\count96
\l@drsbox=\box56
) (/usr/share/ptx2pdf/texmacros/ptx-tables.tex
\t@bleinserts=\box57
\s@vedm@rks=\toks53
\s@vedmarkcount=\count97
\t@blehsize=\dimen94
\cellb@x=\box58
\t@talwidth=\dimen95
\trmargin=\dimen96
\linec@unt=\count98
\lct@mp=\count99
\sp@re=\dimen97
\exc@ss=\dimen98
\thr@shold=\dimen99
\nth@line=\count100
\tabler@ws=\count101
\maxtablec@l=\count102
\tablec@l=\count103
\@col=\count104
\@row=\count105
\allocatedtablec@ls=\count106
) (/usr/share/ptx2pdf/texmacros/ptx-triggers.tex
\trigg@rchecks=\toks54
) (/usr/share/ptx2pdf/texmacros/ptx-adj-list.tex
\@djparindex=\count107
\@djlist=\read4
\curr@djpar=\count108
) (/usr/share/ptx2pdf/texmacros/ptx-pic-list.tex
\p@clistsuff=\count109
\p@clistentries=\count110
\p@clistused=\count111
\p@cusecheck=\toks55
\p@clist=\read5
) (/usr/share/ptx2pdf/texmacros/ptx-cutouts.tex
\@numcuts=\count112
\@parshapelines=\count113
\@index=\count114
\@line=\count115
\@after=\count116
\@until=\count117
\@width=\dimen100
\@indent=\dimen101
\@hsize=\dimen102
) (/usr/share/ptx2pdf/texmacros/ptx-callers.tex
\c@llernum=\count118
\numc@llers=\count119
\n@tepages=\write4
\n@tepagetest=\read6
\AutoCallerStartChar=\count120
\AutoCallerNumChars=\count121
) (/usr/share/ptx2pdf/texmacros/ptx-figure.tex
\bottomins=\insert252
\verybottomins=\insert251
\topleftins=\insert250
\toprightins=\insert249
\bottomleftins=\insert248
\bottomrightins=\insert247
\tmpcountB=\count122
\c@ptionbox=\box59
\FigCreditPadding=\dimen103
\FigCreditOverEdgeV=\dimen104
\FigCreditOverEdgeH=\dimen105
\PicPath=\toks56
\newpicb@x=\box60
\picb@x=\box61
\picb@xR=\box62
\wholepagepic=\box63
\p@ramnumber=\count123
\notim@gecount=\count124
\p@cinswid=\dimen106
\p@cwidth=\dimen107
\p@cheight=\dimen108
\p@chshift=\dimen109
\otherinsht=\dimen110
\picl@ctest=\read7
\picp@ges=\write5
\onship@ut=\toks57
) (/usr/share/ptx2pdf/texmacros/ptxplus-character-kerning.tex
\quotekernamount=\dimen111
ch> DefineActiveChar: 8216
ch> DefineActiveChar: 8217
ch> DefineActiveChar: 8220
ch> DefineActiveChar: 8221
) (/usr/share/ptx2pdf/texmacros/ptx-unicode.tex
\KclassVir=\XeTeXcharclass4
\KclassCM=\XeTeXcharclass5
\KclassNum=\XeTeXcharclass6
\KclassArabL=\XeTeXcharclass7
\KclassArabR=\XeTeXcharclass8
\KclassArabD=\XeTeXcharclass9
\KclassArabU=\XeTeXcharclass10
\KclassIgnore=\XeTeXcharclass11
) (/usr/share/ptx2pdf/texmacros/ptx-extended.tex
\extb@x=\box64
\extchunkb@x=\box65
\sid@barnotes=\box66
\old@bx=\toks58
\feintb@xnum=\count125
\sb@rwidth=\dimen112
\sb@rchunkh@ight=\dimen113
\sb@rus@dheightl=\dimen114
\sb@rus@dheightr=\dimen115
) (/usr/share/ptx2pdf/texmacros/ptx-borders.tex
\b@rderbox=\box67
\minblackline=\dimen116
\mincolourline=\dimen117
\minwhiteline=\dimen118
\mingreyline=\dimen119
\TextBorderMode=\count126
) (/usr/share/ptx2pdf/texmacros/ptx-labels.tex) (/usr/share/ptx2pdf/texmacros/ptx-output.tex Special penalty b@ckuppenalty is -10009
\aftergalleyskip=\dimen120
\RHruleposition=\dimen121
\t@xttrialheight=\dimen122
\partial=\box68
\ornXFids=\count127
\ornXobjects=\box69
\bookendbox=\box70
\galley=\box71
\galleypenalty=\count128
\trialheight=\dimen123
\lastd@pth=\dimen124
\s@vedpage=\box72
\availht=\dimen125
\shortavail=\dimen126
\colhtA=\dimen127
\colhtB=\dimen128
\colA=\box73
\colB=\box74
\loopcount=\count129
\availA=\dimen129
\availB=\dimen130
\b@lbestavail=\dimen131
\b@lbestdiff=\dimen132
\t@vailht=\dimen133
\sh@vedim=\dimen134
\sh@venotes=\toks59
\tmp@everypar=\toks60
\coln@tebox=\box75
\n@tesbox=\box76
\n@tesoverrun=\box77
\bestavailht=\dimen135
\und@rfill=\dimen136
\columnshift=\dimen137
\ruleshift=\dimen138
\ColumnGutterRuleSkip=\dimen139
\RuleThickness=\dimen140
\StudyColumnGutterRuleSkip=\dimen141
\t@mpfile=\read8
\colhtC=\dimen142
\colC=\box78
) (/usr/share/ptx2pdf/texmacros/ptx-plugins.tex (/usr/share/ptx2pdf/texmacros/cover.tex) (/usr/share/ptx2pdf/texmacros/ornaments.tex
\OrnamentUnit=\dimen143
\pdf@xunit=\dimen144
\pdf@yunit=\dimen145
\tmptoks=\toks61
\theornament=\box79
\theorngroup=\box80
\orn@strings=\count130
\fill@target=\dimen146
\orn@seq@num=\count131
\mult@count=\count132
\fill@fixed=\dimen147
\fill@stretch=\dimen148
\fill@mult=\dimen149
\fill@mult@min=\dimen150
\fill@mult@min@used=\dimen151
\mult@classes=\toks62
\best@score=\count133
\best@adjust=\dimen152
\best@stretch=\dimen153
\orn@bdr@bot=\box81
\orn@bdr@left=\box82
\orn@bdr@right=\box83
\orn@bdr@top=\box84
)) (/usr/share/ptx2pdf/texmacros/marginnotes.tex
\m@rginnotes=\write6
\m@rginboxes=\box85
\marginnotesgap=\dimen154
\marginnoteswidth=\dimen155
\pcount=\count134
)
\pdfp@ges=\count135
\whichp@ge=\count136
\im@gecount=\count137
\totalp@ges=\count138
\badspacepenalty=\count139
) (/usr/share/ptx2pdf/texmacros/ptx-ptxprint.tex
ch> DefineActiveChar: 65004
ch> DefineActiveChar: 65005
) Reading Paratext stylesheet "standardborders.sty" ()... [\bdr-Vectorian10inside [\bdr-Vectorian15inside [\bdr-Vectorian20inside [\bdr-Vectorian10outside [\bdr-Vectorian5outside [\bdr-Han10inside [\bdr-Han15inside [\bdr-Han15outside [\bdr-Vectorian1 [\bdr-Vectorian2 [\bdr-Vectorian3 [\bdr-Vectorian4 [\bdr-v88 [\bdr-v88out [\bdr-v88r [\bdr-v88c [\bdr-v86c [\bdr-v86out [\bdr-v85r [\bdr-v85 [\bdr-v85out [\bdr-vrule5 [\bdr-vrule10 [\bdr-vrule12 [\bdr-vrule15 [\bdr-vrule20 [\bdr-VectorianRule1 [\cat:VectorianRule1|zrule [\bdr-VectorianRule2 [\cat:VectorianRule2|zrule [\bdr-VectorianRule3 [\cat:VectorianRule3|zrule [\bdr-VectorianRule4 [\cat:VectorianRule4|zrule [\bdr-VectorianRule3m [\cat:VectorianRule3m|zrule [\bdr-VectorianRule3b [\cat:VectorianRule3b|zrule [\bdr-VectorianRule85 [\cat:VectorianRule85|zrule [\bdr-VectorianRule85v [\cat:VectorianRule85v|zrule [\bdr-VectorianRule85s [\cat:VectorianRule85s|zrule [\bdr-VectorianRule86 [\cat:VectorianRule86|zrule [\bdr-VectorianRule87 [\cat:VectorianRule87|zrule [\bdr-VectorianRule88 [\cat:VectorianRule88|zrule [\bdr-VectorianRule89 [\cat:VectorianRule89|zrule [\bdr-hrule5 [\bdr-hrule8 [\bdr-HanRule62 [\cat:HanRule62|zrule [\bdr-HanRule62v [\cat:HanRule62v|zrule [\bdr-HanRule35 [\cat:HanRule35|zrule [\bdr-HanRule47 [\cat:HanRule47|zrule [\bdr-Han1 [\bdr-Han2 [\bdr-Han3 [\bdr-Han4 [\bdr-Han5 [\bdr-Han6 [\bdr-mapedge [\bdr-MapEdge1 [\bdr-MapEdge2 [\bdr-MapEdge3 [\bdr-MapEdge4 [\bdr-MapEdge5 [\bdr-MapEdge6 [\bdr-MapEdge7 [\bdr-MapEdge8 [\bdr-MapEdge9 [\bdr-MapEdge10 [\bdr-MapEdge11 [\bdr-MapEdge12 [\bdr-MapEdge13 [\bdr-MapEdge14 [\bdr-MapEdge15 [\cat:MapEdge1|fig [\cat:MapEdge2|fig [\cat:MapEdge3|fig [\cat:MapEdge4|fig [\cat:MapEdge5|fig [\cat:MapEdge6|fig [\cat:MapEdge7|fig [\cat:MapEdge8|fig [\cat:MapEdge9|fig [\cat:MapEdge10|fig [\cat:MapEdge11|fig [\cat:MapEdge12|fig [\cat:MapEdge13|fig [\cat:MapEdge14|fig [\cat:MapEdge15|fig
Reading optional file "pgflibrarypgfhan.code.tex"
 (/usr/share/ptx2pdf/texmacros/contrib/ornaments/pgflibrarypgfhan.code.tex 2020/04/03 1.0 pgflibraryhan.code.tex)
Reading optional file "pgflibraryvectorian.code.tex"
 (/usr/share/ptx2pdf/texmacros/contrib/ornaments/pgflibraryvectorian.code.tex 2020/04/06 1.1 pgflibraryvectorian.code.tex) Reading Paratext stylesheet "usfm_sb.sty" ()... [\id ] [\usfm ] [\ide ] [\h ] [\h1 ] [\h2 ] [\h3 ] [\toc1 ] [\toc2 ] [\toc3 ] [\toca1 ] [\toca2 ] [\toca3 ] [\rem ] [\sts ] [\restore ] [\imt ] [\imt1 ] [\imt2 ] [\imt3 ] [\imt4 ] [\imte ] [\imte1 ] [\imte2 ] [\is ] [\is1 ] [\is2 ] [\iot ] [\io ] [\io1 ] [\io2 ] [\io3 ] [\io4 ] [\ior ] [\ip ] [\im ] [\ipi ] [\imi ] [\ili ] [\ili1 ] [\ili2 ] [\ipq ] [\imq ] [\ipr ] [\ib ] [\iq ] [\iq1 ] [\iq2 ] [\iq3 ] [\iex ] [\iqt ] [\ie ] [\c ] [\ca ] [\cp ] [\cl ] [\cd ] [\v ] [\va ] [\vp ] [\p ] [\m ] [\po ] [\pr ] [\cls ] [\pmo ] [\pm ] [\pmc ] [\pmr ] [\pi ] [\pi1 ] [\pi2 ] [\pi3 ] [\pc ] [\mi ] [\nb ] [\q ] [\q1 ] [\q2 ] [\q3 ] [\q4 ] [\qc ] [\qr ] [\qs ] [\qa ] [\qac ] [\qm ] [\qm1 ] [\qm2 ] [\qm3 ] [\qd ] [\b ] [\mt ] [\mt1 ] [\mt2 ] [\mt3 ] [\mt4 ] [\mte ] [\mte1 ] [\mte2 ] [\ms ] [\mse ] [\ms1 ] [\ms2 ] [\ms2e ] [\ms3 ] [\ms3e ] [\mr ] [\s ] [\s1 ] [\s1e ] [\s2 ] [\s2e ] [\s3 ] [\s3e ] [\s4 ] [\s4e ] [\sr ] [\r ] [\sp ] [\d ] [\sd ] [\sd1 ] [\sd2 ] [\sd3 ] [\sd4 ] [\tr ] [\th1 ] [\th2 ] [\th3 ] [\th4 ] [\th5 ] [\th6 ] [\th7 ] [\th8 ] [\tc1 ] [\tc2 ] [\tc3 ] [\tc4 ] [\tc5 ] [\tc6 ] [\tc7 ] [\tc8 ] [\thc1 ] [\thc2 ] [\thc3 ] [\thc4 ] [\thc5 ] [\thc6 ] [\thc7 ] [\thc8 ] [\tcc1 ] [\tcc2 ] [\tcc3 ] [\tcc4 ] [\tcc5 ] [\tcc6 ] [\tcc7 ] [\tcc8 ] [\thr1 ] [\thr2 ] [\thr3 ] [\thr4 ] [\thr5 ] [\thr6 ] [\thr7 ] [\thr8 ] [\tcr1 ] [\tcr2 ] [\tcr3 ] [\tcr4 ] [\tcr5 ] [\tcr6 ] [\tcr7 ] [\tcr8 ] [\lh ] [\li ] [\li1 ] [\li2 ] [\li3 ] [\li4 ] [\lf ] [\lim ] [\lim1 ] [\lim2 ] [\lim3 ] [\lim4 ] [\litl ] [\lik ] [\liv ] [\liv1 ] [\liv2 ] [\liv3 ] [\liv4 ] [\f
\note-f=\insert246
\noteb@x-f=\box86
\notesave1-f=\box87
\notesave2-f=\box88
\notesave3-f=\box89
\refn@te-f=\count140
 ] [\fe
\note-fe=\insert245
\noteb@x-fe=\box90
\notesave1-fe=\box91
\notesave2-fe=\box92
\notesave3-fe=\box93
\refn@te-fe=\count141
 ] [\fr ] [\ft ] [\fk ] [\fq ] [\fqa ] [\fl ] [\fw ] [\fp ] [\fs ] [\fv ] [\fdc ] [\fm ] [\x
\note-x=\insert244
\noteb@x-x=\box94
\notesave1-x=\box95
\notesave2-x=\box96
\notesave3-x=\box97
\refn@te-x=\count142
 ] [\xo ] [\xop ] [\xt ] [\xta ] [\xk ] [\xq ] [\xot ] [\xnt ] [\xdc ] [\rq ] [\ef
\note-ef=\insert243
\noteb@x-ef=\box98
\notesave1-ef=\box99
\notesave2-ef=\box100
\notesave3-ef=\box101
\refn@te-ef=\count143
 ] [\ex
\note-ex=\insert242
\noteb@x-ex=\box102
\notesave1-ex=\box103
\notesave2-ex=\box104
\notesave3-ex=\box105
\refn@te-ex=\count144
 ] [\esb ] [\esbe ] [\erq ] [\erqe ] [\cat ] [\qt ] [\nd ] [\tl ] [\dc ] [\bk ] [\sig ] [\pn ] [\png ] [\addpn ] [\wj ] [\k ] [\sls ] [\ord ] [\add ] [\lit ] [\no ] [\it ] [\bd ] [\bdit ] [\em ] [\sc ] [\sup ] [\pb ] [\fig ] [\jmp ] [\pro ] [\rb ] [\w ] [\wh ] [\wg ] [\wa ] [\ndx ] [\periph ] [\p1 ] [\p2 ] [\k1 ] [\k2 ] [\xtSee ] [\xtSeeAlso ] [\qt-s ] [\qt1-s ] [\qt2-s ] [\qt3-s ] [\qt4-s ] [\qt5-s ] [\ts-s ] [\ph ] [\ph1 ] [\ph2 ] [\ph3 ] [\phi ] [\tr1 ] [\tr2 ] [\ps ] [\psi ] [\wr ] [\pub ] [\toc ] [\pref ] [\intro ] [\conc ] [\glo ] [\idx ] [\maps ] [\cov ] [\spine ] [\pubinfo ] [\zpa-xb ] [\zpa-xc ] [\zpa-xv ] [\zpa-d ] Reading Paratext stylesheet "ptx2pdf.sty" ()... [\k [\imt [\imt1 [\imt2 [\imt3 [\imt4 [\imte [\imte1 [\imte2 [\is [\is1 [\is2 [\iot [\io1 [\io2 [\io3 [\io4 [\ip [\im [\ipi [\imi [\ili [\ili1 [\ili2 [\ipq [\imq [\ipr [\ib [\iq [\iq1 [\iq2 [\iq3 [\iex [\ie [\mt [\mt1 [\mt2 [\mt3 [\mt4 [\p [\m [\ms [\b [\ib [\pi [\pi1 [\pi2 [\pi3 [\pc [\mi [\nb [\pn [\nd [\r [\s [\s1 [\s1e [\s2 [\s2e [\s3 [\s3e [\s4 [\s4e [\sr [\d [\lh [\li [\li1 [\li2 [\li3 [\li4 [\pb [\q [\q1 [\q2 [\q3 [\q4 [\qc [\qr [\pi [\pi1 [\pi2 [\pi3 [\tr [\p1 [\p2 [\v [\f [\fr [\fp ] [\fq [\fqa [\fk [\ft [\fv [\fm [\fdc [\x [\xo [\xq [\xk [\xdc [\xot [\xnt [\xt [\iqt [\pmo [\pm [\pmc [\qs [\rq [\pro [\wr [\wh [\wg [\wl ] [\fig [\periph [\rem [\rb ] [\it [\sc [\no [\bd [\bdit [\em [\cat [\err ] [\inc ] [\vrs ] [\ref ] [\refnp ] [\rep ] [\mod ] [\qt-s [\ampersand ] [\asterisk ] [\circumflex ] [\dollar ] [\dopagenums ] [\zfooter ] [\hash ] [\nopagenums ] [\percent ] [\resetpagenums ] [\space ] [\zNeedOddPage ] [\zNeedEvenPage ] [\zNeedQuadPage ] [\xtd ] [\xtl ] [\xtn ] [\xts ] [\xtr ] [\xti ] [\gloss|rb ] [\zthumbtab ] [\cat:colophon|esb [\zimagecopyrights ] [\zfiga ] [\zpdf ] [\zifvarset ] [\zifhook ] [\ztruetext ] [\zfalsetext ] [\ztoc ] [\zfillsignature ] [\zvar ] [\zgetperiph ] [\zISBNbarcode ] [\x-credit [\Dark|x-credit [\Light|x-credit [\None|x-credit [\toc3 [\zbl ] [\zrule ] [\zmakeinsert ] [\zrule ] [\zmvm ] [\zqrcode ] [\zgap ] [\zsetref ] [\vid ] [\zlabel ] [\zpage ] [\zref ] [\zcustommark ] [\zcustomtopmark ] [\zcustombotmark ] [\zcustomfirstmark ] [\zornament ] [\textborder [\id:INT|textborder [\id:GLO|textborder [\id:GLO|p ] [\strong-s ] [\strong-s+li ] [\strong-s+m ] [\wg+strong-s ] [\wh+strong-s ] [\wl+strong-s ] [\xt+strong-s ] [\k+strong-s ] [\cat:toc|tr [\cat:lot|tr [\cat:toc|tc1 [\cat:lot|tc1 [\cat:box|esb [\zglm ] [\zpmkr ] [\th1 [\th2 [\th3 [\th4 [\th5 [\th6 [\th7 [\th8 [\tc1 [\cat:toc|tc1 [\tc2 [\tc3 [\tc4 [\tc5 [\tc6 [\tc7 [\tc8 [\toc1 [\toc2 [\toc3 [\ldrs ] [\cat:coverwhole|esb [\cat:coverspine|esb [\cat:coverfront|esb [\cat:coverback|esb [\cat:coverback|m ] [\cat:ISBNbox|esb [\zcolsync ] [\zlistentry ] [\cat:coverfront|mt1 ] [\cat:coverfront|mt2 ] [\cat:coverspine|mt1 ] [\cat:coverspine|mt2 ] [\cat:titlebox|esb [\cat:headingsbox|esb [\zbn ] [\zbn2 ] Reading Paratext stylesheet "../../../shared/ptxprint/Default/ptxprint.sty" ()... [\+maj ] [\add [\c [\cat:coverfront|esb [\cat:coverfront|mt1 [\cat:coverfront|mt2 [\mt3 [\nb [\p [\zmaj ]
\intercharskip=\skip22
 (/work/projects/_PTXprint/akjv-three/local/ptxprint/Default/akjv-three_Default_GEN-DEU_ptxp.notepages)
\openout4 = `akjv-three_Default_GEN-DEU_ptxp.notepages'.

\langund=\language1
 snippet 1 ptxfile akjv-three_Default_GEN-DEU_ptxp_FRT.SFM monoglot,
Baselineskip for p was undefined, now set  to 13.99988pt(13.99988pt)
 lineskiplimit=-10.49991pt
\baselineskip =13.99988pt, topskip=13.99988pt
\openout0 = `akjv-three_Default_GEN-DEU_ptxp.parlocs'.

 (/work/projects/_PTXprint/akjv-three/local/ptxprint/Default/akjv-three_Default_GEN-DEU_ptxp.delayed)
\endn@te-fe=\box106
\savecolinsert@tLcol=\box107
\savecolinsert@tLchunk=\box108
\savecolinsert@tLnxtpg=\box109
\savecolinsert@tRcol=\box110
\savecolinsert@tRchunk=\box111
\savecolinsert@tRnxtpg=\box112
\savecolinsert@bLcol=\box113
\savecolinsert@bLchunk=\box114
\savecolinsert@bLnxtpg=\box115
\savecolinsert@bRcol=\box116
\savecolinsert@bRchunk=\box117
\savecolinsert@bRnxtpg=\box118
\savebottominscol=\box119
\savebottominschunk=\box120
\savebottominsnxtpg=\box121
\saveverybottominscol=\box122
\saveverybottominschunk=\box123
\saveverybottominsnxtpg=\box124
\savetopinscol=\box125
\savetopinschunk=\box126
\savetopinsnxtpg=\box127
 [\cat:toc|tc1 ] [\cat:toc|tc2 ] [\cat:toc|tc3 ] [\cat:toc|tc4 ]
(no adjustment list "../../../shared/ptxprint/Default/AdjLists/akjv-three_Default_GEN-DEU_ptxp_FRT.SFM.adj" found)
(no picture list "akjv-three_Default_GEN-DEU_ptxp_FRT.SFM.piclist" found)
 (/work/projects/_PTXprint/akjv-three/local/ptxprint/Default/akjv-three_Default_GEN-DEU_ptxp.picpages)
\openout5 = `akjv-three_Default_GEN-DEU_ptxp.picpages'.

Reading optional file "akjv-three_Default_GEN-DEU_ptxp.marginnotes"
 (/work/projects/_PTXprint/akjv-three/local/ptxprint/Default/akjv-three_Default_GEN-DEU_ptxp.marginnotes) (/work/projects/_PTXprint/akjv-three/local/ptxprint/Default/akjv-three_Default_GEN-DEU_ptxp_FRT.SFM pagebreak
Underfill[A]: [-1] ht=178.40439pt, space=503.99754pt, baseline=13.99988pt
 [-1
\openout6 = `akjv-three_Default_GEN-DEU_ptxp.marginnotes'.

] pagebreak
Underfill[A]: [-2] ht=246.13316pt, space=503.99754pt, baseline=13.99988pt
 [-2] pagebreak
Underfill[A]: [-1] ht=55.99951pt, space=503.99754pt, baseline=13.99988pt
 [-1]) Blank page for 3 [-2] ptxfile 01GENakjv-three-Default.USFM monoglot,
(no adjustment list "../../../shared/ptxprint/Default/AdjLists/01GENakjv-three-Default.USFM.adj" found)
(no picture list "01GENakjv-three-Default.USFM.piclist" found)
 (./01GENakjv-three-Default.USFM First chapter for GEN
Underfill[A]: [1] ht=419.99634pt, space=433.99815pt, baseline=13.99988pt
Underfill[B]: [1] ht=419.99634pt, space=433.99815pt, baseline=13.99988pt
 [1]
Underfill[B]: [2] ht=489.99573pt, space=503.99754pt, baseline=13.99988pt
 [2]
Underfill[A]: [3] ht=489.99573pt, space=503.99754pt, baseline=13.99988pt
Underfill[B]: [3] ht=489.99573pt, space=503.99754pt, baseline=13.99988pt
 [3]
Underfill[A]: [4] ht=489.99573pt, space=503.99754pt, baseline=13.99988pt
Underfill[B]: [4] ht=489.99573pt, space=503.99754pt, baseline=13.99988pt
 [4] [5] [6] [7]
Underfill[B]: [8] ht=489.99573pt, space=503.99754pt, baseline=13.99988pt
 [8]
Underfill[A]: [9] ht=489.99573pt, space=503.99754pt, baseline=13.99988pt
Underfill[B]: [9] ht=489.99573pt, space=503.99754pt, baseline=13.99988pt
 [9]
Underfill[A]: [10] ht=489.99573pt, space=503.99754pt, baseline=13.99988pt
 [10]
Underfill[B]: [11] ht=489.99573pt, space=503.99754pt, baseline=13.99988pt
 [11] [12]
Underfill[A]: [13] ht=489.99573pt, space=503.99754pt, baseline=13.99988pt
Underfill[B]: [13] ht=489.99573pt, space=503.99754pt, baseline=13.99988pt
 [13]
Underfill[A]: [14] ht=489.99573pt, space=503.99754pt, baseline=13.99988pt
 [14] [15]
Underfill[A]: [16] ht=489.99573pt, space=503.99754pt, baseline=13.99988pt
Underfill[B]: [16] ht=475.99585pt, space=503.99754pt, baseline=13.99988pt
 [16]
Underfill[B]: [17] ht=489.99573pt, space=503.99754pt, baseline=13.99988pt
 [17]
Underfill[A]: [18] ht=489.99573pt, space=503.99754pt, baseline=13.99988pt
Underfill[B]: [18] ht=489.99573pt, space=503.99754pt, baseline=13.99988pt
 [18]
Underfill[A]: [19] ht=489.99573pt, space=503.99754pt, baseline=13.99988pt
 [19]
Underfill[A]: [20] ht=489.99573pt, space=503.99754pt, baseline=13.99988pt
 [20] [21]
Underfill[A]: [22] ht=475.99585pt, space=503.99754pt, baseline=13.99988pt
 [22] [23]
Underfill[A]: [24] ht=489.99573pt, space=503.99754pt, baseline=13.99988pt
 [24]
Underfill[B]: [25] ht=489.99573pt, space=503.99754pt, baseline=13.99988pt
 [25]
Underfill[B]: [26] ht=489.99573pt, space=503.99754pt, baseline=13.99988pt
 [26] [27]
Underfill[B]: [28] ht=489.99573pt, space=503.99754pt, baseline=13.99988pt
 [28]
Underfill[A]: [29] ht=489.99573pt, space=503.99754pt, baseline=13.99988pt
 [29] [30] [31]
Underfill[A]: [32] ht=489.99573pt, space=503.99754pt, baseline=13.99988pt
 [32]
Underfill[B]: [33] ht=475.99585pt, space=503.99754pt, baseline=13.99988pt
 [33] [34]
Underfill[B]: [35] ht=475.99585pt, space=503.99754pt, baseline=13.99988pt
 [35]
Underfill[B]: [36] ht=489.99573pt, space=503.99754pt, baseline=13.99988pt
 [36] [37]
Underfill[A]: [38] ht=489.99573pt, space=503.99754pt, baseline=13.99988pt
Underfill[B]: [38] ht=489.99573pt, space=503.99754pt, baseline=13.99988pt
 [38]
Underfill[A]: [39] ht=489.99573pt, space=503.99754pt, baseline=13.99988pt
Underfill[B]: [39] ht=489.99573pt, space=503.99754pt, baseline=13.99988pt
 [39]
Underfill[B]: [40] ht=489.99573pt, space=503.99754pt, baseline=13.99988pt
 [40]
Underfill[B]: [41] ht=489.99573pt, space=503.99754pt, baseline=13.99988pt
 [41]
Underfill[A]: [42] ht=489.99573pt, space=503.99754pt, baseline=13.99988pt
 [42] [43]
Underfill[B]: [44] ht=489.99573pt, space=503.99754pt, baseline=13.99988pt
 [44] [45]
Underfill[B]: [46] ht=489.99573pt, space=503.99754pt, baseline=13.99988pt
 [46] [47] [48]
Underfill[A]: [49] ht=489.99573pt, space=503.99754pt, baseline=13.99988pt
Underfill[B]: [49] ht=489.99573pt, space=503.99754pt, baseline=13.99988pt
 [49] [50] [51]
Underfill[B]: [52] ht=489.99573pt, space=503.99754pt, baseline=13.99988pt
 [52]
Underfill[B]: [53] ht=489.99573pt, space=503.99754pt, baseline=13.99988pt
 [53] [54] [55] [56] [57]
Underfill[B]: [58] ht=489.99573pt, space=503.99754pt, baseline=13.99988pt
 [58]
Underfill[A]: [59] ht=489.99573pt, space=503.99754pt, baseline=13.99988pt
Underfill[B]: [59] ht=489.99573pt, space=503.99754pt, baseline=13.99988pt
 [59]
Underfill[B]: [60] ht=489.99573pt, space=503.99754pt, baseline=13.99988pt
 [60] [61]
Underfill[A]: [62] ht=475.99585pt, space=503.99754pt, baseline=13.99988pt
 [62]
Underfill[B]: [63] ht=489.99573pt, space=503.99754pt, baseline=13.99988pt
 [63] [64]
Underfill[A]: [65] ht=475.99585pt, space=503.99754pt, baseline=13.99988pt
Underfill[B]: [65] ht=489.99573pt, space=503.99754pt, baseline=13.99988pt
 [65]
Underfill[A]: [66] ht=489.99573pt, space=503.99754pt, baseline=13.99988pt
Underfill[B]: [66] ht=489.99573pt, space=503.99754pt, baseline=13.99988pt
 [66]
Underfill[B]: [67] ht=489.99573pt, space=503.99754pt, baseline=13.99988pt
 [67]
Underfill[B]: [68] ht=489.99573pt, space=503.99754pt, baseline=13.99988pt
 [68]
Underfill[A]: [69] ht=489.99573pt, space=503.99754pt, baseline=13.99988pt
Underfill[B]: [69] ht=489.99573pt, space=503.99754pt, baseline=13.99988pt
 [69]
Underfill[A]: [70] ht=475.99585pt, space=503.99754pt, baseline=13.99988pt
 [70]
Underfill[A]: [71] ht=489.99573pt, space=503.99754pt, baseline=13.99988pt
 [71]
Underfill[A]: [72] ht=489.99573pt, space=503.99754pt, baseline=13.99988pt
Underfill[B]: [72] ht=489.99573pt, space=503.99754pt, baseline=13.99988pt
 [72]
Underfill[B]: [73] ht=489.99573pt, space=503.99754pt, baseline=13.99988pt
 [73]
Underfill[B]: [74] ht=489.99573pt, space=503.99754pt, baseline=13.99988pt
 [74] [75] [76]
Underfill[B]: [77] ht=489.99573pt, space=503.99754pt, baseline=13.99988pt
 [77] [78]
Underfill[A]: [79] ht=489.99573pt, space=503.99754pt, baseline=13.99988pt
Underfill[B]: [79] ht=489.99573pt, space=503.99754pt, baseline=13.99988pt
 [79] [80]
Underfill[A]: [81] ht=489.99573pt, space=503.99754pt, baseline=13.99988pt
Underfill[B]: [81] ht=489.99573pt, space=503.99754pt, baseline=13.99988pt
 [81]
Underfill[A]: [82] ht=489.99573pt, space=503.99754pt, baseline=13.99988pt
 [82]
Underfill[B]: [83] ht=475.99585pt, space=503.99754pt, baseline=13.99988pt
 [83]
Underfill[A]: [84] ht=489.99573pt, space=503.99754pt, baseline=13.99988pt
 [84]
Underfill[A]: [85] ht=489.99573pt, space=503.99754pt, baseline=13.99988pt
 [85]
Underfill[B]: [86] ht=489.99573pt, space=503.99754pt, baseline=13.99988pt
 [86]
Underfill[B]: [87] ht=489.99573pt, space=503.99754pt, baseline=13.99988pt
 [87]
Underfill[A]: [88] ht=489.99573pt, space=503.99754pt, baseline=13.99988pt
Underfill[B]: [88] ht=489.99573pt, space=503.99754pt, baseline=13.99988pt
 [88]
Underfill[A]: [89] ht=489.99573pt, space=503.99754pt, baseline=13.99988pt
 [89]
Underfill[A]: [90] ht=489.99573pt, space=503.99754pt, baseline=13.99988pt
 [90] [91]
Underfill[A]: [92] ht=489.99573pt, space=503.99754pt, baseline=13.99988pt
 [92])
Underfill[A]: [93] ht=97.99915pt, space=111.99902pt, baseline=13.99988pt
 [93] ptxfile 18JOBakjv-three-Default.USFM monoglot,
(no adjustment list "../../../shared/ptxprint/Default/AdjLists/18JOBakjv-three-Default.USFM.adj" found)
(no picture list "18JOBakjv-three-Default.USFM.piclist" found)
 (./18JOBakjv-three-Default.USFM First chapter for JOB
Underfill[A]: [94] ht=419.99634pt, space=433.99815pt, baseline=13.99988pt
Underfill[B]: [94] ht=419.99634pt, space=433.99815pt, baseline=13.99988pt
 [94]
Underfill[A]: [95] ht=489.99573pt, space=503.99754pt, baseline=13.99988pt
 [95] [96]
Underfill[A]: [97] ht=475.99585pt, space=503.99754pt, baseline=13.99988pt
Underfill[B]: [97] ht=489.99573pt, space=503.99754pt, baseline=13.99988pt
 [97]
Underfill[A]: [98] ht=489.99573pt, space=503.99754pt, baseline=13.99988pt
Underfill[B]: [98] ht=489.99573pt, space=503.99754pt, baseline=13.99988pt
 [98]
Underfill[A]: [99] ht=489.99573pt, space=503.99754pt, baseline=13.99988pt
 [99] [100]
Underfill[A]: [101] ht=489.99573pt, space=503.99754pt, baseline=13.99988pt
 [101]
Underfill[A]: [102] ht=489.99573pt, space=503.99754pt, baseline=13.99988pt
Underfill[B]: [102] ht=489.99573pt, space=503.99754pt, baseline=13.99988pt
 [102] [103]
Underfill[A]: [104] ht=475.99585pt, space=503.99754pt, baseline=13.99988pt
 [104]
Underfill[A]: [105] ht=489.99573pt, space=503.99754pt, baseline=13.99988pt
 [105]
Underfill[A]: [106] ht=489.99573pt, space=503.99754pt, baseline=13.99988pt
Underfill[B]: [106] ht=489.99573pt, space=503.99754pt, baseline=13.99988pt
 [106]
Underfill[A]: [107] ht=489.99573pt, space=503.99754pt, baseline=13.99988pt
 [107]
Underfill[A]: [108] ht=489.99573pt, space=503.99754pt, baseline=13.99988pt
Underfill[B]: [108] ht=475.99585pt, space=503.99754pt, baseline=13.99988pt
 [108]
Underfill[A]: [109] ht=475.99585pt, space=503.99754pt, baseline=13.99988pt
Underfill[B]: [109] ht=489.99573pt, space=503.99754pt, baseline=13.99988pt
 [109]
Underfill[A]: [110] ht=475.99585pt, space=503.99754pt, baseline=13.99988pt
 [110]
Underfill[A]: [111] ht=489.99573pt, space=503.99754pt, baseline=13.99988pt
Underfill[B]: [111] ht=489.99573pt, space=503.99754pt, baseline=13.99988pt
 [111]
Underfill[B]: [112] ht=489.99573pt, space=503.99754pt, baseline=13.99988pt
 [112]
Underfill[B]: [113] ht=489.99573pt, space=503.99754pt, baseline=13.99988pt
 [113]
Underfill[A]: [114] ht=475.99585pt, space=503.99754pt, baseline=13.99988pt
 [114]
Underfill[B]: [115] ht=489.99573pt, space=503.99754pt, baseline=13.99988pt
 [115]
Underfill[A]: [116] ht=489.99573pt, space=503.99754pt, baseline=13.99988pt
Underfill[B]: [116] ht=489.99573pt, space=503.99754pt, baseline=13.99988pt
 [116]
Underfill[A]: [117] ht=475.99585pt, space=503.99754pt, baseline=13.99988pt
 [117]
Underfill[A]: [118] ht=489.99573pt, space=503.99754pt, baseline=13.99988pt
 [118]
Underfill[A]: [119] ht=475.99585pt, space=503.99754pt, baseline=13.99988pt
Underfill[B]: [119] ht=475.99585pt, space=503.99754pt, baseline=13.99988pt
 [119]
Underfill[A]: [120] ht=461.99597pt, space=503.99754pt, baseline=13.99988pt
Underfill[B]: [120] ht=489.99573pt, space=503.99754pt, baseline=13.99988pt
 [120]
Underfill[A]: [121] ht=475.99585pt, space=503.99754pt, baseline=13.99988pt
Underfill[B]: [121] ht=475.99585pt, space=503.99754pt, baseline=13.99988pt
 [121]
Underfill[B]: [122] ht=489.99573pt, space=503.99754pt, baseline=13.99988pt
 [122]
Underfill[B]: [123] ht=489.99573pt, space=503.99754pt, baseline=13.99988pt
 [123]
Underfill[A]: [124] ht=475.99585pt, space=503.99754pt, baseline=13.99988pt
Underfill[B]: [124] ht=475.99585pt, space=503.99754pt, baseline=13.99988pt
 [124]
Underfill[A]: [125] ht=489.99573pt, space=503.99754pt, baseline=13.99988pt
Underfill[B]: [125] ht=489.99573pt, space=503.99754pt, baseline=13.99988pt
 [125]
Underfill[A]: [126] ht=475.99585pt, space=503.99754pt, baseline=13.99988pt
Underfill[B]: [126] ht=489.99573pt, space=503.99754pt, baseline=13.99988pt
 [126]
Underfill[B]: [127] ht=489.99573pt, space=503.99754pt, baseline=13.99988pt
 [127]
Underfill[A]: [128] ht=475.99585pt, space=503.99754pt, baseline=13.99988pt
Underfill[B]: [128] ht=489.99573pt, space=503.99754pt, baseline=13.99988pt
 [128]
Underfill[B]: [129] ht=489.99573pt, space=503.99754pt, baseline=13.99988pt
 [129]
Underfill[B]: [130] ht=489.99573pt, space=503.99754pt, baseline=13.99988pt
 [130]
Underfill[A]: [131] ht=489.99573pt, space=503.99754pt, baseline=13.99988pt
Underfill[B]: [131] ht=489.99573pt, space=503.99754pt, baseline=13.99988pt
 [131]
Underfill[A]: [132] ht=489.99573pt, space=503.99754pt, baseline=13.99988pt
Underfill[B]: [132] ht=489.99573pt, space=503.99754pt, baseline=13.99988pt
 [132] [133]
Underfill[A]: [134] ht=489.99573pt, space=503.99754pt, baseline=13.99988pt
Underfill[B]: [134] ht=489.99573pt, space=503.99754pt, baseline=13.99988pt
 [134] [135]
Underfill[A]: [136] ht=475.99585pt, space=503.99754pt, baseline=13.99988pt
Underfill[B]: [136] ht=489.99573pt, space=503.99754pt, baseline=13.99988pt
 [136]
Underfill[A]: [137] ht=489.99573pt, space=503.99754pt, baseline=13.99988pt
 [137]
Underfill[B]: [138] ht=489.99573pt, space=503.99754pt, baseline=13.99988pt
 [138]
Underfill[A]: [139] ht=489.99573pt, space=503.99754pt, baseline=13.99988pt
Underfill[B]: [139] ht=489.99573pt, space=503.99754pt, baseline=13.99988pt
 [139]) [140] ptxfile 02EXOakjv-three-Default.USFM monoglot,
(no adjustment list "../../../shared/ptxprint/Default/AdjLists/02EXOakjv-three-Default.USFM.adj" found)
(no picture list "02EXOakjv-three-Default.USFM.piclist" found)
 (./02EXOakjv-three-Default.USFM First chapter for EXO
Underfill[A]: [141] ht=419.99634pt, space=433.99815pt, baseline=13.99988pt
Underfill[B]: [141] ht=419.99634pt, space=433.99815pt, baseline=13.99988pt
 [141]
Underfill[B]: [142] ht=489.99573pt, space=503.99754pt, baseline=13.99988pt
 [142] [143] [144]
Underfill[A]: [145] ht=489.99573pt, space=503.99754pt, baseline=13.99988pt
Underfill[B]: [145] ht=489.99573pt, space=503.99754pt, baseline=13.99988pt
 [145]
Underfill[B]: [146] ht=489.99573pt, space=503.99754pt, baseline=13.99988pt
 [146]
Underfill[B]: [147] ht=489.99573pt, space=503.99754pt, baseline=13.99988pt
 [147] [148]
Underfill[A]: [149] ht=489.99573pt, space=503.99754pt, baseline=13.99988pt
 [149] [150]
Underfill[A]: [151] ht=489.99573pt, space=503.99754pt, baseline=13.99988pt
Underfill[B]: [151] ht=489.99573pt, space=503.99754pt, baseline=13.99988pt
 [151]
Underfill[B]: [152] ht=489.99573pt, space=503.99754pt, baseline=13.99988pt
 [152] [153]
Underfill[A]: [154] ht=489.99573pt, space=503.99754pt, baseline=13.99988pt
 [154]
Underfill[A]: [155] ht=489.99573pt, space=503.99754pt, baseline=13.99988pt
 [155] [156] [157]
Underfill[A]: [158] ht=489.99573pt, space=503.99754pt, baseline=13.99988pt
 [158] [159]
Underfill[A]: [160] ht=489.99573pt, space=503.99754pt, baseline=13.99988pt
 [160]
Underfill[B]: [161] ht=489.99573pt, space=503.99754pt, baseline=13.99988pt
 [161] [162]
Underfill[A]: [163] ht=489.99573pt, space=503.99754pt, baseline=13.99988pt
Underfill[B]: [163] ht=489.99573pt, space=503.99754pt, baseline=13.99988pt
 [163] [164]
Underfill[B]: [165] ht=489.99573pt, space=503.99754pt, baseline=13.99988pt
 [165]
Underfill[B]: [166] ht=489.99573pt, space=503.99754pt, baseline=13.99988pt
 [166]
Underfill[B]: [167] ht=489.99573pt, space=503.99754pt, baseline=13.99988pt
 [167] [168] [169]
Underfill[A]: [170] ht=489.99573pt, space=503.99754pt, baseline=13.99988pt
Underfill[B]: [170] ht=489.99573pt, space=503.99754pt, baseline=13.99988pt
 [170]
Underfill[B]: [171] ht=489.99573pt, space=503.99754pt, baseline=13.99988pt
 [171] [172]
Underfill[A]: [173] ht=475.99585pt, space=503.99754pt, baseline=13.99988pt
 [173]
Underfill[B]: [174] ht=489.99573pt, space=503.99754pt, baseline=13.99988pt
 [174]
Underfill[B]: [175] ht=489.99573pt, space=503.99754pt, baseline=13.99988pt
 [175]
Underfill[A]: [176] ht=489.99573pt, space=503.99754pt, baseline=13.99988pt
Underfill[B]: [176] ht=489.99573pt, space=503.99754pt, baseline=13.99988pt
 [176]
Underfill[A]: [177] ht=489.99573pt, space=503.99754pt, baseline=13.99988pt
 [177]
Underfill[A]: [178] ht=489.99573pt, space=503.99754pt, baseline=13.99988pt
Underfill[B]: [178] ht=489.99573pt, space=503.99754pt, baseline=13.99988pt
 [178]
Underfill[A]: [179] ht=489.99573pt, space=503.99754pt, baseline=13.99988pt
 [179]
Underfill[B]: [180] ht=489.99573pt, space=503.99754pt, baseline=13.99988pt
 [180] [181] [182]
Underfill[A]: [183] ht=475.99585pt, space=503.99754pt, baseline=13.99988pt
 [183]
Underfill[A]: [184] ht=489.99573pt, space=503.99754pt, baseline=13.99988pt
 [184] [185] [186]
Underfill[A]: [187] ht=489.99573pt, space=503.99754pt, baseline=13.99988pt
Underfill[B]: [187] ht=489.99573pt, space=503.99754pt, baseline=13.99988pt
 [187] [188] [189]
Underfill[A]: [190] ht=489.99573pt, space=503.99754pt, baseline=13.99988pt
 [190] [191] [192]
Underfill[B]: [193] ht=489.99573pt, space=503.99754pt, baseline=13.99988pt
 [193] [194] [195]
Underfill[A]: [196] ht=489.99573pt, space=503.99754pt, baseline=13.99988pt
 [196]
Underfill[A]: [197] ht=489.99573pt, space=503.99754pt, baseline=13.99988pt
 [197] [198]
Underfill[A]: [199] ht=489.99573pt, space=503.99754pt, baseline=13.99988pt
Underfill[B]: [199] ht=489.99573pt, space=503.99754pt, baseline=13.99988pt
 [199]
Underfill[A]: [200] ht=489.99573pt, space=503.99754pt, baseline=13.99988pt
 [200]
Underfill[A]: [201] ht=489.99573pt, space=503.99754pt, baseline=13.99988pt
 [201] [202]
Underfill[A]: [203] ht=489.99573pt, space=503.99754pt, baseline=13.99988pt
 [203]
Underfill[A]: [204] ht=489.99573pt, space=503.99754pt, baseline=13.99988pt
 [204]
Underfill[A]: [205] ht=489.99573pt, space=503.99754pt, baseline=13.99988pt
 [205]
Underfill[A]: [206] ht=489.99573pt, space=503.99754pt, baseline=13.99988pt
 [206] [207] [208]
Underfill[A]: [209] ht=489.99573pt, space=503.99754pt, baseline=13.99988pt
Underfill[B]: [209] ht=489.99573pt, space=503.99754pt, baseline=13.99988pt
 [209]
Underfill[A]: [210] ht=475.99585pt, space=503.99754pt, baseline=13.99988pt
 [210] [211]
Underfill[B]: [212] ht=489.99573pt, space=503.99754pt, baseline=13.99988pt
 [212]
Underfill[A]: [213] ht=489.99573pt, space=503.99754pt, baseline=13.99988pt
 [213]
Underfill[B]: [214] ht=489.99573pt, space=503.99754pt, baseline=13.99988pt
 [214]
Underfill[A]: [215] ht=489.99573pt, space=503.99754pt, baseline=13.99988pt
Underfill[B]: [215] ht=489.99573pt, space=503.99754pt, baseline=13.99988pt
 [215]
Underfill[A]: [216] ht=489.99573pt, space=503.99754pt, baseline=13.99988pt
 [216]
Underfill[A]: [217] ht=489.99573pt, space=503.99754pt, baseline=13.99988pt
 [217])
Underfill[A]: [218] ht=377.9967pt, space=391.99658pt, baseline=13.99988pt

Overfull \vbox (21.59312pt too high) detected at line 565

\vbox(597.50787+0.0)x421.10078
.\kern 51.21964
.\vbox(534.91498+3.091)x421.10078
..\hbox(534.91498+3.091)x421.10078, glue set 34.1433fil
...\glue 0.0 plus 1.0fil minus 1.0fil
...\hbox(534.91498+3.091)x352.8142
....\vbox(534.91498+3.091)x352.8142
.....\vbox(0.0+0.0)x352.8142, glue set 15.00977fil
......\kern -51.21964
......\vbox(36.20987+0.0)x352.8142
.......\kern 28.50987
.......\vbox(7.7+0.0)x352.8142
........\hbox(7.98604+3.091)x352.8142
.........\special{color push rgb 0 0 0}
.........\hbox(7.98604+3.091)x352.8142, glue set 176.4071fil
..........\hbox(7.98604+3.091)x0.0, glue set - 50.17128fil
...........\hbox(7.98604+3.091)x50.17128
............\font<m-12.0> E
............\penalty 10000
............\glue 0.0 plus 0.04004 minus 0.16003
............\font<m-12.0> x
............\penalty 10000
............\glue 0.0 plus 0.04004 minus 0.16003
............\font<m-12.0> o
............\penalty 10000
............\glue 0.0 plus 0.04004 minus 0.16003
............\font<m-12.0> d
............\penalty 10000
............\glue 0.0 plus 0.04004 minus 0.16003
............\font<m-12.0> u
............\penalty 10000
............\glue 0.0 plus 0.04004 minus 0.16003
............\font<m-12.0> s
............\hbox(0.0+0.0)x2.75002
.............\glue 2.75002 plus 2.75002 minus 1.375
............\font<m-12.0> 40
...........\glue 0.0 plus 1.0fil minus 1.0fil
..........\glue 0.0 plus 1.0fil
..........\glue 0.0 plus 1.0fil
..........\hbox(0.0+0.0)x0.0
...........\glue 0.0 plus 1.0fil minus 1.0fil
...........\hbox(0.0+0.0)x0.0
.........\special{color pop}
......\glue 0.0 plus 1.0fil minus 1.0fil
.....\vbox(516.41286+0.0)x352.8142
......\vbox(395.08759+0.0)x352.8142
.......\vbox(395.08759+0.0)x352.8142
........\hbox(395.08759+0.0)x352.8142
.........\vbox(395.08759+0.0)x352.8142
..........\vbox(395.08759+0.0)x352.8142
...........\hbox(391.99658+0.0)x352.8142, glue set 6.00005fil
............\vbox(391.99658+0.0)x169.90706, glue set 10.90887fil
.............\pdfsavepos
.............\write0{\@colstart{377.9967pt}{3.091pt}{169.90706pt}{\the \pdflastxpos }{\the \pdflastypos }}
.............\glue(\topskip) 6.01384
.............\hbox(7.98604+3.091)x169.90706, glue set 0.02689
..............\font<m-12.0> a
..............\penalty 10000
..............\glue 0.0 plus 0.04004 minus 0.16003
..............\font<m-12.0> g
..............\penalty 10000
..............\glue 0.0 plus 0.04004 minus 0.16003
..............\font<m-12.0> a
..............\penalty 10000
..............\glue 0.0 plus 0.04004 minus 0.16003
..............\font<m-12.0> i
..............\penalty 10000
..............\glue 0.0 plus 0.04004 minus 0.16003
..............\font<m-12.0> n
..............\penalty 10000
..............\glue 0.0 plus 0.04004 minus 0.16003
..............\font<m-12.0> s
..............\penalty 10000
..............\glue 0.0 plus 0.04004 minus 0.16003
..............\font<m-12.0> t
..............\glue 2.75002 plus 2.75002 minus 1.375
..............\font<m-12.0> t
..............\penalty 10000
..............\glue 0.0 plus 0.04004 minus 0.16003
..............\font<m-12.0> h
..............\penalty 10000
..............\glue 0.0 plus 0.04004 minus 0.16003
..............\font<m-12.0> e
..............\glue 2.75002 plus 2.75002 minus 1.375
..............\font<m-12.0> t
..............\penalty 10000
..............\glue 0.0 plus 0.04004 minus 0.16003
..............\font<m-12.0> a
..............\penalty 10000
..............\glue 0.0 plus 0.04004 minus 0.16003
..............\font<m-12.0> b
..............\penalty 10000
..............\glue 0.0 plus 0.04004 minus 0.16003
..............\font<m-12.0> l
..............\penalty 10000
..............\glue 0.0 plus 0.04004 minus 0.16003
..............\font<m-12.0> e
..............\penalty 10000
..............\glue 0.0 plus 0.04004 minus 0.16003
..............\font<m-12.0> ,
..............\glue 2.75002 plus 2.75002 minus 1.375
..............\font<m-12.0> o
..............\penalty 10000
..............\glue 0.0 plus 0.04004 minus 0.16003
..............\font<m-12.0> n
..............\glue 2.75002 plus 2.75002 minus 1.375
..............\font<m-12.0> t
..............\penalty 10000
..............\glue 0.0 plus 0.04004 minus 0.16003
..............\font<m-12.0> h
..............\penalty 10000
..............\glue 0.0 plus 0.04004 minus 0.16003
..............\font<m-12.0> e
..............\glue 2.75002 plus 2.75002 minus 1.375
..............\font<m-12.0> s
..............\penalty 10000
..............\glue 0.0 plus 0.04004 minus 0.16003
..............\font<m-12.0> i
..............\penalty 10000
..............\glue 0.0 plus 0.04004 minus 0.16003
..............\font<m-12.0> d
..............\penalty 10000
..............\glue 0.0 plus 0.04004 minus 0.16003
..............\font<m-12.0> e
..............\glue 2.75002 plus 2.75002 minus 1.375
..............\font<m-12.0> o
..............\penalty 10000
..............\glue 0.0 plus 0.04004 minus 0.16003
..............\font<m-12.0> f
..............\glue 2.75002 plus 2.75002 minus 1.375
..............\font<m-12.0> t
..............\penalty 10000
..............\glue 0.0 plus 0.04004 minus 0.16003
..............\font<m-12.0> h
..............\penalty 10000
..............\glue 0.0 plus 0.04004 minus 0.16003
..............\font<m-12.0> e
..............\glue(\rightskip) 0.0 plus 42.47676
.............\penalty 10000
.............\glue(\baselineskip) 2.92284
.............\hbox(7.98604+3.091)x169.90706, glue set 61.33643fil
..............\font<m-12.0> t
..............\penalty 10000
..............\glue 0.0 plus 0.04004 minus 0.16003
..............\font<m-12.0> a
..............\penalty 10000
..............\glue 0.0 plus 0.04004 minus 0.16003
..............\font<m-12.0> b
..............\penalty 10000
..............\glue 0.0 plus 0.04004 minus 0.16003
..............\font<m-12.0> e
..............\penalty 10000
..............\glue 0.0 plus 0.04004 minus 0.16003
..............\font<m-12.0> r
..............\penalty 10000
..............\glue 0.0 plus 0.04004 minus 0.16003
..............\font<m-12.0> n
..............\penalty 10000
..............\glue 0.0 plus 0.04004 minus 0.16003
..............\font<m-12.0> a
..............\penalty 10000
..............\glue 0.0 plus 0.04004 minus 0.16003
..............\font<m-12.0> c
..............\penalty 10000
..............\glue 0.0 plus 0.04004 minus 0.16003
..............\font<m-12.0> l
..............\penalty 10000
..............\glue 0.0 plus 0.04004 minus 0.16003
..............\font<m-12.0> e
..............\glue 2.75002 plus 2.75002 minus 1.375
..............\font<m-12.0> s
..............\penalty 10000
..............\glue 0.0 plus 0.04004 minus 0.16003
..............\font<m-12.0> o
..............\penalty 10000
..............\glue 0.0 plus 0.04004 minus 0.16003
..............\font<m-12.0> u
..............\penalty 10000
..............\glue 0.0 plus 0.04004 minus 0.16003
..............\font<m-12.0> t
..............\penalty 10000
..............\glue 0.0 plus 0.04004 minus 0.16003
..............\font<m-12.0> h
..............\penalty 10000
..............\glue 0.0 plus 0.04004 minus 0.16003
..............\font<m-12.0> w
..............\penalty 10000
..............\glue 0.0 plus 0.04004 minus 0.16003
..............\font<m-12.0> a
..............\penalty 10000
..............\glue 0.0 plus 0.04004 minus 0.16003
..............\font<m-12.0> r
..............\penalty 10000
..............\glue 0.0 plus 0.04004 minus 0.16003
..............\font<m-12.0> d
..............\penalty 10000
..............\glue 0.0 plus 0.04004 minus 0.16003
..............\font<m-12.0> .
..............\beginL
..............\pdfsavepos
..............\write0{\noexpand \@parend {0}{\the \pdflastxpos }{\the \pdflastypos }{\the \lastdepth }}
..............\endL
..............\penalty 10000
..............\glue(\parfillskip) 0.0 plus 1.0fil
..............\glue(\rightskip) 0.0 plus 42.47676
.............\write0{\@parlen{EXO40.24}{1}{4}{m}{EXO40.24}{1}}
.............\penalty 0
.............\penalty 10000
.............\penalty 10000
.............\penalty 10000
.............\glue(\parskip) 0.0
.............\glue(\baselineskip) 1.63045
.............\hbox(9.27843+3.091)x169.90706, glue set 0.67046
..............\hbox(0.0+0.0)x0.0
..............\beginL
..............\pdfsavepos
..............\write0{\noexpand \@parstart {EXO40.25}{versetext}{m}{13.99988pt}{\the \pdflastxpos }{\the \pdflastypos }}
..............\endL
..............\special{pdf:dest (EXO.40:25) [@thispage /XYZ @xpos @ypos null]}
..............\hbox(5.98953+2.31825)x8.25005, shifted -3.2889
...............\font<v-12.0+m> 25
..............\kern 1.65001
..............\penalty 10000
..............\glue 0.0
..............\font<m-12.0> A
..............\penalty 10000
..............\glue 0.0 plus 0.04004 minus 0.16003
..............\font<m-12.0> n
..............\penalty 10000
..............\glue 0.0 plus 0.04004 minus 0.16003
..............\font<m-12.0> d
..............\glue 2.75002 plus 2.75002 minus 1.375
..............\font<m-12.0> h
..............\penalty 10000
..............\glue 0.0 plus 0.04004 minus 0.16003
..............\font<m-12.0> e
..............\glue 2.75002 plus 2.75002 minus 1.375
..............\font<m-12.0> l
..............\penalty 10000
..............\glue 0.0 plus 0.04004 minus 0.16003
..............\font<m-12.0> i
..............\penalty 10000
..............\glue 0.0 plus 0.04004 minus 0.16003
..............\font<m-12.0> g
..............\penalty 10000
..............\glue 0.0 plus 0.04004 minus 0.16003
..............\font<m-12.0> h
..............\penalty 10000
..............\glue 0.0 plus 0.04004 minus 0.16003
..............\font<m-12.0> t
..............\penalty 10000
..............\glue 0.0 plus 0.04004 minus 0.16003
..............\font<m-12.0> e
..............\penalty 10000
..............\glue 0.0 plus 0.04004 minus 0.16003
..............\font<m-12.0> d
..............\glue 2.75002 plus 2.75002 minus 1.375
..............\font<m-12.0> t
..............\penalty 10000
..............\glue 0.0 plus 0.04004 minus 0.16003
..............\font<m-12.0> h
..............\penalty 10000
..............\glue 0.0 plus 0.04004 minus 0.16003
..............\font<m-12.0> e
..............\glue 2.75002 plus 2.75002 minus 1.375
..............\font<m-12.0> l
..............\penalty 10000
..............\glue 0.0 plus 0.04004 minus 0.16003
..............\font<m-12.0> a
..............\penalty 10000
..............\glue 0.0 plus 0.04004 minus 0.16003
..............\font<m-12.0> m
..............\penalty 10000
..............\glue 0.0 plus 0.04004 minus 0.16003
..............\font<m-12.0> p
..............\penalty 10000
..............\glue 0.0 plus 0.04004 minus 0.16003
..............\font<m-12.0> s
..............\glue(\rightskip) 0.0 plus 42.47676
.............\mark{Exodus:40:25}
.............\penalty 10000
.............\glue(\baselineskip) 2.92284
.............\hbox(7.98604+3.091)x169.90706, glue set 0.34503
..............\font<m-12.0> b
..............\penalty 10000
..............\glue 0.0 plus 0.04004 minus 0.16003
..............\font<m-12.0> e
..............\penalty 10000
..............\glue 0.0 plus 0.04004 minus 0.16003
..............\font<m-12.0> f
..............\penalty 10000
..............\glue 0.0 plus 0.04004 minus 0.16003
..............\font<m-12.0> o
..............\penalty 10000
..............\glue 0.0 plus 0.04004 minus 0.16003
..............\font<m-12.0> r
..............\penalty 10000
..............\glue 0.0 plus 0.04004 minus 0.16003
..............\font<m-12.0> e
..............\glue 2.75002 plus 2.75002 minus 1.375
..............\font<m-12.0> t
..............\penalty 10000
..............\glue 0.0 plus 0.04004 minus 0.16003
..............\font<m-12.0> h
..............\penalty 10000
..............\glue 0.0 plus 0.04004 minus 0.16003
..............\font<m-12.0> e
..............\glue 2.75002 plus 2.75002 minus 1.375
..............\font<m-12.0> L
..............\penalty 10000
..............\glue 0.0 plus 0.04004 minus 0.16003
..............\font<m-12.0> O
..............\penalty 10000
..............\glue 0.0 plus 0.04004 minus 0.16003
..............\font<m-12.0> R
..............\penalty 10000
..............\glue 0.0 plus 0.04004 minus 0.16003
..............\font<m-12.0> D
..............\penalty 10000
..............\glue 0.0 plus 0.04004 minus 0.16003
..............\font<m-12.0> ;
..............\glue 2.75002 plus 2.75002 minus 1.375
..............\font<m-12.0> a
..............\penalty 10000
..............\glue 0.0 plus 0.04004 minus 0.16003
..............\font<m-12.0> s
..............\glue 2.75002 plus 2.75002 minus 1.375
..............\font<m-12.0> t
..............\penalty 10000
..............\glue 0.0 plus 0.04004 minus 0.16003
..............\font<m-12.0> h
..............\penalty 10000
..............\glue 0.0 plus 0.04004 minus 0.16003
..............\font<m-12.0> e
..............\glue 2.75002 plus 2.75002 minus 1.375
..............\font<m-12.0> L
..............\penalty 10000
..............\glue 0.0 plus 0.04004 minus 0.16003
..............\font<m-12.0> O
..............\penalty 10000
..............\glue 0.0 plus 0.04004 minus 0.16003
..............\font<m-12.0> R
..............\penalty 10000
..............\glue 0.0 plus 0.04004 minus 0.16003
..............\font<m-12.0> D
..............\glue(\rightskip) 0.0 plus 42.47676
.............\penalty 10000
.............\glue(\baselineskip) 2.92284
.............\hbox(7.98604+3.091)x169.90706, glue set 72.4685fil
..............\font<m-12.0> c
..............\penalty 10000
..............\glue 0.0 plus 0.04004 minus 0.16003
..............\font<m-12.0> o
..............\penalty 10000
..............\glue 0.0 plus 0.04004 minus 0.16003
..............\font<m-12.0> m
..............\penalty 10000
..............\glue 0.0 plus 0.04004 minus 0.16003
..............\font<m-12.0> m
..............\penalty 10000
..............\glue 0.0 plus 0.04004 minus 0.16003
..............\font<m-12.0> a
..............\penalty 10000
..............\glue 0.0 plus 0.04004 minus 0.16003
..............\font<m-12.0> n
..............\penalty 10000
..............\glue 0.0 plus 0.04004 minus 0.16003
..............\font<m-12.0> d
..............\penalty 10000
..............\glue 0.0 plus 0.04004 minus 0.16003
..............\font<m-12.0> e
..............\penalty 10000
..............\glue 0.0 plus 0.04004 minus 0.16003
..............\font<m-12.0> d
..............\glue 2.75002 plus 2.75002 minus 1.375
..............\font<m-12.0> M
..............\penalty 10000
..............\glue 0.0 plus 0.04004 minus 0.16003
..............\font<m-12.0> o
..............\penalty 10000
..............\glue 0.0 plus 0.04004 minus 0.16003
..............\font<m-12.0> s
..............\penalty 10000
..............\glue 0.0 plus 0.04004 minus 0.16003
..............\font<m-12.0> e
..............\penalty 10000
..............\glue 0.0 plus 0.04004 minus 0.16003
..............\font<m-12.0> s
..............\penalty 10000
..............\glue 0.0 plus 0.04004 minus 0.16003
..............\font<m-12.0> .
..............\beginL
..............\pdfsavepos
..............\write0{\noexpand \@parend {0}{\the \pdflastxpos }{\the \pdflastypos }{\the \lastdepth }}
..............\endL
..............\penalty 10000
..............\glue(\parfillskip) 0.0 plus 1.0fil
..............\glue(\rightskip) 0.0 plus 42.47676
.............\write0{\@parlen{EXO40.25}{1}{3}{m}{EXO40.25}{1}}
.............\glue(\parskip) 0.0
.............\glue(\baselineskip) 1.63045
.............\hbox(9.27843+3.091)x169.90706, glue set 0.04813
..............\hbox(0.0+0.0)x0.0
..............\beginL
..............\pdfsavepos
..............\write0{\noexpand \@parstart {EXO40.25}{versetext}{m}{13.99988pt}{\the \pdflastxpos }{\the \pdflastypos }}
..............\endL
..............\font<m-12.0> ¶
..............\glue 2.75002 plus 2.75002 minus 1.375
..............\special{pdf:dest (EXO.40:26) [@thispage /XYZ @xpos @ypos null]}
..............\hbox(5.98953+2.31825)x8.25005, shifted -3.2889
...............\font<v-12.0+m> 26
..............\kern 1.65001
..............\penalty 10000
..............\glue 0.0
..............\font<m-12.0> A
..............\penalty 10000
..............\glue 0.0 plus 0.04004 minus 0.16003
..............\font<m-12.0> n
..............\penalty 10000
..............\glue 0.0 plus 0.04004 minus 0.16003
..............\font<m-12.0> d
..............\glue 2.75002 plus 2.75002 minus 1.375
..............\font<m-12.0> h
..............\penalty 10000
..............\glue 0.0 plus 0.04004 minus 0.16003
..............\font<m-12.0> e
..............\glue 2.75002 plus 2.75002 minus 1.375
..............\font<m-12.0> p
..............\penalty 10000
..............\glue 0.0 plus 0.04004 minus 0.16003
..............\font<m-12.0> u
..............\penalty 10000
..............\glue 0.0 plus 0.04004 minus 0.16003
..............\font<m-12.0> t
..............\glue 2.75002 plus 2.75002 minus 1.375
..............\font<m-12.0> t
..............\penalty 10000
..............\glue 0.0 plus 0.04004 minus 0.16003
..............\font<m-12.0> h
..............\penalty 10000
..............\glue 0.0 plus 0.04004 minus 0.16003
..............\font<m-12.0> e
..............\glue 2.75002 plus 2.75002 minus 1.375
..............\font<m-12.0> g
..............\penalty 10000
..............\glue 0.0 plus 0.04004 minus 0.16003
..............\font<m-12.0> o
..............\penalty 10000
..............\glue 0.0 plus 0.04004 minus 0.16003
..............\font<m-12.0> l
..............\penalty 10000
..............\glue 0.0 plus 0.04004 minus 0.16003
..............\font<m-12.0> d
..............\penalty 10000
..............\glue 0.0 plus 0.04004 minus 0.16003
..............\font<m-12.0> e
..............\penalty 10000
..............\glue 0.0 plus 0.04004 minus 0.16003
..............\font<m-12.0> n
..............\glue 2.75002 plus 2.75002 minus 1.375
..............\font<m-12.0> a
..............\penalty 10000
..............\glue 0.0 plus 0.04004 minus 0.16003
..............\font<m-12.0> l
..............\penalty 10000
..............\glue 0.0 plus 0.04004 minus 0.16003
..............\font<m-12.0> t
..............\penalty 10000
..............\glue 0.0 plus 0.04004 minus 0.16003
..............\font<m-12.0> a
..............\penalty 10000
..............\glue 0.0 plus 0.04004 minus 0.16003
..............\font<m-12.0> r
..............\glue 2.75002 plus 2.75002 minus 1.375
..............\font<m-12.0> i
..............\penalty 10000
..............\glue 0.0 plus 0.04004 minus 0.16003
..............\font<m-12.0> n
..............\glue(\rightskip) 0.0 plus 42.47676
.............\mark{Exodus:40:26}
.............\penalty 10000
.............\glue(\baselineskip) 2.92284
.............\hbox(7.98604+3.091)x169.90706, glue set 0.04732
..............\font<m-12.0> t
..............\penalty 10000
..............\glue 0.0 plus 0.04004 minus 0.16003
..............\font<m-12.0> h
..............\penalty 10000
..............\glue 0.0 plus 0.04004 minus 0.16003
..............\font<m-12.0> e
..............\glue 2.75002 plus 2.75002 minus 1.375
..............\font<m-12.0> t
..............\penalty 10000
..............\glue 0.0 plus 0.04004 minus 0.16003
..............\font<m-12.0> e
..............\penalty 10000
..............\glue 0.0 plus 0.04004 minus 0.16003
..............\font<m-12.0> n
..............\penalty 10000
..............\glue 0.0 plus 0.04004 minus 0.16003
..............\font<m-12.0> t
..............\glue 2.75002 plus 2.75002 minus 1.375
..............\font<m-12.0> o
..............\penalty 10000
..............\glue 0.0 plus 0.04004 minus 0.16003
..............\font<m-12.0> f
..............\glue 2.75002 plus 2.75002 minus 1.375
..............\font<m-12.0> t
..............\penalty 10000
..............\glue 0.0 plus 0.04004 minus 0.16003
..............\font<m-12.0> h
..............\penalty 10000
..............\glue 0.0 plus 0.04004 minus 0.16003
..............\font<m-12.0> e
..............\glue 2.75002 plus 2.75002 minus 1.375
..............\font<m-12.0> c
..............\penalty 10000
..............\glue 0.0 plus 0.04004 minus 0.16003
..............\font<m-12.0> o
..............\penalty 10000
..............\glue 0.0 plus 0.04004 minus 0.16003
..............\font<m-12.0> n
..............\penalty 10000
..............\glue 0.0 plus 0.04004 minus 0.16003
..............\font<m-12.0> g
..............\penalty 10000
..............\glue 0.0 plus 0.04004 minus 0.16003
..............\font<m-12.0> r
..............\penalty 10000
..............\glue 0.0 plus 0.04004 minus 0.16003
..............\font<m-12.0> e
..............\penalty 10000
..............\glue 0.0 plus 0.04004 minus 0.16003
..............\font<m-12.0> g
..............\penalty 10000
..............\glue 0.0 plus 0.04004 minus 0.16003
..............\font<m-12.0> a
..............\penalty 10000
..............\glue 0.0 plus 0.04004 minus 0.16003
..............\font<m-12.0> t
..............\penalty 10000
..............\glue 0.0 plus 0.04004 minus 0.16003
..............\font<m-12.0> i
..............\penalty 10000
..............\glue 0.0 plus 0.04004 minus 0.16003
..............\font<m-12.0> o
..............\penalty 10000
..............\glue 0.0 plus 0.04004 minus 0.16003
..............\font<m-12.0> n
..............\glue 2.75002 plus 2.75002 minus 1.375
..............\font<m-12.0> b
..............\penalty 10000
..............\glue 0.0 plus 0.04004 minus 0.16003
..............\font<m-12.0> e
..............\penalty 10000
..............\glue 0.0 plus 0.04004 minus 0.16003
..............\font<m-12.0> f
..............\penalty 10000
..............\glue 0.0 plus 0.04004 minus 0.16003
..............\font<m-12.0> o
..............\penalty 10000
..............\glue 0.0 plus 0.04004 minus 0.16003
..............\font<m-12.0> r
..............\penalty 10000
..............\glue 0.0 plus 0.04004 minus 0.16003
..............\font<m-12.0> e
..............\glue(\rightskip) 0.0 plus 42.47676
.............\penalty 10000
.............\glue(\baselineskip) 2.92284
.............\hbox(7.98604+3.091)x169.90706, glue set 131.30785fil
..............\font<m-12.0> t
..............\penalty 10000
..............\glue 0.0 plus 0.04004 minus 0.16003
..............\font<m-12.0> h
..............\penalty 10000
..............\glue 0.0 plus 0.04004 minus 0.16003
..............\font<m-12.0> e
..............\glue 2.75002 plus 2.75002 minus 1.375
..............\font<m-12.0> v
..............\penalty 10000
..............\glue 0.0 plus 0.04004 minus 0.16003
..............\font<m-12.0> e
..............\penalty 10000
..............\glue 0.0 plus 0.04004 minus 0.16003
..............\font<m-12.0> i
..............\penalty 10000
..............\glue 0.0 plus 0.04004 minus 0.16003
..............\font<m-12.0> l
..............\penalty 10000
..............\glue 0.0 plus 0.04004 minus 0.16003
..............\font<m-12.0> :
..............\beginL
..............\pdfsavepos
..............\write0{\noexpand \@parend {0}{\the \pdflastxpos }{\the \pdflastypos }{\the \lastdepth }}
..............\endL
..............\penalty 10000
..............\glue(\parfillskip) 0.0 plus 1.0fil
..............\glue(\rightskip) 0.0 plus 42.47676
.............\write0{\@parlen{EXO40.26}{1}{3}{m}{EXO40.26}{1}}
.............\glue(\parskip) 0.0
.............\glue(\baselineskip) 1.63045
.............\hbox(9.27843+3.091)x169.90706, glue set 0.45416
..............\hbox(0.0+0.0)x0.0
..............\beginL
..............\pdfsavepos
..............\write0{\noexpand \@parstart {EXO40.27}{versetext}{m}{13.99988pt}{\the \pdflastxpos }{\the \pdflastypos }}
..............\endL
..............\special{pdf:dest (EXO.40:27) [@thispage /XYZ @xpos @ypos null]}
..............\hbox(5.98953+2.31825)x8.25005, shifted -3.2889
...............\font<v-12.0+m> 27
..............\kern 1.65001
..............\penalty 10000
..............\glue 0.0
..............\font<m-12.0> A
..............\penalty 10000
..............\glue 0.0 plus 0.04004 minus 0.16003
..............\font<m-12.0> n
..............\penalty 10000
..............\glue 0.0 plus 0.04004 minus 0.16003
..............\font<m-12.0> d
..............\glue 2.75002 plus 2.75002 minus 1.375
..............\font<m-12.0> h
..............\penalty 10000
..............\glue 0.0 plus 0.04004 minus 0.16003
..............\font<m-12.0> e
..............\glue 2.75002 plus 2.75002 minus 1.375
..............\font<m-12.0> b
..............\penalty 10000
..............\glue 0.0 plus 0.04004 minus 0.16003
..............\font<m-12.0> u
..............\penalty 10000
..............\glue 0.0 plus 0.04004 minus 0.16003
..............\font<m-12.0> r
..............\penalty 10000
..............\glue 0.0 plus 0.04004 minus 0.16003
..............\font<m-12.0> n
..............\penalty 10000
..............\glue 0.0 plus 0.04004 minus 0.16003
..............\font<m-12.0> t
..............\glue 2.75002 plus 2.75002 minus 1.375
..............\font<m-12.0> s
..............\penalty 10000
..............\glue 0.0 plus 0.04004 minus 0.16003
..............\font<m-12.0> w
..............\penalty 10000
..............\glue 0.0 plus 0.04004 minus 0.16003
..............\font<m-12.0> e
..............\penalty 10000
..............\glue 0.0 plus 0.04004 minus 0.16003
..............\font<m-12.0> e
..............\penalty 10000
..............\glue 0.0 plus 0.04004 minus 0.16003
..............\font<m-12.0> t
..............\glue 2.75002 plus 2.75002 minus 1.375
..............\font<m-12.0> i
..............\penalty 10000
..............\glue 0.0 plus 0.04004 minus 0.16003
..............\font<m-12.0> n
..............\penalty 10000
..............\glue 0.0 plus 0.04004 minus 0.16003
..............\font<m-12.0> c
..............\penalty 10000
..............\glue 0.0 plus 0.04004 minus 0.16003
..............\font<m-12.0> e
..............\penalty 10000
..............\glue 0.0 plus 0.04004 minus 0.16003
..............\font<m-12.0> n
..............\penalty 10000
..............\glue 0.0 plus 0.04004 minus 0.16003
..............\font<m-12.0> s
..............\penalty 10000
..............\glue 0.0 plus 0.04004 minus 0.16003
..............\font<m-12.0> e
..............\glue(\rightskip) 0.0 plus 42.47676
.............\mark{Exodus:40:27}
.............\penalty 10000
.............\glue(\baselineskip) 2.92284
.............\hbox(7.98604+3.091)x169.90706, glue set 0.0239
..............\font<m-12.0> t
..............\penalty 10000
..............\glue 0.0 plus 0.04004 minus 0.16003
..............\font<m-12.0> h
..............\penalty 10000
..............\glue 0.0 plus 0.04004 minus 0.16003
..............\font<m-12.0> e
..............\penalty 10000
..............\glue 0.0 plus 0.04004 minus 0.16003
..............\font<m-12.0> r
..............\penalty 10000
..............\glue 0.0 plus 0.04004 minus 0.16003
..............\font<m-12.0> e
..............\penalty 10000
..............\glue 0.0 plus 0.04004 minus 0.16003
..............\font<m-12.0> o
..............\penalty 10000
..............\glue 0.0 plus 0.04004 minus 0.16003
..............\font<m-12.0> n
..............\penalty 10000
..............\glue 0.0 plus 0.04004 minus 0.16003
..............\font<m-12.0> ;
..............\glue 2.75002 plus 2.75002 minus 1.375
..............\font<m-12.0> a
..............\penalty 10000
..............\glue 0.0 plus 0.04004 minus 0.16003
..............\font<m-12.0> s
..............\glue 2.75002 plus 2.75002 minus 1.375
..............\font<m-12.0> t
..............\penalty 10000
..............\glue 0.0 plus 0.04004 minus 0.16003
..............\font<m-12.0> h
..............\penalty 10000
..............\glue 0.0 plus 0.04004 minus 0.16003
..............\font<m-12.0> e
..............\glue 2.75002 plus 2.75002 minus 1.375
..............\font<m-12.0> L
..............\penalty 10000
..............\glue 0.0 plus 0.04004 minus 0.16003
..............\font<m-12.0> O
..............\penalty 10000
..............\glue 0.0 plus 0.04004 minus 0.16003
..............\font<m-12.0> R
..............\penalty 10000
..............\glue 0.0 plus 0.04004 minus 0.16003
..............\font<m-12.0> D
..............\glue 2.75002 plus 2.74725 minus 1.37637
..............\font<m-12.0> c
..............\penalty 10000
..............\glue 0.0 plus 0.04004 minus 0.16003
..............\font<m-12.0> o
..............\penalty 10000
..............\glue 0.0 plus 0.04004 minus 0.16003
..............\font<m-12.0> m
..............\penalty 10000
..............\glue 0.0 plus 0.04004 minus 0.16003
..............\font<m-12.0> m
..............\penalty 10000
..............\glue 0.0 plus 0.04004 minus 0.16003
..............\font<m-12.0> a
..............\penalty 10000
..............\glue 0.0 plus 0.04004 minus 0.16003
..............\font<m-12.0> n
..............\penalty 10000
..............\glue 0.0 plus 0.04004 minus 0.16003
..............\font<m-12.0> d
..............\penalty 10000
..............\glue 0.0 plus 0.04004 minus 0.16003
..............\font<m-12.0> e
..............\penalty 10000
..............\glue 0.0 plus 0.04004 minus 0.16003
..............\font<m-12.0> d
..............\glue(\rightskip) 0.0 plus 42.47676
.............\penalty 10000
.............\glue(\baselineskip) 2.92284
.............\hbox(7.98604+3.091)x169.90706, glue set 136.14787fil
..............\font<m-12.0> M
..............\penalty 10000
..............\glue 0.0 plus 0.04004 minus 0.16003
..............\font<m-12.0> o
..............\penalty 10000
..............\glue 0.0 plus 0.04004 minus 0.16003
..............\font<m-12.0> s
..............\penalty 10000
..............\glue 0.0 plus 0.04004 minus 0.16003
..............\font<m-12.0> e
..............\penalty 10000
..............\glue 0.0 plus 0.04004 minus 0.16003
..............\font<m-12.0> s
..............\penalty 10000
..............\glue 0.0 plus 0.04004 minus 0.16003
..............\font<m-12.0> .
..............\beginL
..............\pdfsavepos
..............\write0{\noexpand \@parend {0}{\the \pdflastxpos }{\the \pdflastypos }{\the \lastdepth }}
..............\endL
..............\penalty 10000
..............\glue(\parfillskip) 0.0 plus 1.0fil
..............\glue(\rightskip) 0.0 plus 42.47676
.............\write0{\@parlen{EXO40.27}{1}{3}{m}{EXO40.27}{1}}
.............\glue(\parskip) 0.0
.............\glue(\baselineskip) 1.63045
.............\hbox(9.27843+3.091)x169.90706, glue set 0.14914
..............\hbox(0.0+0.0)x0.0
..............\beginL
..............\pdfsavepos
..............\write0{\noexpand \@parstart {EXO40.27}{versetext}{m}{13.99988pt}{\the \pdflastxpos }{\the \pdflastypos }}
..............\endL
..............\font<m-12.0> ¶
..............\glue 2.75002 plus 2.75002 minus 1.375
..............\special{pdf:dest (EXO.40:28) [@thispage /XYZ @xpos @ypos null]}
..............\hbox(5.98953+2.31825)x8.25005, shifted -3.2889
...............\font<v-12.0+m> 28
..............\kern 1.65001
..............\penalty 10000
..............\glue 0.0
..............\font<m-12.0> A
..............\penalty 10000
..............\glue 0.0 plus 0.04004 minus 0.16003
..............\font<m-12.0> n
..............\penalty 10000
..............\glue 0.0 plus 0.04004 minus 0.16003
..............\font<m-12.0> d
..............\glue 2.75002 plus 2.75002 minus 1.375
..............\font<m-12.0> h
..............\penalty 10000
..............\glue 0.0 plus 0.04004 minus 0.16003
..............\font<m-12.0> e
..............\glue 2.75002 plus 2.75002 minus 1.375
..............\font<m-12.0> s
..............\penalty 10000
..............\glue 0.0 plus 0.04004 minus 0.16003
..............\font<m-12.0> e
..............\penalty 10000
..............\glue 0.0 plus 0.04004 minus 0.16003
..............\font<m-12.0> t
..............\glue 2.75002 plus 2.75002 minus 1.375
..............\font<m-12.0> u
..............\penalty 10000
..............\glue 0.0 plus 0.04004 minus 0.16003
..............\font<m-12.0> p
..............\glue 2.75002 plus 2.75002 minus 1.375
..............\font<m-12.0> t
..............\penalty 10000
..............\glue 0.0 plus 0.04004 minus 0.16003
..............\font<m-12.0> h
..............\penalty 10000
..............\glue 0.0 plus 0.04004 minus 0.16003
..............\font<m-12.0> e
..............\glue 2.75002 plus 2.75002 minus 1.375
..............\font<m-12.0> h
..............\penalty 10000
..............\glue 0.0 plus 0.04004 minus 0.16003
..............\font<m-12.0> a
..............\penalty 10000
..............\glue 0.0 plus 0.04004 minus 0.16003
..............\font<m-12.0> n
..............\penalty 10000
..............\glue 0.0 plus 0.04004 minus 0.16003
..............\font<m-12.0> g
..............\penalty 10000
..............\glue 0.0 plus 0.04004 minus 0.16003
..............\font<m-12.0> i
..............\penalty 10000
..............\glue 0.0 plus 0.04004 minus 0.16003
..............\font<m-12.0> n
..............\penalty 10000
..............\glue 0.0 plus 0.04004 minus 0.16003
..............\font<m-12.0> g
..............\glue 2.75002 plus 2.75002 minus 1.375
..............\font<m-12.0> a
..............\penalty 10000
..............\glue 0.0 plus 0.04004 minus 0.16003
..............\font<m-12.0> t
..............\glue(\rightskip) 0.0 plus 42.47676
.............\mark{Exodus:40:28}
.............\penalty 20000
.............\glue(\baselineskip) 2.92284
.............\hbox(7.98604+3.091)x169.90706, glue set 42.85635fil
..............\font<m-12.0> t
..............\penalty 10000
..............\glue 0.0 plus 0.04004 minus 0.16003
..............\font<m-12.0> h
..............\penalty 10000
..............\glue 0.0 plus 0.04004 minus 0.16003
..............\font<m-12.0> e
..............\glue 2.75002 plus 2.75002 minus 1.375
..............\font<m-12.0> d
..............\penalty 10000
..............\glue 0.0 plus 0.04004 minus 0.16003
..............\font<m-12.0> o
..............\penalty 10000
..............\glue 0.0 plus 0.04004 minus 0.16003
..............\font<m-12.0> o
..............\penalty 10000
..............\glue 0.0 plus 0.04004 minus 0.16003
..............\font<m-12.0> r
..............\glue 2.75002 plus 2.75002 minus 1.375
..............\font<m-12.0> o
..............\penalty 10000
..............\glue 0.0 plus 0.04004 minus 0.16003
..............\font<m-12.0> f
..............\glue 2.75002 plus 2.75002 minus 1.375
..............\font<m-12.0> t
..............\penalty 10000
..............\glue 0.0 plus 0.04004 minus 0.16003
..............\font<m-12.0> h
..............\penalty 10000
..............\glue 0.0 plus 0.04004 minus 0.16003
..............\font<m-12.0> e
..............\glue 2.75002 plus 2.75002 minus 1.375
..............\font<m-12.0> t
..............\penalty 10000
..............\glue 0.0 plus 0.04004 minus 0.16003
..............\font<m-12.0> a
..............\penalty 10000
..............\glue 0.0 plus 0.04004 minus 0.16003
..............\font<m-12.0> b
..............\penalty 10000
..............\glue 0.0 plus 0.04004 minus 0.16003
..............\font<m-12.0> e
..............\penalty 10000
..............\glue 0.0 plus 0.04004 minus 0.16003
..............\font<m-12.0> r
..............\penalty 10000
..............\glue 0.0 plus 0.04004 minus 0.16003
..............\font<m-12.0> n
..............\penalty 10000
..............\glue 0.0 plus 0.04004 minus 0.16003
..............\font<m-12.0> a
..............\penalty 10000
..............\glue 0.0 plus 0.04004 minus 0.16003
..............\font<m-12.0> c
..............\penalty 10000
..............\glue 0.0 plus 0.04004 minus 0.16003
..............\font<m-12.0> l
..............\penalty 10000
..............\glue 0.0 plus 0.04004 minus 0.16003
..............\font<m-12.0> e
..............\penalty 10000
..............\glue 0.0 plus 0.04004 minus 0.16003
..............\font<m-12.0> .
..............\beginL
..............\pdfsavepos
..............\write0{\noexpand \@parend {0}{\the \pdflastxpos }{\the \pdflastypos }{\the \lastdepth }}
..............\endL
..............\penalty 10000
..............\glue(\parfillskip) 0.0 plus 1.0fil
..............\glue(\rightskip) 0.0 plus 42.47676
.............\write0{\@parlen{EXO40.28}{1}{2}{m}{EXO40.28}{1}}
.............\glue(\parskip) 0.0
.............\glue(\baselineskip) 1.63045
.............\hbox(9.27843+3.091)x169.90706, glue set 0.32234
..............\hbox(0.0+0.0)x0.0
..............\beginL
..............\pdfsavepos
..............\write0{\noexpand \@parstart {EXO40.29}{versetext}{m}{13.99988pt}{\the \pdflastxpos }{\the \pdflastypos }}
..............\endL
..............\special{pdf:dest (EXO.40:29) [@thispage /XYZ @xpos @ypos null]}
..............\hbox(5.98953+2.31825)x8.25005, shifted -3.2889
...............\font<v-12.0+m> 29
..............\kern 1.65001
..............\penalty 10000
..............\glue 0.0
..............\font<m-12.0> A
..............\penalty 10000
..............\glue 0.0 plus 0.04004 minus 0.16003
..............\font<m-12.0> n
..............\penalty 10000
..............\glue 0.0 plus 0.04004 minus 0.16003
..............\font<m-12.0> d
..............\glue 2.75002 plus 2.75002 minus 1.375
..............\font<m-12.0> h
..............\penalty 10000
..............\glue 0.0 plus 0.04004 minus 0.16003
..............\font<m-12.0> e
..............\glue 2.75002 plus 2.75002 minus 1.375
..............\font<m-12.0> p
..............\penalty 10000
..............\glue 0.0 plus 0.04004 minus 0.16003
..............\font<m-12.0> u
..............\penalty 10000
..............\glue 0.0 plus 0.04004 minus 0.16003
..............\font<m-12.0> t
..............\glue 2.75002 plus 2.75002 minus 1.375
..............\font<m-12.0> t
..............\penalty 10000
..............\glue 0.0 plus 0.04004 minus 0.16003
..............\font<m-12.0> h
..............\penalty 10000
..............\glue 0.0 plus 0.04004 minus 0.16003
..............\font<m-12.0> e
..............\glue 2.75002 plus 2.75002 minus 1.375
..............\font<m-12.0> a
..............\penalty 10000
..............\glue 0.0 plus 0.04004 minus 0.16003
..............\font<m-12.0> l
..............\penalty 10000
..............\glue 0.0 plus 0.04004 minus 0.16003
..............\font<m-12.0> t
..............\penalty 10000
..............\glue 0.0 plus 0.04004 minus 0.16003
..............\font<m-12.0> a
..............\penalty 10000
..............\glue 0.0 plus 0.04004 minus 0.16003
..............\font<m-12.0> r
..............\glue 2.75002 plus 2.75002 minus 1.375
..............\font<m-12.0> o
..............\penalty 10000
..............\glue 0.0 plus 0.04004 minus 0.16003
..............\font<m-12.0> f
..............\glue 2.75002 plus 2.75002 minus 1.375
..............\font<m-12.0> b
..............\penalty 10000
..............\glue 0.0 plus 0.04004 minus 0.16003
..............\font<m-12.0> u
..............\penalty 10000
..............\glue 0.0 plus 0.04004 minus 0.16003
..............\font<m-12.0> r
..............\penalty 10000
..............\glue 0.0 plus 0.04004 minus 0.16003
..............\font<m-12.0> n
..............\penalty 10000
..............\glue 0.0 plus 0.04004 minus 0.16003
..............\font<m-12.0> t
..............\glue(\rightskip) 0.0 plus 42.47676
.............\mark{Exodus:40:29}
.............\penalty 10000
.............\glue(\baselineskip) 2.92284
.............\hbox(7.98604+3.091)x169.90706, glue set 0.73988
..............\font<m-12.0> o
..............\penalty 10000
..............\glue 0.0 plus 0.04004 minus 0.16003
..............\font<m-12.0> f
..............\penalty 10000
..............\glue 0.0 plus 0.04004 minus 0.16003
..............\font<m-12.0> f
..............\penalty 10000
..............\glue 0.0 plus 0.04004 minus 0.16003
..............\font<m-12.0> e
..............\penalty 10000
..............\glue 0.0 plus 0.04004 minus 0.16003
..............\font<m-12.0> r
..............\penalty 10000
..............\glue 0.0 plus 0.04004 minus 0.16003
..............\font<m-12.0> i
..............\penalty 10000
..............\glue 0.0 plus 0.04004 minus 0.16003
..............\font<m-12.0> n
..............\penalty 10000
..............\glue 0.0 plus 0.04004 minus 0.16003
..............\font<m-12.0> g
..............\glue 2.75002 plus 2.75002 minus 1.375
..............\font<m-12.0> b
..............\penalty 10000
..............\glue 0.0 plus 0.04004 minus 0.16003
..............\font<m-12.0> y
..............\glue 2.75002 plus 2.75002 minus 1.375
..............\font<m-12.0> t
..............\penalty 10000
..............\glue 0.0 plus 0.04004 minus 0.16003
..............\font<m-12.0> h
..............\penalty 10000
..............\glue 0.0 plus 0.04004 minus 0.16003
..............\font<m-12.0> e
..............\glue 2.75002 plus 2.75002 minus 1.375
..............\font<m-12.0> d
..............\penalty 10000
..............\glue 0.0 plus 0.04004 minus 0.16003
..............\font<m-12.0> o
..............\penalty 10000
..............\glue 0.0 plus 0.04004 minus 0.16003
..............\font<m-12.0> o
..............\penalty 10000
..............\glue 0.0 plus 0.04004 minus 0.16003
..............\font<m-12.0> r
..............\glue 2.75002 plus 2.75002 minus 1.375
..............\font<m-12.0> o
..............\penalty 10000
..............\glue 0.0 plus 0.04004 minus 0.16003
..............\font<m-12.0> f
..............\glue 2.75002 plus 2.75002 minus 1.375
..............\font<m-12.0> t
..............\penalty 10000
..............\glue 0.0 plus 0.04004 minus 0.16003
..............\font<m-12.0> h
..............\penalty 10000
..............\glue 0.0 plus 0.04004 minus 0.16003
..............\font<m-12.0> e
..............\glue(\rightskip) 0.0 plus 42.47676
.............\glue(\baselineskip) 2.92284
.............\hbox(7.98604+3.091)x169.90706, glue set 0.65714
..............\font<m-12.0> t
..............\penalty 10000
..............\glue 0.0 plus 0.04004 minus 0.16003
..............\font<m-12.0> a
..............\penalty 10000
..............\glue 0.0 plus 0.04004 minus 0.16003
..............\font<m-12.0> b
..............\penalty 10000
..............\glue 0.0 plus 0.04004 minus 0.16003
..............\font<m-12.0> e
..............\penalty 10000
..............\glue 0.0 plus 0.04004 minus 0.16003
..............\font<m-12.0> r
..............\penalty 10000
..............\glue 0.0 plus 0.04004 minus 0.16003
..............\font<m-12.0> n
..............\penalty 10000
..............\glue 0.0 plus 0.04004 minus 0.16003
..............\font<m-12.0> a
..............\penalty 10000
..............\glue 0.0 plus 0.04004 minus 0.16003
..............\font<m-12.0> c
..............\penalty 10000
..............\glue 0.0 plus 0.04004 minus 0.16003
..............\font<m-12.0> l
..............\penalty 10000
..............\glue 0.0 plus 0.04004 minus 0.16003
..............\font<m-12.0> e
..............\glue 2.75002 plus 2.75002 minus 1.375
..............\font<m-12.0> o
..............\penalty 10000
..............\glue 0.0 plus 0.04004 minus 0.16003
..............\font<m-12.0> f
..............\glue 2.75002 plus 2.75002 minus 1.375
..............\font<m-12.0> t
..............\penalty 10000
..............\glue 0.0 plus 0.04004 minus 0.16003
..............\font<m-12.0> h
..............\penalty 10000
..............\glue 0.0 plus 0.04004 minus 0.16003
..............\font<m-12.0> e
..............\glue 2.75002 plus 2.75002 minus 1.375
..............\font<m-12.0> t
..............\penalty 10000
..............\glue 0.0 plus 0.04004 minus 0.16003
..............\font<m-12.0> e
..............\penalty 10000
..............\glue 0.0 plus 0.04004 minus 0.16003
..............\font<m-12.0> n
..............\penalty 10000
..............\glue 0.0 plus 0.04004 minus 0.16003
..............\font<m-12.0> t
..............\glue 2.75002 plus 2.75002 minus 1.375
..............\font<m-12.0> o
..............\penalty 10000
..............\glue 0.0 plus 0.04004 minus 0.16003
..............\font<m-12.0> f
..............\glue 2.75002 plus 2.75002 minus 1.375
..............\font<m-12.0> t
..............\penalty 10000
..............\glue 0.0 plus 0.04004 minus 0.16003
..............\font<m-12.0> h
..............\penalty 10000
..............\glue 0.0 plus 0.04004 minus 0.16003
..............\font<m-12.0> e
..............\glue(\rightskip) 0.0 plus 42.47676
.............\glue(\baselineskip) 2.92284
.............\hbox(7.98604+3.091)x169.90706, glue set 0.36163
..............\font<m-12.0> c
..............\penalty 10000
..............\glue 0.0 plus 0.04004 minus 0.16003
..............\font<m-12.0> o
..............\penalty 10000
..............\glue 0.0 plus 0.04004 minus 0.16003
..............\font<m-12.0> n
..............\penalty 10000
..............\glue 0.0 plus 0.04004 minus 0.16003
..............\font<m-12.0> g
..............\penalty 10000
..............\glue 0.0 plus 0.04004 minus 0.16003
..............\font<m-12.0> r
..............\penalty 10000
..............\glue 0.0 plus 0.04004 minus 0.16003
..............\font<m-12.0> e
..............\penalty 10000
..............\glue 0.0 plus 0.04004 minus 0.16003
..............\font<m-12.0> g
..............\penalty 10000
..............\glue 0.0 plus 0.04004 minus 0.16003
..............\font<m-12.0> a
..............\penalty 10000
..............\glue 0.0 plus 0.04004 minus 0.16003
..............\font<m-12.0> t
..............\penalty 10000
..............\glue 0.0 plus 0.04004 minus 0.16003
..............\font<m-12.0> i
..............\penalty 10000
..............\glue 0.0 plus 0.04004 minus 0.16003
..............\font<m-12.0> o
..............\penalty 10000
..............\glue 0.0 plus 0.04004 minus 0.16003
..............\font<m-12.0> n
..............\penalty 10000
..............\glue 0.0 plus 0.04004 minus 0.16003
..............\font<m-12.0> ,
..............\glue 2.75002 plus 2.75002 minus 1.375
..............\font<m-12.0> a
..............\penalty 10000
..............\glue 0.0 plus 0.04004 minus 0.16003
..............\font<m-12.0> n
..............\penalty 10000
..............\glue 0.0 plus 0.04004 minus 0.16003
..............\font<m-12.0> d
..............\glue 2.75002 plus 2.75002 minus 1.375
..............\font<m-12.0> o
..............\penalty 10000
..............\glue 0.0 plus 0.04004 minus 0.16003
..............\font<m-12.0> f
..............\penalty 10000
..............\glue 0.0 plus 0.04004 minus 0.16003
..............\font<m-12.0> f
..............\penalty 10000
..............\glue 0.0 plus 0.04004 minus 0.16003
..............\font<m-12.0> e
..............\penalty 10000
..............\glue 0.0 plus 0.04004 minus 0.16003
..............\font<m-12.0> r
..............\penalty 10000
..............\glue 0.0 plus 0.04004 minus 0.16003
..............\font<m-12.0> e
..............\penalty 10000
..............\glue 0.0 plus 0.04004 minus 0.16003
..............\font<m-12.0> d
..............\glue 2.75002 plus 2.75002 minus 1.375
..............\font<m-12.0> o
..............\penalty 10000
..............\glue 0.0 plus 0.04004 minus 0.16003
..............\font<m-12.0> n
..............\glue 2.75002 plus 2.75002 minus 1.375
..............\font<m-12.0> i
..............\penalty 10000
..............\glue 0.0 plus 0.04004 minus 0.16003
..............\font<m-12.0> t
..............\glue(\rightskip) 0.0 plus 42.47676
.............\glue(\baselineskip) 2.92284
.............\hbox(7.98604+3.091)x169.90706, glue set 0.30304
..............\font<m-12.0> t
..............\penalty 10000
..............\glue 0.0 plus 0.04004 minus 0.16003
..............\font<m-12.0> h
..............\penalty 10000
..............\glue 0.0 plus 0.04004 minus 0.16003
..............\font<m-12.0> e
..............\glue 2.75002 plus 2.75002 minus 1.375
..............\font<m-12.0> b
..............\penalty 10000
..............\glue 0.0 plus 0.04004 minus 0.16003
..............\font<m-12.0> u
..............\penalty 10000
..............\glue 0.0 plus 0.04004 minus 0.16003
..............\font<m-12.0> r
..............\penalty 10000
..............\glue 0.0 plus 0.04004 minus 0.16003
..............\font<m-12.0> n
..............\penalty 10000
..............\glue 0.0 plus 0.04004 minus 0.16003
..............\font<m-12.0> t
..............\glue 2.75002 plus 2.75002 minus 1.375
..............\font<m-12.0> o
..............\penalty 10000
..............\glue 0.0 plus 0.04004 minus 0.16003
..............\font<m-12.0> f
..............\penalty 10000
..............\glue 0.0 plus 0.04004 minus 0.16003
..............\font<m-12.0> f
..............\penalty 10000
..............\glue 0.0 plus 0.04004 minus 0.16003
..............\font<m-12.0> e
..............\penalty 10000
..............\glue 0.0 plus 0.04004 minus 0.16003
..............\font<m-12.0> r
..............\penalty 10000
..............\glue 0.0 plus 0.04004 minus 0.16003
..............\font<m-12.0> i
..............\penalty 10000
..............\glue 0.0 plus 0.04004 minus 0.16003
..............\font<m-12.0> n
..............\penalty 10000
..............\glue 0.0 plus 0.04004 minus 0.16003
..............\font<m-12.0> g
..............\glue 2.75002 plus 2.75002 minus 1.375
..............\font<m-12.0> a
..............\penalty 10000
..............\glue 0.0 plus 0.04004 minus 0.16003
..............\font<m-12.0> n
..............\penalty 10000
..............\glue 0.0 plus 0.04004 minus 0.16003
..............\font<m-12.0> d
..............\glue 2.75002 plus 2.75002 minus 1.375
..............\font<m-12.0> t
..............\penalty 10000
..............\glue 0.0 plus 0.04004 minus 0.16003
..............\font<m-12.0> h
..............\penalty 10000
..............\glue 0.0 plus 0.04004 minus 0.16003
..............\font<m-12.0> e
..............\glue 2.75002 plus 2.75002 minus 1.375
..............\font<m-12.0> m
..............\penalty 10000
..............\glue 0.0 plus 0.04004 minus 0.16003
..............\font<m-12.0> e
..............\penalty 10000
..............\glue 0.0 plus 0.04004 minus 0.16003
..............\font<m-12.0> a
..............\penalty 10000
..............\glue 0.0 plus 0.04004 minus 0.16003
..............\font<m-12.0> t
..............\glue(\rightskip) 0.0 plus 42.47676
.............\glue(\baselineskip) 2.92284
.............\hbox(7.98604+3.091)x169.90706, glue set - 0.00487
..............\font<m-12.0> o
..............\penalty 10000
..............\glue 0.0 plus 0.04004 minus 0.16003
..............\font<m-12.0> f
..............\penalty 10000
..............\glue 0.0 plus 0.04004 minus 0.16003
..............\font<m-12.0> f
..............\penalty 10000
..............\glue 0.0 plus 0.04004 minus 0.16003
..............\font<m-12.0> e
..............\penalty 10000
..............\glue 0.0 plus 0.04004 minus 0.16003
..............\font<m-12.0> r
..............\penalty 10000
..............\glue 0.0 plus 0.04004 minus 0.16003
..............\font<m-12.0> i
..............\penalty 10000
..............\glue 0.0 plus 0.04004 minus 0.16003
..............\font<m-12.0> n
..............\penalty 10000
..............\glue 0.0 plus 0.04004 minus 0.16003
..............\font<m-12.0> g
..............\penalty 10000
..............\glue 0.0 plus 0.04004 minus 0.16003
..............\font<m-12.0> ;
..............\glue 2.75002 plus 2.75002 minus 1.375
..............\font<m-12.0> a
..............\penalty 10000
..............\glue 0.0 plus 0.04004 minus 0.16003
..............\font<m-12.0> s
..............\glue 2.75002 plus 2.75002 minus 1.375
..............\font<m-12.0> t
..............\penalty 10000
..............\glue 0.0 plus 0.04004 minus 0.16003
..............\font<m-12.0> h
..............\penalty 10000
..............\glue 0.0 plus 0.04004 minus 0.16003
..............\font<m-12.0> e
..............\glue 2.75002 plus 2.75002 minus 1.375
..............\font<m-12.0> L
..............\penalty 10000
..............\glue 0.0 plus 0.04004 minus 0.16003
..............\font<m-12.0> O
..............\penalty 10000
..............\glue 0.0 plus 0.04004 minus 0.16003
..............\font<m-12.0> R
..............\penalty 10000
..............\glue 0.0 plus 0.04004 minus 0.16003
..............\font<m-12.0> D
..............\glue 2.75002 plus 2.74725 minus 1.37637
..............\font<m-12.0> c
..............\penalty 10000
..............\glue 0.0 plus 0.04004 minus 0.16003
..............\font<m-12.0> o
..............\penalty 10000
..............\glue 0.0 plus 0.04004 minus 0.16003
..............\font<m-12.0> m
..............\penalty 10000
..............\glue 0.0 plus 0.04004 minus 0.16003
..............\font<m-12.0> m
..............\penalty 10000
..............\glue 0.0 plus 0.04004 minus 0.16003
..............\font<m-12.0> a
..............\penalty 10000
..............\glue 0.0 plus 0.04004 minus 0.16003
..............\font<m-12.0> n
..............\penalty 10000
..............\glue 0.0 plus 0.04004 minus 0.16003
..............\font<m-12.0> d
..............\penalty 10000
..............\glue 0.0 plus 0.04004 minus 0.16003
..............\font<m-12.0> e
..............\penalty 10000
..............\glue 0.0 plus 0.04004 minus 0.16003
..............\font<m-12.0> d
..............\glue(\rightskip) 0.0 plus 42.47676
.............\penalty 10000
.............\glue(\baselineskip) 2.92284
.............\hbox(7.98604+3.091)x169.90706, glue set 136.14787fil
..............\font<m-12.0> M
..............\penalty 10000
..............\glue 0.0 plus 0.04004 minus 0.16003
..............\font<m-12.0> o
..............\penalty 10000
..............\glue 0.0 plus 0.04004 minus 0.16003
..............\font<m-12.0> s
..............\penalty 10000
..............\glue 0.0 plus 0.04004 minus 0.16003
..............\font<m-12.0> e
..............\penalty 10000
..............\glue 0.0 plus 0.04004 minus 0.16003
..............\font<m-12.0> s
..............\penalty 10000
..............\glue 0.0 plus 0.04004 minus 0.16003
..............\font<m-12.0> .
..............\beginL
..............\pdfsavepos
..............\write0{\noexpand \@parend {0}{\the \pdflastxpos }{\the \pdflastypos }{\the \lastdepth }}
..............\endL
..............\penalty 10000
..............\glue(\parfillskip) 0.0 plus 1.0fil
..............\glue(\rightskip) 0.0 plus 42.47676
.............\write0{\@parlen{EXO40.29}{1}{7}{m}{EXO40.29}{1}}
.............\glue(\parskip) 0.0
.............\glue(\baselineskip) 1.63045
.............\hbox(9.27843+3.091)x169.90706, glue set 0.14899
..............\hbox(0.0+0.0)x0.0
..............\beginL
..............\pdfsavepos
..............\write0{\noexpand \@parstart {EXO40.29}{versetext}{m}{13.99988pt}{\the \pdflastxpos }{\the \pdflastypos }}
..............\endL
..............\font<m-12.0> ¶
..............\glue 2.75002 plus 2.75002 minus 1.375
..............\special{pdf:dest (EXO.40:30) [@thispage /XYZ @xpos @ypos null]}
..............\hbox(5.98953+2.31825)x8.25005, shifted -3.2889
...............\font<v-12.0+m> 30
..............\kern 1.65001
..............\penalty 10000
..............\glue 0.0
..............\font<m-12.0> A
..............\penalty 10000
..............\glue 0.0 plus 0.04004 minus 0.16003
..............\font<m-12.0> n
..............\penalty 10000
..............\glue 0.0 plus 0.04004 minus 0.16003
..............\font<m-12.0> d
..............\glue 2.75002 plus 2.75002 minus 1.375
..............\font<m-12.0> h
..............\penalty 10000
..............\glue 0.0 plus 0.04004 minus 0.16003
..............\font<m-12.0> e
..............\glue 2.75002 plus 2.75002 minus 1.375
..............\font<m-12.0> s
..............\penalty 10000
..............\glue 0.0 plus 0.04004 minus 0.16003
..............\font<m-12.0> e
..............\penalty 10000
..............\glue 0.0 plus 0.04004 minus 0.16003
..............\font<m-12.0> t
..............\glue 2.75002 plus 2.75002 minus 1.375
..............\font<m-12.0> t
..............\penalty 10000
..............\glue 0.0 plus 0.04004 minus 0.16003
..............\font<m-12.0> h
..............\penalty 10000
..............\glue 0.0 plus 0.04004 minus 0.16003
..............\font<m-12.0> e
..............\glue 2.75002 plus 2.75002 minus 1.375
..............\font<m-12.0> l
..............\penalty 10000
..............\glue 0.0 plus 0.04004 minus 0.16003
..............\font<m-12.0> a
..............\penalty 10000
..............\glue 0.0 plus 0.04004 minus 0.16003
..............\font<m-12.0> v
..............\penalty 10000
..............\glue 0.0 plus 0.04004 minus 0.16003
..............\font<m-12.0> e
..............\penalty 10000
..............\glue 0.0 plus 0.04004 minus 0.16003
..............\font<m-12.0> r
..............\glue 2.75002 plus 2.75002 minus 1.375
..............\font<m-12.0> b
..............\penalty 10000
..............\glue 0.0 plus 0.04004 minus 0.16003
..............\font<m-12.0> e
..............\penalty 10000
..............\glue 0.0 plus 0.04004 minus 0.16003
..............\font<m-12.0> t
..............\penalty 10000
..............\glue 0.0 plus 0.04004 minus 0.16003
..............\font<m-12.0> w
..............\penalty 10000
..............\glue 0.0 plus 0.04004 minus 0.16003
..............\font<m-12.0> e
..............\penalty 10000
..............\glue 0.0 plus 0.04004 minus 0.16003
..............\font<m-12.0> e
..............\penalty 10000
..............\glue 0.0 plus 0.04004 minus 0.16003
..............\font<m-12.0> n
..............\glue(\rightskip) 0.0 plus 42.47676
.............\mark{Exodus:40:30}
.............\penalty 10000
.............\glue(\baselineskip) 2.92284
.............\hbox(7.98604+3.091)x169.90706, glue set - 0.27567
..............\font<m-12.0> t
..............\penalty 10000
..............\glue 0.0 plus 0.04004 minus 0.16003
..............\font<m-12.0> h
..............\penalty 10000
..............\glue 0.0 plus 0.04004 minus 0.16003
..............\font<m-12.0> e
..............\glue 2.75002 plus 2.75002 minus 1.375
..............\font<m-12.0> t
..............\penalty 10000
..............\glue 0.0 plus 0.04004 minus 0.16003
..............\font<m-12.0> e
..............\penalty 10000
..............\glue 0.0 plus 0.04004 minus 0.16003
..............\font<m-12.0> n
..............\penalty 10000
..............\glue 0.0 plus 0.04004 minus 0.16003
..............\font<m-12.0> t
..............\glue 2.75002 plus 2.75002 minus 1.375
..............\font<m-12.0> o
..............\penalty 10000
..............\glue 0.0 plus 0.04004 minus 0.16003
..............\font<m-12.0> f
..............\glue 2.75002 plus 2.75002 minus 1.375
..............\font<m-12.0> t
..............\penalty 10000
..............\glue 0.0 plus 0.04004 minus 0.16003
..............\font<m-12.0> h
..............\penalty 10000
..............\glue 0.0 plus 0.04004 minus 0.16003
..............\font<m-12.0> e
..............\glue 2.75002 plus 2.75002 minus 1.375
..............\font<m-12.0> c
..............\penalty 10000
..............\glue 0.0 plus 0.04004 minus 0.16003
..............\font<m-12.0> o
..............\penalty 10000
..............\glue 0.0 plus 0.04004 minus 0.16003
..............\font<m-12.0> n
..............\penalty 10000
..............\glue 0.0 plus 0.04004 minus 0.16003
..............\font<m-12.0> g
..............\penalty 10000
..............\glue 0.0 plus 0.04004 minus 0.16003
..............\font<m-12.0> r
..............\penalty 10000
..............\glue 0.0 plus 0.04004 minus 0.16003
..............\font<m-12.0> e
..............\penalty 10000
..............\glue 0.0 plus 0.04004 minus 0.16003
..............\font<m-12.0> g
..............\penalty 10000
..............\glue 0.0 plus 0.04004 minus 0.16003
..............\font<m-12.0> a
..............\penalty 10000
..............\glue 0.0 plus 0.04004 minus 0.16003
..............\font<m-12.0> t
..............\penalty 10000
..............\glue 0.0 plus 0.04004 minus 0.16003
..............\font<m-12.0> i
..............\penalty 10000
..............\glue 0.0 plus 0.04004 minus 0.16003
..............\font<m-12.0> o
..............\penalty 10000
..............\glue 0.0 plus 0.04004 minus 0.16003
..............\font<m-12.0> n
..............\glue 2.75002 plus 2.75002 minus 1.375
..............\font<m-12.0> a
..............\penalty 10000
..............\glue 0.0 plus 0.04004 minus 0.16003
..............\font<m-12.0> n
..............\penalty 10000
..............\glue 0.0 plus 0.04004 minus 0.16003
..............\font<m-12.0> d
..............\glue 2.75002 plus 2.75002 minus 1.375
..............\font<m-12.0> t
..............\penalty 10000
..............\glue 0.0 plus 0.04004 minus 0.16003
..............\font<m-12.0> h
..............\penalty 10000
..............\glue 0.0 plus 0.04004 minus 0.16003
..............\font<m-12.0> e
..............\glue(\rightskip) 0.0 plus 42.47676
.............\glue(\baselineskip) 2.92284
.............\hbox(7.98604+3.091)x169.90706, glue set 0.03749
..............\font<m-12.0> a
..............\penalty 10000
..............\glue 0.0 plus 0.04004 minus 0.16003
..............\font<m-12.0> l
..............\penalty 10000
..............\glue 0.0 plus 0.04004 minus 0.16003
..............\font<m-12.0> t
..............\penalty 10000
..............\glue 0.0 plus 0.04004 minus 0.16003
..............\font<m-12.0> a
..............\penalty 10000
..............\glue 0.0 plus 0.04004 minus 0.16003
..............\font<m-12.0> r
..............\penalty 10000
..............\glue 0.0 plus 0.04004 minus 0.16003
..............\font<m-12.0> ,
..............\glue 2.75002 plus 2.75002 minus 1.375
..............\font<m-12.0> a
..............\penalty 10000
..............\glue 0.0 plus 0.04004 minus 0.16003
..............\font<m-12.0> n
..............\penalty 10000
..............\glue 0.0 plus 0.04004 minus 0.16003
..............\font<m-12.0> d
..............\glue 2.75002 plus 2.75002 minus 1.375
..............\font<m-12.0> p
..............\penalty 10000
..............\glue 0.0 plus 0.04004 minus 0.16003
..............\font<m-12.0> u
..............\penalty 10000
..............\glue 0.0 plus 0.04004 minus 0.16003
..............\font<m-12.0> t
..............\glue 2.75002 plus 2.75002 minus 1.375
..............\font<m-12.0> w
..............\penalty 10000
..............\glue 0.0 plus 0.04004 minus 0.16003
..............\font<m-12.0> a
..............\penalty 10000
..............\glue 0.0 plus 0.04004 minus 0.16003
..............\font<m-12.0> t
..............\penalty 10000
..............\glue 0.0 plus 0.04004 minus 0.16003
..............\font<m-12.0> e
..............\penalty 10000
..............\glue 0.0 plus 0.04004 minus 0.16003
..............\font<m-12.0> r
..............\glue 2.75002 plus 2.75002 minus 1.375
..............\font<m-12.0> t
..............\penalty 10000
..............\glue 0.0 plus 0.04004 minus 0.16003
..............\font<m-12.0> h
..............\penalty 10000
..............\glue 0.0 plus 0.04004 minus 0.16003
..............\font<m-12.0> e
..............\penalty 10000
..............\glue 0.0 plus 0.04004 minus 0.16003
..............\font<m-12.0> r
..............\penalty 10000
..............\glue 0.0 plus 0.04004 minus 0.16003
..............\font<m-12.0> e
..............\penalty 10000
..............\glue 0.0 plus 0.04004 minus 0.16003
..............\font<m-12.0> ,
..............\glue 2.75002 plus 2.75002 minus 1.375
..............\font<m-12.0> t
..............\penalty 10000
..............\glue 0.0 plus 0.04004 minus 0.16003
..............\font<m-12.0> o
..............\glue 2.75002 plus 2.75002 minus 1.375
..............\font<m-12.0> w
..............\penalty 10000
..............\glue 0.0 plus 0.04004 minus 0.16003
..............\font<m-12.0> a
..............\penalty 10000
..............\glue 0.0 plus 0.04004 minus 0.16003
..............\font<m-12.0> s
..............\penalty 10000
..............\glue 0.0 plus 0.04004 minus 0.16003
..............\font<m-12.0> h
..............\glue(\rightskip) 0.0 plus 42.47676
.............\penalty 10000
.............\glue(\baselineskip) 2.92284
.............\hbox(7.98604+3.091)x169.90706, glue set 144.83792fil
..............\font<m-12.0> w
..............\penalty 10000
..............\glue 0.0 plus 0.04004 minus 0.16003
..............\font<m-12.0> i
..............\penalty 10000
..............\glue 0.0 plus 0.04004 minus 0.16003
..............\font<m-12.0> t
..............\penalty 10000
..............\glue 0.0 plus 0.04004 minus 0.16003
..............\font<m-12.0> h
..............\penalty 10000
..............\glue 0.0 plus 0.04004 minus 0.16003
..............\font<m-12.0> .
..............\beginL
..............\pdfsavepos
..............\write0{\noexpand \@parend {0}{\the \pdflastxpos }{\the \pdflastypos }{\the \lastdepth }}
..............\endL
..............\penalty 10000
..............\glue(\parfillskip) 0.0 plus 1.0fil
..............\glue(\rightskip) 0.0 plus 42.47676
.............\write0{\@parlen{EXO40.30}{1}{4}{m}{EXO40.30}{1}}
.............\glue(\parskip) 0.0
.............\glue(\baselineskip) 1.63045
.............\hbox(9.27843+3.091)x169.90706, glue set 0.19847
..............\hbox(0.0+0.0)x0.0
..............\beginL
..............\pdfsavepos
..............\write0{\noexpand \@parstart {EXO40.31}{versetext}{m}{13.99988pt}{\the \pdflastxpos }{\the \pdflastypos }}
..............\endL
..............\special{pdf:dest (EXO.40:31) [@thispage /XYZ @xpos @ypos null]}
..............\hbox(5.98953+2.31825)x8.25005, shifted -3.2889
...............\font<v-12.0+m> 31
..............\kern 1.65001
..............\penalty 10000
..............\glue 0.0
..............\font<m-12.0> A
..............\penalty 10000
..............\glue 0.0 plus 0.04004 minus 0.16003
..............\font<m-12.0> n
..............\penalty 10000
..............\glue 0.0 plus 0.04004 minus 0.16003
..............\font<m-12.0> d
..............\glue 2.75002 plus 2.75002 minus 1.375
..............\font<m-12.0> M
..............\penalty 10000
..............\glue 0.0 plus 0.04004 minus 0.16003
..............\font<m-12.0> o
..............\penalty 10000
..............\glue 0.0 plus 0.04004 minus 0.16003
..............\font<m-12.0> s
..............\penalty 10000
..............\glue 0.0 plus 0.04004 minus 0.16003
..............\font<m-12.0> e
..............\penalty 10000
..............\glue 0.0 plus 0.04004 minus 0.16003
..............\font<m-12.0> s
..............\glue 2.75002 plus 2.75002 minus 1.375
..............\font<m-12.0> a
..............\penalty 10000
..............\glue 0.0 plus 0.04004 minus 0.16003
..............\font<m-12.0> n
..............\penalty 10000
..............\glue 0.0 plus 0.04004 minus 0.16003
..............\font<m-12.0> d
..............\glue 2.75002 plus 2.75002 minus 1.375
..............\font<m-12.0> A
..............\penalty 10000
..............\glue 0.0 plus 0.04004 minus 0.16003
..............\font<m-12.0> a
..............\penalty 10000
..............\glue 0.0 plus 0.04004 minus 0.16003
..............\font<m-12.0> r
..............\penalty 10000
..............\glue 0.0 plus 0.04004 minus 0.16003
..............\font<m-12.0> o
..............\penalty 10000
..............\glue 0.0 plus 0.04004 minus 0.16003
..............\font<m-12.0> n
..............\glue 2.75002 plus 2.75002 minus 1.375
..............\font<m-12.0> a
..............\penalty 10000
..............\glue 0.0 plus 0.04004 minus 0.16003
..............\font<m-12.0> n
..............\penalty 10000
..............\glue 0.0 plus 0.04004 minus 0.16003
..............\font<m-12.0> d
..............\glue 2.75002 plus 2.75002 minus 1.375
..............\font<m-12.0> h
..............\penalty 10000
..............\glue 0.0 plus 0.04004 minus 0.16003
..............\font<m-12.0> i
..............\penalty 10000
..............\glue 0.0 plus 0.04004 minus 0.16003
..............\font<m-12.0> s
..............\glue(\rightskip) 0.0 plus 42.47676
.............\mark{Exodus:40:31}
.............\penalty 10000
.............\glue(\baselineskip) 2.92284
.............\hbox(7.98604+3.091)x169.90706, glue set 0.05008
..............\font<m-12.0> s
..............\penalty 10000
..............\glue 0.0 plus 0.04004 minus 0.16003
..............\font<m-12.0> o
..............\penalty 10000
..............\glue 0.0 plus 0.04004 minus 0.16003
..............\font<m-12.0> n
..............\penalty 10000
..............\glue 0.0 plus 0.04004 minus 0.16003
..............\font<m-12.0> s
..............\glue 2.75002 plus 2.75002 minus 1.375
..............\font<m-12.0> w
..............\penalty 10000
..............\glue 0.0 plus 0.04004 minus 0.16003
..............\font<m-12.0> a
..............\penalty 10000
..............\glue 0.0 plus 0.04004 minus 0.16003
..............\font<m-12.0> s
..............\penalty 10000
..............\glue 0.0 plus 0.04004 minus 0.16003
..............\font<m-12.0> h
..............\penalty 10000
..............\glue 0.0 plus 0.04004 minus 0.16003
..............\font<m-12.0> e
..............\penalty 10000
..............\glue 0.0 plus 0.04004 minus 0.16003
..............\font<m-12.0> d
..............\glue 2.75002 plus 2.75002 minus 1.375
..............\font<m-12.0> t
..............\penalty 10000
..............\glue 0.0 plus 0.04004 minus 0.16003
..............\font<m-12.0> h
..............\penalty 10000
..............\glue 0.0 plus 0.04004 minus 0.16003
..............\font<m-12.0> e
..............\penalty 10000
..............\glue 0.0 plus 0.04004 minus 0.16003
..............\font<m-12.0> i
..............\penalty 10000
..............\glue 0.0 plus 0.04004 minus 0.16003
..............\font<m-12.0> r
..............\glue 2.75002 plus 2.75002 minus 1.375
..............\font<m-12.0> h
..............\penalty 10000
..............\glue 0.0 plus 0.04004 minus 0.16003
..............\font<m-12.0> a
..............\penalty 10000
..............\glue 0.0 plus 0.04004 minus 0.16003
..............\font<m-12.0> n
..............\penalty 10000
..............\glue 0.0 plus 0.04004 minus 0.16003
..............\font<m-12.0> d
..............\penalty 10000
..............\glue 0.0 plus 0.04004 minus 0.16003
..............\font<m-12.0> s
..............\glue 2.75002 plus 2.75002 minus 1.375
..............\font<m-12.0> a
..............\penalty 10000
..............\glue 0.0 plus 0.04004 minus 0.16003
..............\font<m-12.0> n
..............\penalty 10000
..............\glue 0.0 plus 0.04004 minus 0.16003
..............\font<m-12.0> d
..............\glue 2.75002 plus 2.75002 minus 1.375
..............\font<m-12.0> t
..............\penalty 10000
..............\glue 0.0 plus 0.04004 minus 0.16003
..............\font<m-12.0> h
..............\penalty 10000
..............\glue 0.0 plus 0.04004 minus 0.16003
..............\font<m-12.0> e
..............\penalty 10000
..............\glue 0.0 plus 0.04004 minus 0.16003
..............\font<m-12.0> i
..............\penalty 10000
..............\glue 0.0 plus 0.04004 minus 0.16003
..............\font<m-12.0> r
..............\glue(\rightskip) 0.0 plus 42.47676
.............\penalty 10000
.............\glue(\baselineskip) 2.92284
.............\hbox(7.98604+3.091)x169.90706, glue set 112.66275fil
..............\font<m-12.0> f
..............\penalty 10000
..............\glue 0.0 plus 0.04004 minus 0.16003
..............\font<m-12.0> e
..............\penalty 10000
..............\glue 0.0 plus 0.04004 minus 0.16003
..............\font<m-12.0> e
..............\penalty 10000
..............\glue 0.0 plus 0.04004 minus 0.16003
..............\font<m-12.0> t
..............\glue 2.75002 plus 2.75002 minus 1.375
..............\font<m-12.0> t
..............\penalty 10000
..............\glue 0.0 plus 0.04004 minus 0.16003
..............\font<m-12.0> h
..............\penalty 10000
..............\glue 0.0 plus 0.04004 minus 0.16003
..............\font<m-12.0> e
..............\penalty 10000
..............\glue 0.0 plus 0.04004 minus 0.16003
..............\font<m-12.0> r
..............\penalty 10000
..............\glue 0.0 plus 0.04004 minus 0.16003
..............\font<m-12.0> e
..............\penalty 10000
..............\glue 0.0 plus 0.04004 minus 0.16003
..............\font<m-12.0> a
..............\penalty 10000
..............\glue 0.0 plus 0.04004 minus 0.16003
..............\font<m-12.0> t
..............\penalty 10000
..............\glue 0.0 plus 0.04004 minus 0.16003
..............\font<m-12.0> :
..............\beginL
..............\pdfsavepos
..............\write0{\noexpand \@parend {0}{\the \pdflastxpos }{\the \pdflastypos }{\the \lastdepth }}
..............\endL
..............\penalty 10000
..............\glue(\parfillskip) 0.0 plus 1.0fil
..............\glue(\rightskip) 0.0 plus 42.47676
.............\write0{\@parlen{EXO40.31}{1}{3}{m}{EXO40.31}{1}}
.............\pdfsavepos
.............\write0{\string \@colstop {\the \pdflastxpos }{\the \pdflastypos }}
.............\glue 0.0 plus 1.0fil
............\glue 0.0 plus 1.0fil
............\vbox(391.99658+0.0)x1.0
.............\glue 3.0
.............\hbox(388.99658+0.0)x1.0
..............\hbox(388.99658+0.0)x1.0, glue set 0.3fil
...............\special{color push rgb 0 0 0}
...............\glue 0.0 plus 1.0fil
...............\rule(388.99658+*)x0.4
...............\glue 0.0 plus 1.0fil
...............\special{color pop}
.............\glue 0.0 plus 1.0fil
............\glue 0.0 plus 1.0fil
............\vbox(391.99658+0.0)x169.90706
.............\pdfsavepos
.............\write0{\@colstart{391.99658pt}{3.091pt}{169.90706pt}{\the \pdflastxpos }{\the \pdflastypos }}
.............\glue(\splittopskip) 4.72145
.............\hbox(9.27843+3.091)x169.90706, glue set 0.09564
..............\hbox(0.0+0.0)x0.0
..............\beginL
..............\pdfsavepos
..............\write0{\noexpand \@parstart {EXO40.32}{versetext}{m}{13.99988pt}{\the \pdflastxpos }{\the \pdflastypos }}
..............\endL
..............\special{pdf:dest (EXO.40:32) [@thispage /XYZ @xpos @ypos null]}
..............\hbox(5.98953+2.31825)x8.25005, shifted -3.2889
...............\font<v-12.0+m> 32
..............\kern 1.65001
..............\penalty 10000
..............\glue 0.0
..............\font<m-12.0> W
..............\penalty 10000
..............\glue 0.0 plus 0.04004 minus 0.16003
..............\font<m-12.0> h
..............\penalty 10000
..............\glue 0.0 plus 0.04004 minus 0.16003
..............\font<m-12.0> e
..............\penalty 10000
..............\glue 0.0 plus 0.04004 minus 0.16003
..............\font<m-12.0> n
..............\glue 2.75002 plus 2.75002 minus 1.375
..............\font<m-12.0> t
..............\penalty 10000
..............\glue 0.0 plus 0.04004 minus 0.16003
..............\font<m-12.0> h
..............\penalty 10000
..............\glue 0.0 plus 0.04004 minus 0.16003
..............\font<m-12.0> e
..............\penalty 10000
..............\glue 0.0 plus 0.04004 minus 0.16003
..............\font<m-12.0> y
..............\glue 2.75002 plus 2.75002 minus 1.375
..............\font<m-12.0> w
..............\penalty 10000
..............\glue 0.0 plus 0.04004 minus 0.16003
..............\font<m-12.0> e
..............\penalty 10000
..............\glue 0.0 plus 0.04004 minus 0.16003
..............\font<m-12.0> n
..............\penalty 10000
..............\glue 0.0 plus 0.04004 minus 0.16003
..............\font<m-12.0> t
..............\glue 2.75002 plus 2.75002 minus 1.375
..............\font<m-12.0> i
..............\penalty 10000
..............\glue 0.0 plus 0.04004 minus 0.16003
..............\font<m-12.0> n
..............\penalty 10000
..............\glue 0.0 plus 0.04004 minus 0.16003
..............\font<m-12.0> t
..............\penalty 10000
..............\glue 0.0 plus 0.04004 minus 0.16003
..............\font<m-12.0> o
..............\glue 2.75002 plus 2.75002 minus 1.375
..............\font<m-12.0> t
..............\penalty 10000
..............\glue 0.0 plus 0.04004 minus 0.16003
..............\font<m-12.0> h
..............\penalty 10000
..............\glue 0.0 plus 0.04004 minus 0.16003
..............\font<m-12.0> e
..............\glue 2.75002 plus 2.75002 minus 1.375
..............\font<m-12.0> t
..............\penalty 10000
..............\glue 0.0 plus 0.04004 minus 0.16003
..............\font<m-12.0> e
..............\penalty 10000
..............\glue 0.0 plus 0.04004 minus 0.16003
..............\font<m-12.0> n
..............\penalty 10000
..............\glue 0.0 plus 0.04004 minus 0.16003
..............\font<m-12.0> t
..............\glue 2.75002 plus 2.75002 minus 1.375
..............\font<m-12.0> o
..............\penalty 10000
..............\glue 0.0 plus 0.04004 minus 0.16003
..............\font<m-12.0> f
..............\glue(\rightskip) 0.0 plus 42.47676
.............\mark{Exodus:40:32}
.............\penalty 10000
.............\glue(\baselineskip) 2.92284
.............\hbox(7.98604+3.091)x169.90706, glue set 0.18152
..............\font<m-12.0> t
..............\penalty 10000
..............\glue 0.0 plus 0.04004 minus 0.16003
..............\font<m-12.0> h
..............\penalty 10000
..............\glue 0.0 plus 0.04004 minus 0.16003
..............\font<m-12.0> e
..............\glue 2.75002 plus 2.75002 minus 1.375
..............\font<m-12.0> c
..............\penalty 10000
..............\glue 0.0 plus 0.04004 minus 0.16003
..............\font<m-12.0> o
..............\penalty 10000
..............\glue 0.0 plus 0.04004 minus 0.16003
..............\font<m-12.0> n
..............\penalty 10000
..............\glue 0.0 plus 0.04004 minus 0.16003
..............\font<m-12.0> g
..............\penalty 10000
..............\glue 0.0 plus 0.04004 minus 0.16003
..............\font<m-12.0> r
..............\penalty 10000
..............\glue 0.0 plus 0.04004 minus 0.16003
..............\font<m-12.0> e
..............\penalty 10000
..............\glue 0.0 plus 0.04004 minus 0.16003
..............\font<m-12.0> g
..............\penalty 10000
..............\glue 0.0 plus 0.04004 minus 0.16003
..............\font<m-12.0> a
..............\penalty 10000
..............\glue 0.0 plus 0.04004 minus 0.16003
..............\font<m-12.0> t
..............\penalty 10000
..............\glue 0.0 plus 0.04004 minus 0.16003
..............\font<m-12.0> i
..............\penalty 10000
..............\glue 0.0 plus 0.04004 minus 0.16003
..............\font<m-12.0> o
..............\penalty 10000
..............\glue 0.0 plus 0.04004 minus 0.16003
..............\font<m-12.0> n
..............\penalty 10000
..............\glue 0.0 plus 0.04004 minus 0.16003
..............\font<m-12.0> ,
..............\glue 2.75002 plus 2.75002 minus 1.375
..............\font<m-12.0> a
..............\penalty 10000
..............\glue 0.0 plus 0.04004 minus 0.16003
..............\font<m-12.0> n
..............\penalty 10000
..............\glue 0.0 plus 0.04004 minus 0.16003
..............\font<m-12.0> d
..............\glue 2.75002 plus 2.75002 minus 1.375
..............\font<m-12.0> w
..............\penalty 10000
..............\glue 0.0 plus 0.04004 minus 0.16003
..............\font<m-12.0> h
..............\penalty 10000
..............\glue 0.0 plus 0.04004 minus 0.16003
..............\font<m-12.0> e
..............\penalty 10000
..............\glue 0.0 plus 0.04004 minus 0.16003
..............\font<m-12.0> n
..............\glue 2.75002 plus 2.75002 minus 1.375
..............\font<m-12.0> t
..............\penalty 10000
..............\glue 0.0 plus 0.04004 minus 0.16003
..............\font<m-12.0> h
..............\penalty 10000
..............\glue 0.0 plus 0.04004 minus 0.16003
..............\font<m-12.0> e
..............\penalty 10000
..............\glue 0.0 plus 0.04004 minus 0.16003
..............\font<m-12.0> y
..............\glue(\rightskip) 0.0 plus 42.47676
.............\glue(\baselineskip) 2.92284
.............\hbox(7.98604+3.091)x169.90706, glue set - 0.4241
..............\font<m-12.0> c
..............\penalty 10000
..............\glue 0.0 plus 0.04004 minus 0.16003
..............\font<m-12.0> a
..............\penalty 10000
..............\glue 0.0 plus 0.04004 minus 0.16003
..............\font<m-12.0> m
..............\penalty 10000
..............\glue 0.0 plus 0.04004 minus 0.16003
..............\font<m-12.0> e
..............\glue 2.75002 plus 2.75002 minus 1.375
..............\font<m-12.0> n
..............\penalty 10000
..............\glue 0.0 plus 0.04004 minus 0.16003
..............\font<m-12.0> e
..............\penalty 10000
..............\glue 0.0 plus 0.04004 minus 0.16003
..............\font<m-12.0> a
..............\penalty 10000
..............\glue 0.0 plus 0.04004 minus 0.16003
..............\font<m-12.0> r
..............\glue 2.75002 plus 2.75002 minus 1.375
..............\font<m-12.0> t
..............\penalty 10000
..............\glue 0.0 plus 0.04004 minus 0.16003
..............\font<m-12.0> o
..............\glue 2.75002 plus 2.75002 minus 1.375
..............\font<m-12.0> t
..............\penalty 10000
..............\glue 0.0 plus 0.04004 minus 0.16003
..............\font<m-12.0> h
..............\penalty 10000
..............\glue 0.0 plus 0.04004 minus 0.16003
..............\font<m-12.0> e
..............\glue 2.75002 plus 2.75002 minus 1.375
..............\font<m-12.0> a
..............\penalty 10000
..............\glue 0.0 plus 0.04004 minus 0.16003
..............\font<m-12.0> l
..............\penalty 10000
..............\glue 0.0 plus 0.04004 minus 0.16003
..............\font<m-12.0> t
..............\penalty 10000
..............\glue 0.0 plus 0.04004 minus 0.16003
..............\font<m-12.0> a
..............\penalty 10000
..............\glue 0.0 plus 0.04004 minus 0.16003
..............\font<m-12.0> r
..............\penalty 10000
..............\glue 0.0 plus 0.04004 minus 0.16003
..............\font<m-12.0> ,
..............\glue 2.75002 plus 2.75002 minus 1.375
..............\font<m-12.0> t
..............\penalty 10000
..............\glue 0.0 plus 0.04004 minus 0.16003
..............\font<m-12.0> h
..............\penalty 10000
..............\glue 0.0 plus 0.04004 minus 0.16003
..............\font<m-12.0> e
..............\penalty 10000
..............\glue 0.0 plus 0.04004 minus 0.16003
..............\font<m-12.0> y
..............\glue 2.75002 plus 2.75002 minus 1.375
..............\font<m-12.0> w
..............\penalty 10000
..............\glue 0.0 plus 0.04004 minus 0.16003
..............\font<m-12.0> a
..............\penalty 10000
..............\glue 0.0 plus 0.04004 minus 0.16003
..............\font<m-12.0> s
..............\penalty 10000
..............\glue 0.0 plus 0.04004 minus 0.16003
..............\font<m-12.0> h
..............\penalty 10000
..............\glue 0.0 plus 0.04004 minus 0.16003
..............\font<m-12.0> e
..............\penalty 10000
..............\glue 0.0 plus 0.04004 minus 0.16003
..............\font<m-12.0> d
..............\penalty 10000
..............\glue 0.0 plus 0.04004 minus 0.16003
..............\font<m-12.0> ;
..............\glue(\rightskip) 0.0 plus 42.47676
.............\penalty 10000
.............\glue(\baselineskip) 2.92284
.............\hbox(7.98604+3.091)x169.90706, glue set 7.56815fil
..............\font<m-12.0> a
..............\penalty 10000
..............\glue 0.0 plus 0.04004 minus 0.16003
..............\font<m-12.0> s
..............\glue 2.75002 plus 2.75002 minus 1.375
..............\font<m-12.0> t
..............\penalty 10000
..............\glue 0.0 plus 0.04004 minus 0.16003
..............\font<m-12.0> h
..............\penalty 10000
..............\glue 0.0 plus 0.04004 minus 0.16003
..............\font<m-12.0> e
..............\glue 2.75002 plus 2.75002 minus 1.375
..............\font<m-12.0> L
..............\penalty 10000
..............\glue 0.0 plus 0.04004 minus 0.16003
..............\font<m-12.0> O
..............\penalty 10000
..............\glue 0.0 plus 0.04004 minus 0.16003
..............\font<m-12.0> R
..............\penalty 10000
..............\glue 0.0 plus 0.04004 minus 0.16003
..............\font<m-12.0> D
..............\glue 2.75002 plus 2.74725 minus 1.37637
..............\font<m-12.0> c
..............\penalty 10000
..............\glue 0.0 plus 0.04004 minus 0.16003
..............\font<m-12.0> o
..............\penalty 10000
..............\glue 0.0 plus 0.04004 minus 0.16003
..............\font<m-12.0> m
..............\penalty 10000
..............\glue 0.0 plus 0.04004 minus 0.16003
..............\font<m-12.0> m
..............\penalty 10000
..............\glue 0.0 plus 0.04004 minus 0.16003
..............\font<m-12.0> a
..............\penalty 10000
..............\glue 0.0 plus 0.04004 minus 0.16003
..............\font<m-12.0> n
..............\penalty 10000
..............\glue 0.0 plus 0.04004 minus 0.16003
..............\font<m-12.0> d
..............\penalty 10000
..............\glue 0.0 plus 0.04004 minus 0.16003
..............\font<m-12.0> e
..............\penalty 10000
..............\glue 0.0 plus 0.04004 minus 0.16003
..............\font<m-12.0> d
..............\glue 2.75002 plus 2.75002 minus 1.375
..............\font<m-12.0> M
..............\penalty 10000
..............\glue 0.0 plus 0.04004 minus 0.16003
..............\font<m-12.0> o
..............\penalty 10000
..............\glue 0.0 plus 0.04004 minus 0.16003
..............\font<m-12.0> s
..............\penalty 10000
..............\glue 0.0 plus 0.04004 minus 0.16003
..............\font<m-12.0> e
..............\penalty 10000
..............\glue 0.0 plus 0.04004 minus 0.16003
..............\font<m-12.0> s
..............\penalty 10000
..............\glue 0.0 plus 0.04004 minus 0.16003
..............\font<m-12.0> .
..............\beginL
..............\pdfsavepos
..............\write0{\noexpand \@parend {0}{\the \pdflastxpos }{\the \pdflastypos }{\the \lastdepth }}
..............\endL
..............\penalty 10000
..............\glue(\parfillskip) 0.0 plus 1.0fil
..............\glue(\rightskip) 0.0 plus 42.47676
.............\write0{\@parlen{EXO40.32}{1}{4}{m}{EXO40.32}{1}}
.............\glue(\parskip) 0.0
.............\glue(\baselineskip) 1.63045
.............\hbox(9.27843+3.091)x169.90706, glue set - 0.47446
..............\hbox(0.0+0.0)x0.0
..............\beginL
..............\pdfsavepos
..............\write0{\noexpand \@parstart {EXO40.33}{versetext}{m}{13.99988pt}{\the \pdflastxpos }{\the \pdflastypos }}
..............\endL
..............\special{pdf:dest (EXO.40:33) [@thispage /XYZ @xpos @ypos null]}
..............\hbox(5.98953+2.31825)x8.25005, shifted -3.2889
...............\font<v-12.0+m> 33
..............\kern 1.65001
..............\penalty 10000
..............\glue 0.0
..............\font<m-12.0> A
..............\penalty 10000
..............\glue 0.0 plus 0.04004 minus 0.16003
..............\font<m-12.0> n
..............\penalty 10000
..............\glue 0.0 plus 0.04004 minus 0.16003
..............\font<m-12.0> d
..............\glue 2.75002 plus 2.75002 minus 1.375
..............\font<m-12.0> h
..............\penalty 10000
..............\glue 0.0 plus 0.04004 minus 0.16003
..............\font<m-12.0> e
..............\glue 2.75002 plus 2.75002 minus 1.375
..............\font<m-12.0> r
..............\penalty 10000
..............\glue 0.0 plus 0.04004 minus 0.16003
..............\font<m-12.0> e
..............\penalty 10000
..............\glue 0.0 plus 0.04004 minus 0.16003
..............\font<m-12.0> a
..............\penalty 10000
..............\glue 0.0 plus 0.04004 minus 0.16003
..............\font<m-12.0> r
..............\penalty 10000
..............\glue 0.0 plus 0.04004 minus 0.16003
..............\font<m-12.0> e
..............\penalty 10000
..............\glue 0.0 plus 0.04004 minus 0.16003
..............\font<m-12.0> d
..............\glue 2.75002 plus 2.75002 minus 1.375
..............\font<m-12.0> u
..............\penalty 10000
..............\glue 0.0 plus 0.04004 minus 0.16003
..............\font<m-12.0> p
..............\glue 2.75002 plus 2.75002 minus 1.375
..............\font<m-12.0> t
..............\penalty 10000
..............\glue 0.0 plus 0.04004 minus 0.16003
..............\font<m-12.0> h
..............\penalty 10000
..............\glue 0.0 plus 0.04004 minus 0.16003
..............\font<m-12.0> e
..............\glue 2.75002 plus 2.75002 minus 1.375
..............\font<m-12.0> c
..............\penalty 10000
..............\glue 0.0 plus 0.04004 minus 0.16003
..............\font<m-12.0> o
..............\penalty 10000
..............\glue 0.0 plus 0.04004 minus 0.16003
..............\font<m-12.0> u
..............\penalty 10000
..............\glue 0.0 plus 0.04004 minus 0.16003
..............\font<m-12.0> r
..............\penalty 10000
..............\glue 0.0 plus 0.04004 minus 0.16003
..............\font<m-12.0> t
..............\glue 2.75002 plus 2.75002 minus 1.375
..............\font<m-12.0> r
..............\penalty 10000
..............\glue 0.0 plus 0.04004 minus 0.16003
..............\font<m-12.0> o
..............\penalty 10000
..............\glue 0.0 plus 0.04004 minus 0.16003
..............\font<m-12.0> u
..............\penalty 10000
..............\glue 0.0 plus 0.04004 minus 0.16003
..............\font<m-12.0> n
..............\penalty 10000
..............\glue 0.0 plus 0.04004 minus 0.16003
..............\font<m-12.0> d
..............\glue(\rightskip) 0.0 plus 42.47676
.............\mark{Exodus:40:33}
.............\penalty 10000
.............\glue(\baselineskip) 2.92284
.............\hbox(7.98604+3.091)x169.90706, glue set 0.07501
..............\font<m-12.0> a
..............\penalty 10000
..............\glue 0.0 plus 0.04004 minus 0.16003
..............\font<m-12.0> b
..............\penalty 10000
..............\glue 0.0 plus 0.04004 minus 0.16003
..............\font<m-12.0> o
..............\penalty 10000
..............\glue 0.0 plus 0.04004 minus 0.16003
..............\font<m-12.0> u
..............\penalty 10000
..............\glue 0.0 plus 0.04004 minus 0.16003
..............\font<m-12.0> t
..............\glue 2.75002 plus 2.75002 minus 1.375
..............\font<m-12.0> t
..............\penalty 10000
..............\glue 0.0 plus 0.04004 minus 0.16003
..............\font<m-12.0> h
..............\penalty 10000
..............\glue 0.0 plus 0.04004 minus 0.16003
..............\font<m-12.0> e
..............\glue 2.75002 plus 2.75002 minus 1.375
..............\font<m-12.0> t
..............\penalty 10000
..............\glue 0.0 plus 0.04004 minus 0.16003
..............\font<m-12.0> a
..............\penalty 10000
..............\glue 0.0 plus 0.04004 minus 0.16003
..............\font<m-12.0> b
..............\penalty 10000
..............\glue 0.0 plus 0.04004 minus 0.16003
..............\font<m-12.0> e
..............\penalty 10000
..............\glue 0.0 plus 0.04004 minus 0.16003
..............\font<m-12.0> r
..............\penalty 10000
..............\glue 0.0 plus 0.04004 minus 0.16003
..............\font<m-12.0> n
..............\penalty 10000
..............\glue 0.0 plus 0.04004 minus 0.16003
..............\font<m-12.0> a
..............\penalty 10000
..............\glue 0.0 plus 0.04004 minus 0.16003
..............\font<m-12.0> c
..............\penalty 10000
..............\glue 0.0 plus 0.04004 minus 0.16003
..............\font<m-12.0> l
..............\penalty 10000
..............\glue 0.0 plus 0.04004 minus 0.16003
..............\font<m-12.0> e
..............\glue 2.75002 plus 2.75002 minus 1.375
..............\font<m-12.0> a
..............\penalty 10000
..............\glue 0.0 plus 0.04004 minus 0.16003
..............\font<m-12.0> n
..............\penalty 10000
..............\glue 0.0 plus 0.04004 minus 0.16003
..............\font<m-12.0> d
..............\glue 2.75002 plus 2.75002 minus 1.375
..............\font<m-12.0> t
..............\penalty 10000
..............\glue 0.0 plus 0.04004 minus 0.16003
..............\font<m-12.0> h
..............\penalty 10000
..............\glue 0.0 plus 0.04004 minus 0.16003
..............\font<m-12.0> e
..............\glue 2.75002 plus 2.75002 minus 1.375
..............\font<m-12.0> a
..............\penalty 10000
..............\glue 0.0 plus 0.04004 minus 0.16003
..............\font<m-12.0> l
..............\penalty 10000
..............\glue 0.0 plus 0.04004 minus 0.16003
..............\font<m-12.0> t
..............\penalty 10000
..............\glue 0.0 plus 0.04004 minus 0.16003
..............\font<m-12.0> a
..............\penalty 10000
..............\glue 0.0 plus 0.04004 minus 0.16003
..............\font<m-12.0> r
..............\penalty 10000
..............\glue 0.0 plus 0.04004 minus 0.16003
..............\font<m-12.0> ,
..............\glue(\rightskip) 0.0 plus 42.47676
.............\glue(\baselineskip) 2.92284
.............\hbox(7.98604+3.091)x169.90706, glue set - 0.03601
..............\font<m-12.0> a
..............\penalty 10000
..............\glue 0.0 plus 0.04004 minus 0.16003
..............\font<m-12.0> n
..............\penalty 10000
..............\glue 0.0 plus 0.04004 minus 0.16003
..............\font<m-12.0> d
..............\glue 2.75002 plus 2.75002 minus 1.375
..............\font<m-12.0> s
..............\penalty 10000
..............\glue 0.0 plus 0.04004 minus 0.16003
..............\font<m-12.0> e
..............\penalty 10000
..............\glue 0.0 plus 0.04004 minus 0.16003
..............\font<m-12.0> t
..............\glue 2.75002 plus 2.75002 minus 1.375
..............\font<m-12.0> u
..............\penalty 10000
..............\glue 0.0 plus 0.04004 minus 0.16003
..............\font<m-12.0> p
..............\glue 2.75002 plus 2.75002 minus 1.375
..............\font<m-12.0> t
..............\penalty 10000
..............\glue 0.0 plus 0.04004 minus 0.16003
..............\font<m-12.0> h
..............\penalty 10000
..............\glue 0.0 plus 0.04004 minus 0.16003
..............\font<m-12.0> e
..............\glue 2.75002 plus 2.75002 minus 1.375
..............\font<m-12.0> h
..............\penalty 10000
..............\glue 0.0 plus 0.04004 minus 0.16003
..............\font<m-12.0> a
..............\penalty 10000
..............\glue 0.0 plus 0.04004 minus 0.16003
..............\font<m-12.0> n
..............\penalty 10000
..............\glue 0.0 plus 0.04004 minus 0.16003
..............\font<m-12.0> g
..............\penalty 10000
..............\glue 0.0 plus 0.04004 minus 0.16003
..............\font<m-12.0> i
..............\penalty 10000
..............\glue 0.0 plus 0.04004 minus 0.16003
..............\font<m-12.0> n
..............\penalty 10000
..............\glue 0.0 plus 0.04004 minus 0.16003
..............\font<m-12.0> g
..............\glue 2.75002 plus 2.75002 minus 1.375
..............\font<m-12.0> o
..............\penalty 10000
..............\glue 0.0 plus 0.04004 minus 0.16003
..............\font<m-12.0> f
..............\glue 2.75002 plus 2.75002 minus 1.375
..............\font<m-12.0> t
..............\penalty 10000
..............\glue 0.0 plus 0.04004 minus 0.16003
..............\font<m-12.0> h
..............\penalty 10000
..............\glue 0.0 plus 0.04004 minus 0.16003
..............\font<m-12.0> e
..............\glue 2.75002 plus 2.75002 minus 1.375
..............\font<m-12.0> c
..............\penalty 10000
..............\glue 0.0 plus 0.04004 minus 0.16003
..............\font<m-12.0> o
..............\penalty 10000
..............\glue 0.0 plus 0.04004 minus 0.16003
..............\font<m-12.0> u
..............\penalty 10000
..............\glue 0.0 plus 0.04004 minus 0.16003
..............\font<m-12.0> r
..............\penalty 10000
..............\glue 0.0 plus 0.04004 minus 0.16003
..............\font<m-12.0> t
..............\glue(\rightskip) 0.0 plus 42.47676
.............\penalty 10000
.............\glue(\baselineskip) 2.92284
.............\hbox(7.98604+3.091)x169.90706, glue set 7.06216fil
..............\font<m-12.0> g
..............\penalty 10000
..............\glue 0.0 plus 0.04004 minus 0.16003
..............\font<m-12.0> a
..............\penalty 10000
..............\glue 0.0 plus 0.04004 minus 0.16003
..............\font<m-12.0> t
..............\penalty 10000
..............\glue 0.0 plus 0.04004 minus 0.16003
..............\font<m-12.0> e
..............\penalty 10000
..............\glue 0.0 plus 0.04004 minus 0.16003
..............\font<m-12.0> .
..............\glue 2.75002 plus 2.75002 minus 1.375
..............\font<m-12.0> S
..............\penalty 10000
..............\glue 0.0 plus 0.04004 minus 0.16003
..............\font<m-12.0> o
..............\glue 2.75002 plus 2.75002 minus 1.375
..............\font<m-12.0> M
..............\penalty 10000
..............\glue 0.0 plus 0.04004 minus 0.16003
..............\font<m-12.0> o
..............\penalty 10000
..............\glue 0.0 plus 0.04004 minus 0.16003
..............\font<m-12.0> s
..............\penalty 10000
..............\glue 0.0 plus 0.04004 minus 0.16003
..............\font<m-12.0> e
..............\penalty 10000
..............\glue 0.0 plus 0.04004 minus 0.16003
..............\font<m-12.0> s
..............\glue 2.75002 plus 2.75002 minus 1.375
..............\font<m-12.0> f
..............\penalty 10000
..............\glue 0.0 plus 0.04004 minus 0.16003
..............\font<m-12.0> i
..............\penalty 10000
..............\glue 0.0 plus 0.04004 minus 0.16003
..............\font<m-12.0> n
..............\penalty 10000
..............\glue 0.0 plus 0.04004 minus 0.16003
..............\font<m-12.0> i
..............\penalty 10000
..............\glue 0.0 plus 0.04004 minus 0.16003
..............\font<m-12.0> s
..............\penalty 10000
..............\glue 0.0 plus 0.04004 minus 0.16003
..............\font<m-12.0> h
..............\penalty 10000
..............\glue 0.0 plus 0.04004 minus 0.16003
..............\font<m-12.0> e
..............\penalty 10000
..............\glue 0.0 plus 0.04004 minus 0.16003
..............\font<m-12.0> d
..............\glue 2.75002 plus 2.75002 minus 1.375
..............\font<m-12.0> t
..............\penalty 10000
..............\glue 0.0 plus 0.04004 minus 0.16003
..............\font<m-12.0> h
..............\penalty 10000
..............\glue 0.0 plus 0.04004 minus 0.16003
..............\font<m-12.0> e
..............\glue 2.75002 plus 2.75002 minus 1.375
..............\font<m-12.0> w
..............\penalty 10000
..............\glue 0.0 plus 0.04004 minus 0.16003
..............\font<m-12.0> o
..............\penalty 10000
..............\glue 0.0 plus 0.04004 minus 0.16003
..............\font<m-12.0> r
..............\penalty 10000
..............\glue 0.0 plus 0.04004 minus 0.16003
..............\font<m-12.0> k
..............\penalty 10000
..............\glue 0.0 plus 0.04004 minus 0.16003
..............\font<m-12.0> .
..............\beginL
..............\pdfsavepos
..............\write0{\noexpand \@parend {0}{\the \pdflastxpos }{\the \pdflastypos }{\the \lastdepth }}
..............\endL
..............\penalty 10000
..............\glue(\parfillskip) 0.0 plus 1.0fil
..............\glue(\rightskip) 0.0 plus 42.47676
.............\write0{\@parlen{EXO40.33}{1}{4}{m}{EXO40.33}{1}}
.............\glue(\parskip) 0.0
.............\glue(\baselineskip) 1.63045
.............\hbox(9.27843+3.091)x169.90706, glue set 0.10098
..............\hbox(0.0+0.0)x0.0
..............\beginL
..............\pdfsavepos
..............\write0{\noexpand \@parstart {EXO40.33}{versetext}{m}{13.99988pt}{\the \pdflastxpos }{\the \pdflastypos }}
..............\endL
..............\font<m-12.0> ¶
..............\glue 2.75002 plus 2.75002 minus 1.375
..............\special{pdf:dest (EXO.40:34) [@thispage /XYZ @xpos @ypos null]}
..............\hbox(5.98953+2.31825)x8.25005, shifted -3.2889
...............\font<v-12.0+m> 34
..............\kern 1.65001
..............\penalty 10000
..............\glue 0.0
..............\font<m-12.0> T
..............\penalty 10000
..............\glue 0.0 plus 0.04004 minus 0.16003
..............\font<m-12.0> h
..............\penalty 10000
..............\glue 0.0 plus 0.04004 minus 0.16003
..............\font<m-12.0> e
..............\penalty 10000
..............\glue 0.0 plus 0.04004 minus 0.16003
..............\font<m-12.0> n
..............\glue 2.75002 plus 2.75002 minus 1.375
..............\font<m-12.0> a
..............\glue 2.75002 plus 2.75002 minus 1.375
..............\font<m-12.0> c
..............\penalty 10000
..............\glue 0.0 plus 0.04004 minus 0.16003
..............\font<m-12.0> l
..............\penalty 10000
..............\glue 0.0 plus 0.04004 minus 0.16003
..............\font<m-12.0> o
..............\penalty 10000
..............\glue 0.0 plus 0.04004 minus 0.16003
..............\font<m-12.0> u
..............\penalty 10000
..............\glue 0.0 plus 0.04004 minus 0.16003
..............\font<m-12.0> d
..............\glue 2.75002 plus 2.75002 minus 1.375
..............\font<m-12.0> c
..............\penalty 10000
..............\glue 0.0 plus 0.04004 minus 0.16003
..............\font<m-12.0> o
..............\penalty 10000
..............\glue 0.0 plus 0.04004 minus 0.16003
..............\font<m-12.0> v
..............\penalty 10000
..............\glue 0.0 plus 0.04004 minus 0.16003
..............\font<m-12.0> e
..............\penalty 10000
..............\glue 0.0 plus 0.04004 minus 0.16003
..............\font<m-12.0> r
..............\penalty 10000
..............\glue 0.0 plus 0.04004 minus 0.16003
..............\font<m-12.0> e
..............\penalty 10000
..............\glue 0.0 plus 0.04004 minus 0.16003
..............\font<m-12.0> d
..............\glue 2.75002 plus 2.75002 minus 1.375
..............\font<m-12.0> t
..............\penalty 10000
..............\glue 0.0 plus 0.04004 minus 0.16003
..............\font<m-12.0> h
..............\penalty 10000
..............\glue 0.0 plus 0.04004 minus 0.16003
..............\font<m-12.0> e
..............\glue 2.75002 plus 2.75002 minus 1.375
..............\font<m-12.0> t
..............\penalty 10000
..............\glue 0.0 plus 0.04004 minus 0.16003
..............\font<m-12.0> e
..............\penalty 10000
..............\glue 0.0 plus 0.04004 minus 0.16003
..............\font<m-12.0> n
..............\penalty 10000
..............\glue 0.0 plus 0.04004 minus 0.16003
..............\font<m-12.0> t
..............\glue(\rightskip) 0.0 plus 42.47676
.............\mark{Exodus:40:34}
.............\penalty 10000
.............\glue(\baselineskip) 2.92284
.............\hbox(7.98604+3.091)x169.90706, glue set 0.08797
..............\font<m-12.0> o
..............\penalty 10000
..............\glue 0.0 plus 0.04004 minus 0.16003
..............\font<m-12.0> f
..............\glue 2.75002 plus 2.75002 minus 1.375
..............\font<m-12.0> t
..............\penalty 10000
..............\glue 0.0 plus 0.04004 minus 0.16003
..............\font<m-12.0> h
..............\penalty 10000
..............\glue 0.0 plus 0.04004 minus 0.16003
..............\font<m-12.0> e
..............\glue 2.75002 plus 2.75002 minus 1.375
..............\font<m-12.0> c
..............\penalty 10000
..............\glue 0.0 plus 0.04004 minus 0.16003
..............\font<m-12.0> o
..............\penalty 10000
..............\glue 0.0 plus 0.04004 minus 0.16003
..............\font<m-12.0> n
..............\penalty 10000
..............\glue 0.0 plus 0.04004 minus 0.16003
..............\font<m-12.0> g
..............\penalty 10000
..............\glue 0.0 plus 0.04004 minus 0.16003
..............\font<m-12.0> r
..............\penalty 10000
..............\glue 0.0 plus 0.04004 minus 0.16003
..............\font<m-12.0> e
..............\penalty 10000
..............\glue 0.0 plus 0.04004 minus 0.16003
..............\font<m-12.0> g
..............\penalty 10000
..............\glue 0.0 plus 0.04004 minus 0.16003
..............\font<m-12.0> a
..............\penalty 10000
..............\glue 0.0 plus 0.04004 minus 0.16003
..............\font<m-12.0> t
..............\penalty 10000
..............\glue 0.0 plus 0.04004 minus 0.16003
..............\font<m-12.0> i
..............\penalty 10000
..............\glue 0.0 plus 0.04004 minus 0.16003
..............\font<m-12.0> o
..............\penalty 10000
..............\glue 0.0 plus 0.04004 minus 0.16003
..............\font<m-12.0> n
..............\penalty 10000
..............\glue 0.0 plus 0.04004 minus 0.16003
..............\font<m-12.0> ,
..............\glue 2.75002 plus 2.75002 minus 1.375
..............\font<m-12.0> a
..............\penalty 10000
..............\glue 0.0 plus 0.04004 minus 0.16003
..............\font<m-12.0> n
..............\penalty 10000
..............\glue 0.0 plus 0.04004 minus 0.16003
..............\font<m-12.0> d
..............\glue 2.75002 plus 2.75002 minus 1.375
..............\font<m-12.0> t
..............\penalty 10000
..............\glue 0.0 plus 0.04004 minus 0.16003
..............\font<m-12.0> h
..............\penalty 10000
..............\glue 0.0 plus 0.04004 minus 0.16003
..............\font<m-12.0> e
..............\glue 2.75002 plus 2.75002 minus 1.375
..............\font<m-12.0> g
..............\penalty 10000
..............\glue 0.0 plus 0.04004 minus 0.16003
..............\font<m-12.0> l
..............\penalty 10000
..............\glue 0.0 plus 0.04004 minus 0.16003
..............\font<m-12.0> o
..............\penalty 10000
..............\glue 0.0 plus 0.04004 minus 0.16003
..............\font<m-12.0> r
..............\penalty 10000
..............\glue 0.0 plus 0.04004 minus 0.16003
..............\font<m-12.0> y
..............\glue(\rightskip) 0.0 plus 42.47676
.............\penalty 10000
.............\glue(\baselineskip) 2.92284
.............\hbox(7.98604+3.091)x169.90706, glue set 6.74315fil
..............\font<m-12.0> o
..............\penalty 10000
..............\glue 0.0 plus 0.04004 minus 0.16003
..............\font<m-12.0> f
..............\glue 2.75002 plus 2.75002 minus 1.375
..............\font<m-12.0> t
..............\penalty 10000
..............\glue 0.0 plus 0.04004 minus 0.16003
..............\font<m-12.0> h
..............\penalty 10000
..............\glue 0.0 plus 0.04004 minus 0.16003
..............\font<m-12.0> e
..............\glue 2.75002 plus 2.75002 minus 1.375
..............\font<m-12.0> L
..............\penalty 10000
..............\glue 0.0 plus 0.04004 minus 0.16003
..............\font<m-12.0> O
..............\penalty 10000
..............\glue 0.0 plus 0.04004 minus 0.16003
..............\font<m-12.0> R
..............\penalty 10000
..............\glue 0.0 plus 0.04004 minus 0.16003
..............\font<m-12.0> D
..............\glue 2.75002 plus 2.74725 minus 1.37637
..............\font<m-12.0> f
..............\penalty 10000
..............\glue 0.0 plus 0.04004 minus 0.16003
..............\font<m-12.0> i
..............\penalty 10000
..............\glue 0.0 plus 0.04004 minus 0.16003
..............\font<m-12.0> l
..............\penalty 10000
..............\glue 0.0 plus 0.04004 minus 0.16003
..............\font<m-12.0> l
..............\penalty 10000
..............\glue 0.0 plus 0.04004 minus 0.16003
..............\font<m-12.0> e
..............\penalty 10000
..............\glue 0.0 plus 0.04004 minus 0.16003
..............\font<m-12.0> d
..............\glue 2.75002 plus 2.75002 minus 1.375
..............\font<m-12.0> t
..............\penalty 10000
..............\glue 0.0 plus 0.04004 minus 0.16003
..............\font<m-12.0> h
..............\penalty 10000
..............\glue 0.0 plus 0.04004 minus 0.16003
..............\font<m-12.0> e
..............\glue 2.75002 plus 2.75002 minus 1.375
..............\font<m-12.0> t
..............\penalty 10000
..............\glue 0.0 plus 0.04004 minus 0.16003
..............\font<m-12.0> a
..............\penalty 10000
..............\glue 0.0 plus 0.04004 minus 0.16003
..............\font<m-12.0> b
..............\penalty 10000
..............\glue 0.0 plus 0.04004 minus 0.16003
..............\font<m-12.0> e
..............\penalty 10000
..............\glue 0.0 plus 0.04004 minus 0.16003
..............\font<m-12.0> r
..............\penalty 10000
..............\glue 0.0 plus 0.04004 minus 0.16003
..............\font<m-12.0> n
..............\penalty 10000
..............\glue 0.0 plus 0.04004 minus 0.16003
..............\font<m-12.0> a
..............\penalty 10000
..............\glue 0.0 plus 0.04004 minus 0.16003
..............\font<m-12.0> c
..............\penalty 10000
..............\glue 0.0 plus 0.04004 minus 0.16003
..............\font<m-12.0> l
..............\penalty 10000
..............\glue 0.0 plus 0.04004 minus 0.16003
..............\font<m-12.0> e
..............\penalty 10000
..............\glue 0.0 plus 0.04004 minus 0.16003
..............\font<m-12.0> .
..............\beginL
..............\pdfsavepos
..............\write0{\noexpand \@parend {0}{\the \pdflastxpos }{\the \pdflastypos }{\the \lastdepth }}
..............\endL
..............\penalty 10000
..............\glue(\parfillskip) 0.0 plus 1.0fil
..............\glue(\rightskip) 0.0 plus 42.47676
.............\write0{\@parlen{EXO40.34}{1}{3}{m}{EXO40.34}{1}}
.............\glue(\parskip) 0.0
.............\glue(\baselineskip) 1.63045
.............\hbox(9.27843+3.091)x169.90706, glue set 0.01622
..............\hbox(0.0+0.0)x0.0
..............\beginL
..............\pdfsavepos
..............\write0{\noexpand \@parstart {EXO40.35}{versetext}{m}{13.99988pt}{\the \pdflastxpos }{\the \pdflastypos }}
..............\endL
..............\special{pdf:dest (EXO.40:35) [@thispage /XYZ @xpos @ypos null]}
..............\hbox(5.98953+2.31825)x8.25005, shifted -3.2889
...............\font<v-12.0+m> 35
..............\kern 1.65001
..............\penalty 10000
..............\glue 0.0
..............\font<m-12.0> A
..............\penalty 10000
..............\glue 0.0 plus 0.04004 minus 0.16003
..............\font<m-12.0> n
..............\penalty 10000
..............\glue 0.0 plus 0.04004 minus 0.16003
..............\font<m-12.0> d
..............\glue 2.75002 plus 2.75002 minus 1.375
..............\font<m-12.0> M
..............\penalty 10000
..............\glue 0.0 plus 0.04004 minus 0.16003
..............\font<m-12.0> o
..............\penalty 10000
..............\glue 0.0 plus 0.04004 minus 0.16003
..............\font<m-12.0> s
..............\penalty 10000
..............\glue 0.0 plus 0.04004 minus 0.16003
..............\font<m-12.0> e
..............\penalty 10000
..............\glue 0.0 plus 0.04004 minus 0.16003
..............\font<m-12.0> s
..............\glue 2.75002 plus 2.75002 minus 1.375
..............\font<m-12.0> w
..............\penalty 10000
..............\glue 0.0 plus 0.04004 minus 0.16003
..............\font<m-12.0> a
..............\penalty 10000
..............\glue 0.0 plus 0.04004 minus 0.16003
..............\font<m-12.0> s
..............\glue 2.75002 plus 2.75002 minus 1.375
..............\font<m-12.0> n
..............\penalty 10000
..............\glue 0.0 plus 0.04004 minus 0.16003
..............\font<m-12.0> o
..............\penalty 10000
..............\glue 0.0 plus 0.04004 minus 0.16003
..............\font<m-12.0> t
..............\glue 2.75002 plus 2.75002 minus 1.375
..............\font<m-12.0> a
..............\penalty 10000
..............\glue 0.0 plus 0.04004 minus 0.16003
..............\font<m-12.0> b
..............\penalty 10000
..............\glue 0.0 plus 0.04004 minus 0.16003
..............\font<m-12.0> l
..............\penalty 10000
..............\glue 0.0 plus 0.04004 minus 0.16003
..............\font<m-12.0> e
..............\glue 2.75002 plus 2.75002 minus 1.375
..............\font<m-12.0> t
..............\penalty 10000
..............\glue 0.0 plus 0.04004 minus 0.16003
..............\font<m-12.0> o
..............\glue 2.75002 plus 2.75002 minus 1.375
..............\font<m-12.0> e
..............\penalty 10000
..............\glue 0.0 plus 0.04004 minus 0.16003
..............\font<m-12.0> n
..............\penalty 10000
..............\glue 0.0 plus 0.04004 minus 0.16003
..............\font<m-12.0> t
..............\penalty 10000
..............\glue 0.0 plus 0.04004 minus 0.16003
..............\font<m-12.0> e
..............\penalty 10000
..............\glue 0.0 plus 0.04004 minus 0.16003
..............\font<m-12.0> r
..............\glue(\rightskip) 0.0 plus 42.47676
.............\mark{Exodus:40:35}
.............\penalty 10000
.............\glue(\baselineskip) 2.92284
.............\hbox(7.98604+3.091)x169.90706, glue set 0.20018
..............\font<m-12.0> i
..............\penalty 10000
..............\glue 0.0 plus 0.04004 minus 0.16003
..............\font<m-12.0> n
..............\penalty 10000
..............\glue 0.0 plus 0.04004 minus 0.16003
..............\font<m-12.0> t
..............\penalty 10000
..............\glue 0.0 plus 0.04004 minus 0.16003
..............\font<m-12.0> o
..............\glue 2.75002 plus 2.75002 minus 1.375
..............\font<m-12.0> t
..............\penalty 10000
..............\glue 0.0 plus 0.04004 minus 0.16003
..............\font<m-12.0> h
..............\penalty 10000
..............\glue 0.0 plus 0.04004 minus 0.16003
..............\font<m-12.0> e
..............\glue 2.75002 plus 2.75002 minus 1.375
..............\font<m-12.0> t
..............\penalty 10000
..............\glue 0.0 plus 0.04004 minus 0.16003
..............\font<m-12.0> e
..............\penalty 10000
..............\glue 0.0 plus 0.04004 minus 0.16003
..............\font<m-12.0> n
..............\penalty 10000
..............\glue 0.0 plus 0.04004 minus 0.16003
..............\font<m-12.0> t
..............\glue 2.75002 plus 2.75002 minus 1.375
..............\font<m-12.0> o
..............\penalty 10000
..............\glue 0.0 plus 0.04004 minus 0.16003
..............\font<m-12.0> f
..............\glue 2.75002 plus 2.75002 minus 1.375
..............\font<m-12.0> t
..............\penalty 10000
..............\glue 0.0 plus 0.04004 minus 0.16003
..............\font<m-12.0> h
..............\penalty 10000
..............\glue 0.0 plus 0.04004 minus 0.16003
..............\font<m-12.0> e
..............\glue 2.75002 plus 2.75002 minus 1.375
..............\font<m-12.0> c
..............\penalty 10000
..............\glue 0.0 plus 0.04004 minus 0.16003
..............\font<m-12.0> o
..............\penalty 10000
..............\glue 0.0 plus 0.04004 minus 0.16003
..............\font<m-12.0> n
..............\penalty 10000
..............\glue 0.0 plus 0.04004 minus 0.16003
..............\font<m-12.0> g
..............\penalty 10000
..............\glue 0.0 plus 0.04004 minus 0.16003
..............\font<m-12.0> r
..............\penalty 10000
..............\glue 0.0 plus 0.04004 minus 0.16003
..............\font<m-12.0> e
..............\penalty 10000
..............\glue 0.0 plus 0.04004 minus 0.16003
..............\font<m-12.0> g
..............\penalty 10000
..............\glue 0.0 plus 0.04004 minus 0.16003
..............\font<m-12.0> a
..............\penalty 10000
..............\glue 0.0 plus 0.04004 minus 0.16003
..............\font<m-12.0> t
..............\penalty 10000
..............\glue 0.0 plus 0.04004 minus 0.16003
..............\font<m-12.0> i
..............\penalty 10000
..............\glue 0.0 plus 0.04004 minus 0.16003
..............\font<m-12.0> o
..............\penalty 10000
..............\glue 0.0 plus 0.04004 minus 0.16003
..............\font<m-12.0> n
..............\penalty 10000
..............\glue 0.0 plus 0.04004 minus 0.16003
..............\font<m-12.0> ,
..............\glue(\rightskip) 0.0 plus 42.47676
.............\glue(\baselineskip) 2.92284
.............\hbox(7.98604+3.091)x169.90706, glue set 0.11053
..............\font<m-12.0> b
..............\penalty 10000
..............\glue 0.0 plus 0.04004 minus 0.16003
..............\font<m-12.0> e
..............\penalty 10000
..............\glue 0.0 plus 0.04004 minus 0.16003
..............\font<m-12.0> c
..............\penalty 10000
..............\glue 0.0 plus 0.04004 minus 0.16003
..............\font<m-12.0> a
..............\penalty 10000
..............\glue 0.0 plus 0.04004 minus 0.16003
..............\font<m-12.0> u
..............\penalty 10000
..............\glue 0.0 plus 0.04004 minus 0.16003
..............\font<m-12.0> s
..............\penalty 10000
..............\glue 0.0 plus 0.04004 minus 0.16003
..............\font<m-12.0> e
..............\glue 2.75002 plus 2.75002 minus 1.375
..............\font<m-12.0> t
..............\penalty 10000
..............\glue 0.0 plus 0.04004 minus 0.16003
..............\font<m-12.0> h
..............\penalty 10000
..............\glue 0.0 plus 0.04004 minus 0.16003
..............\font<m-12.0> e
..............\glue 2.75002 plus 2.75002 minus 1.375
..............\font<m-12.0> c
..............\penalty 10000
..............\glue 0.0 plus 0.04004 minus 0.16003
..............\font<m-12.0> l
..............\penalty 10000
..............\glue 0.0 plus 0.04004 minus 0.16003
..............\font<m-12.0> o
..............\penalty 10000
..............\glue 0.0 plus 0.04004 minus 0.16003
..............\font<m-12.0> u
..............\penalty 10000
..............\glue 0.0 plus 0.04004 minus 0.16003
..............\font<m-12.0> d
..............\glue 2.75002 plus 2.75002 minus 1.375
..............\font<m-12.0> s
..............\penalty 10000
..............\glue 0.0 plus 0.04004 minus 0.16003
..............\font<m-12.0> t
..............\penalty 10000
..............\glue 0.0 plus 0.04004 minus 0.16003
..............\font<m-12.0> a
..............\penalty 10000
..............\glue 0.0 plus 0.04004 minus 0.16003
..............\font<m-12.0> y
..............\penalty 10000
..............\glue 0.0 plus 0.04004 minus 0.16003
..............\font<m-12.0> e
..............\penalty 10000
..............\glue 0.0 plus 0.04004 minus 0.16003
..............\font<m-12.0> d
..............\glue 2.75002 plus 2.75002 minus 1.375
..............\font<m-12.0> t
..............\penalty 10000
..............\glue 0.0 plus 0.04004 minus 0.16003
..............\font<m-12.0> h
..............\penalty 10000
..............\glue 0.0 plus 0.04004 minus 0.16003
..............\font<m-12.0> e
..............\penalty 10000
..............\glue 0.0 plus 0.04004 minus 0.16003
..............\font<m-12.0> r
..............\penalty 10000
..............\glue 0.0 plus 0.04004 minus 0.16003
..............\font<m-12.0> e
..............\penalty 10000
..............\glue 0.0 plus 0.04004 minus 0.16003
..............\font<m-12.0> o
..............\penalty 10000
..............\glue 0.0 plus 0.04004 minus 0.16003
..............\font<m-12.0> n
..............\penalty 10000
..............\glue 0.0 plus 0.04004 minus 0.16003
..............\font<m-12.0> ,
..............\glue(\rightskip) 0.0 plus 42.47676
.............\glue(\baselineskip) 2.92284
.............\hbox(7.98604+3.091)x169.90706, glue set 0.20717
..............\font<m-12.0> a
..............\penalty 10000
..............\glue 0.0 plus 0.04004 minus 0.16003
..............\font<m-12.0> n
..............\penalty 10000
..............\glue 0.0 plus 0.04004 minus 0.16003
..............\font<m-12.0> d
..............\glue 2.75002 plus 2.75002 minus 1.375
..............\font<m-12.0> t
..............\penalty 10000
..............\glue 0.0 plus 0.04004 minus 0.16003
..............\font<m-12.0> h
..............\penalty 10000
..............\glue 0.0 plus 0.04004 minus 0.16003
..............\font<m-12.0> e
..............\glue 2.75002 plus 2.75002 minus 1.375
..............\font<m-12.0> g
..............\penalty 10000
..............\glue 0.0 plus 0.04004 minus 0.16003
..............\font<m-12.0> l
..............\penalty 10000
..............\glue 0.0 plus 0.04004 minus 0.16003
..............\font<m-12.0> o
..............\penalty 10000
..............\glue 0.0 plus 0.04004 minus 0.16003
..............\font<m-12.0> r
..............\penalty 10000
..............\glue 0.0 plus 0.04004 minus 0.16003
..............\font<m-12.0> y
..............\glue 2.75002 plus 2.75002 minus 1.375
..............\font<m-12.0> o
..............\penalty 10000
..............\glue 0.0 plus 0.04004 minus 0.16003
..............\font<m-12.0> f
..............\glue 2.75002 plus 2.75002 minus 1.375
..............\font<m-12.0> t
..............\penalty 10000
..............\glue 0.0 plus 0.04004 minus 0.16003
..............\font<m-12.0> h
..............\penalty 10000
..............\glue 0.0 plus 0.04004 minus 0.16003
..............\font<m-12.0> e
..............\glue 2.75002 plus 2.75002 minus 1.375
..............\font<m-12.0> L
..............\penalty 10000
..............\glue 0.0 plus 0.04004 minus 0.16003
..............\font<m-12.0> O
..............\penalty 10000
..............\glue 0.0 plus 0.04004 minus 0.16003
..............\font<m-12.0> R
..............\penalty 10000
..............\glue 0.0 plus 0.04004 minus 0.16003
..............\font<m-12.0> D
..............\glue 2.75002 plus 2.74725 minus 1.37637
..............\font<m-12.0> f
..............\penalty 10000
..............\glue 0.0 plus 0.04004 minus 0.16003
..............\font<m-12.0> i
..............\penalty 10000
..............\glue 0.0 plus 0.04004 minus 0.16003
..............\font<m-12.0> l
..............\penalty 10000
..............\glue 0.0 plus 0.04004 minus 0.16003
..............\font<m-12.0> l
..............\penalty 10000
..............\glue 0.0 plus 0.04004 minus 0.16003
..............\font<m-12.0> e
..............\penalty 10000
..............\glue 0.0 plus 0.04004 minus 0.16003
..............\font<m-12.0> d
..............\glue(\rightskip) 0.0 plus 42.47676
.............\penalty 10000
.............\glue(\baselineskip) 2.92284
.............\hbox(7.98604+3.091)x169.90706, glue set 99.11066fil
..............\font<m-12.0> t
..............\penalty 10000
..............\glue 0.0 plus 0.04004 minus 0.16003
..............\font<m-12.0> h
..............\penalty 10000
..............\glue 0.0 plus 0.04004 minus 0.16003
..............\font<m-12.0> e
..............\glue 2.75002 plus 2.75002 minus 1.375
..............\font<m-12.0> t
..............\penalty 10000
..............\glue 0.0 plus 0.04004 minus 0.16003
..............\font<m-12.0> a
..............\penalty 10000
..............\glue 0.0 plus 0.04004 minus 0.16003
..............\font<m-12.0> b
..............\penalty 10000
..............\glue 0.0 plus 0.04004 minus 0.16003
..............\font<m-12.0> e
..............\penalty 10000
..............\glue 0.0 plus 0.04004 minus 0.16003
..............\font<m-12.0> r
..............\penalty 10000
..............\glue 0.0 plus 0.04004 minus 0.16003
..............\font<m-12.0> n
..............\penalty 10000
..............\glue 0.0 plus 0.04004 minus 0.16003
..............\font<m-12.0> a
..............\penalty 10000
..............\glue 0.0 plus 0.04004 minus 0.16003
..............\font<m-12.0> c
..............\penalty 10000
..............\glue 0.0 plus 0.04004 minus 0.16003
..............\font<m-12.0> l
..............\penalty 10000
..............\glue 0.0 plus 0.04004 minus 0.16003
..............\font<m-12.0> e
..............\penalty 10000
..............\glue 0.0 plus 0.04004 minus 0.16003
..............\font<m-12.0> .
..............\beginL
..............\pdfsavepos
..............\write0{\noexpand \@parend {0}{\the \pdflastxpos }{\the \pdflastypos }{\the \lastdepth }}
..............\endL
..............\penalty 10000
..............\glue(\parfillskip) 0.0 plus 1.0fil
..............\glue(\rightskip) 0.0 plus 42.47676
.............\write0{\@parlen{EXO40.35}{1}{5}{m}{EXO40.35}{1}}
.............\glue(\parskip) 0.0
.............\glue(\baselineskip) 1.63045
.............\hbox(9.27843+3.091)x169.90706, glue set 0.14787
..............\hbox(0.0+0.0)x0.0
..............\beginL
..............\pdfsavepos
..............\write0{\noexpand \@parstart {EXO40.36}{versetext}{m}{13.99988pt}{\the \pdflastxpos }{\the \pdflastypos }}
..............\endL
..............\special{pdf:dest (EXO.40:36) [@thispage /XYZ @xpos @ypos null]}
..............\hbox(5.98953+2.31825)x8.25005, shifted -3.2889
...............\font<v-12.0+m> 36
..............\kern 1.65001
..............\penalty 10000
..............\glue 0.0
..............\font<m-12.0> A
..............\penalty 10000
..............\glue 0.0 plus 0.04004 minus 0.16003
..............\font<m-12.0> n
..............\penalty 10000
..............\glue 0.0 plus 0.04004 minus 0.16003
..............\font<m-12.0> d
..............\glue 2.75002 plus 2.75002 minus 1.375
..............\font<m-12.0> w
..............\penalty 10000
..............\glue 0.0 plus 0.04004 minus 0.16003
..............\font<m-12.0> h
..............\penalty 10000
..............\glue 0.0 plus 0.04004 minus 0.16003
..............\font<m-12.0> e
..............\penalty 10000
..............\glue 0.0 plus 0.04004 minus 0.16003
..............\font<m-12.0> n
..............\glue 2.75002 plus 2.75002 minus 1.375
..............\font<m-12.0> t
..............\penalty 10000
..............\glue 0.0 plus 0.04004 minus 0.16003
..............\font<m-12.0> h
..............\penalty 10000
..............\glue 0.0 plus 0.04004 minus 0.16003
..............\font<m-12.0> e
..............\glue 2.75002 plus 2.75002 minus 1.375
..............\font<m-12.0> c
..............\penalty 10000
..............\glue 0.0 plus 0.04004 minus 0.16003
..............\font<m-12.0> l
..............\penalty 10000
..............\glue 0.0 plus 0.04004 minus 0.16003
..............\font<m-12.0> o
..............\penalty 10000
..............\glue 0.0 plus 0.04004 minus 0.16003
..............\font<m-12.0> u
..............\penalty 10000
..............\glue 0.0 plus 0.04004 minus 0.16003
..............\font<m-12.0> d
..............\glue 2.75002 plus 2.75002 minus 1.375
..............\font<m-12.0> w
..............\penalty 10000
..............\glue 0.0 plus 0.04004 minus 0.16003
..............\font<m-12.0> a
..............\penalty 10000
..............\glue 0.0 plus 0.04004 minus 0.16003
..............\font<m-12.0> s
..............\glue 2.75002 plus 2.75002 minus 1.375
..............\font<m-12.0> t
..............\penalty 10000
..............\glue 0.0 plus 0.04004 minus 0.16003
..............\font<m-12.0> a
..............\penalty 10000
..............\glue 0.0 plus 0.04004 minus 0.16003
..............\font<m-12.0> k
..............\penalty 10000
..............\glue 0.0 plus 0.04004 minus 0.16003
..............\font<m-12.0> e
..............\penalty 10000
..............\glue 0.0 plus 0.04004 minus 0.16003
..............\font<m-12.0> n
..............\glue(\rightskip) 0.0 plus 42.47676
.............\mark{Exodus:40:36}
.............\penalty 10000
.............\glue(\baselineskip) 2.92284
.............\hbox(7.98604+3.091)x169.90706, glue set 0.24615
..............\font<m-12.0> u
..............\penalty 10000
..............\glue 0.0 plus 0.04004 minus 0.16003
..............\font<m-12.0> p
..............\glue 2.75002 plus 2.75002 minus 1.375
..............\font<m-12.0> f
..............\penalty 10000
..............\glue 0.0 plus 0.04004 minus 0.16003
..............\font<m-12.0> r
..............\penalty 10000
..............\glue 0.0 plus 0.04004 minus 0.16003
..............\font<m-12.0> o
..............\penalty 10000
..............\glue 0.0 plus 0.04004 minus 0.16003
..............\font<m-12.0> m
..............\glue 2.75002 plus 2.75002 minus 1.375
..............\font<m-12.0> o
..............\penalty 10000
..............\glue 0.0 plus 0.04004 minus 0.16003
..............\font<m-12.0> v
..............\penalty 10000
..............\glue 0.0 plus 0.04004 minus 0.16003
..............\font<m-12.0> e
..............\penalty 10000
..............\glue 0.0 plus 0.04004 minus 0.16003
..............\font<m-12.0> r
..............\glue 2.75002 plus 2.75002 minus 1.375
..............\font<m-12.0> t
..............\penalty 10000
..............\glue 0.0 plus 0.04004 minus 0.16003
..............\font<m-12.0> h
..............\penalty 10000
..............\glue 0.0 plus 0.04004 minus 0.16003
..............\font<m-12.0> e
..............\glue 2.75002 plus 2.75002 minus 1.375
..............\font<m-12.0> t
..............\penalty 10000
..............\glue 0.0 plus 0.04004 minus 0.16003
..............\font<m-12.0> a
..............\penalty 10000
..............\glue 0.0 plus 0.04004 minus 0.16003
..............\font<m-12.0> b
..............\penalty 10000
..............\glue 0.0 plus 0.04004 minus 0.16003
..............\font<m-12.0> e
..............\penalty 10000
..............\glue 0.0 plus 0.04004 minus 0.16003
..............\font<m-12.0> r
..............\penalty 10000
..............\glue 0.0 plus 0.04004 minus 0.16003
..............\font<m-12.0> n
..............\penalty 10000
..............\glue 0.0 plus 0.04004 minus 0.16003
..............\font<m-12.0> a
..............\penalty 10000
..............\glue 0.0 plus 0.04004 minus 0.16003
..............\font<m-12.0> c
..............\penalty 10000
..............\glue 0.0 plus 0.04004 minus 0.16003
..............\font<m-12.0> l
..............\penalty 10000
..............\glue 0.0 plus 0.04004 minus 0.16003
..............\font<m-12.0> e
..............\penalty 10000
..............\glue 0.0 plus 0.04004 minus 0.16003
..............\font<m-12.0> ,
..............\glue 2.75002 plus 2.75002 minus 1.375
..............\font<m-12.0> t
..............\penalty 10000
..............\glue 0.0 plus 0.04004 minus 0.16003
..............\font<m-12.0> h
..............\penalty 10000
..............\glue 0.0 plus 0.04004 minus 0.16003
..............\font<m-12.0> e
..............\glue(\rightskip) 0.0 plus 42.47676
.............\glue(\baselineskip) 2.92284
.............\hbox(7.98604+3.091)x169.90706, glue set 0.12752
..............\font<m-12.0> c
..............\penalty 10000
..............\glue 0.0 plus 0.04004 minus 0.16003
..............\font<m-12.0> h
..............\penalty 10000
..............\glue 0.0 plus 0.04004 minus 0.16003
..............\font<m-12.0> i
..............\penalty 10000
..............\glue 0.0 plus 0.04004 minus 0.16003
..............\font<m-12.0> l
..............\penalty 10000
..............\glue 0.0 plus 0.04004 minus 0.16003
..............\font<m-12.0> d
..............\penalty 10000
..............\glue 0.0 plus 0.04004 minus 0.16003
..............\font<m-12.0> r
..............\penalty 10000
..............\glue 0.0 plus 0.04004 minus 0.16003
..............\font<m-12.0> e
..............\penalty 10000
..............\glue 0.0 plus 0.04004 minus 0.16003
..............\font<m-12.0> n
..............\glue 2.75002 plus 2.75002 minus 1.375
..............\font<m-12.0> o
..............\penalty 10000
..............\glue 0.0 plus 0.04004 minus 0.16003
..............\font<m-12.0> f
..............\glue 2.75002 plus 2.75002 minus 1.375
..............\font<m-12.0> I
..............\penalty 10000
..............\glue 0.0 plus 0.04004 minus 0.16003
..............\font<m-12.0> s
..............\penalty 10000
..............\glue 0.0 plus 0.04004 minus 0.16003
..............\font<m-12.0> r
..............\penalty 10000
..............\glue 0.0 plus 0.04004 minus 0.16003
..............\font<m-12.0> a
..............\penalty 10000
..............\glue 0.0 plus 0.04004 minus 0.16003
..............\font<m-12.0> e
..............\penalty 10000
..............\glue 0.0 plus 0.04004 minus 0.16003
..............\font<m-12.0> l
..............\glue 2.75002 plus 2.75002 minus 1.375
..............\font<m-12.0> w
..............\penalty 10000
..............\glue 0.0 plus 0.04004 minus 0.16003
..............\font<m-12.0> e
..............\penalty 10000
..............\glue 0.0 plus 0.04004 minus 0.16003
..............\font<m-12.0> n
..............\penalty 10000
..............\glue 0.0 plus 0.04004 minus 0.16003
..............\font<m-12.0> t
..............\glue 2.75002 plus 2.75002 minus 1.375
..............\font<m-12.0> o
..............\penalty 10000
..............\glue 0.0 plus 0.04004 minus 0.16003
..............\font<m-12.0> n
..............\penalty 10000
..............\glue 0.0 plus 0.04004 minus 0.16003
..............\font<m-12.0> w
..............\penalty 10000
..............\glue 0.0 plus 0.04004 minus 0.16003
..............\font<m-12.0> a
..............\penalty 10000
..............\glue 0.0 plus 0.04004 minus 0.16003
..............\font<m-12.0> r
..............\penalty 10000
..............\glue 0.0 plus 0.04004 minus 0.16003
..............\font<m-12.0> d
..............\glue 2.75002 plus 2.75002 minus 1.375
..............\font<m-12.0> i
..............\penalty 10000
..............\glue 0.0 plus 0.04004 minus 0.16003
..............\font<m-12.0> n
..............\glue(\rightskip) 0.0 plus 42.47676
.............\penalty 10000
.............\glue(\baselineskip) 2.92284
.............\hbox(7.98604+3.091)x169.90706, glue set 84.98657fil
..............\font<m-12.0> a
..............\penalty 10000
..............\glue 0.0 plus 0.04004 minus 0.16003
..............\font<m-12.0> l
..............\penalty 10000
..............\glue 0.0 plus 0.04004 minus 0.16003
..............\font<m-12.0> l
..............\glue 2.75002 plus 2.75002 minus 1.375
..............\font<m-12.0> t
..............\penalty 10000
..............\glue 0.0 plus 0.04004 minus 0.16003
..............\font<m-12.0> h
..............\penalty 10000
..............\glue 0.0 plus 0.04004 minus 0.16003
..............\font<m-12.0> e
..............\penalty 10000
..............\glue 0.0 plus 0.04004 minus 0.16003
..............\font<m-12.0> i
..............\penalty 10000
..............\glue 0.0 plus 0.04004 minus 0.16003
..............\font<m-12.0> r
..............\glue 2.75002 plus 2.75002 minus 1.375
..............\font<m-12.0> j
..............\penalty 10000
..............\glue 0.0 plus 0.04004 minus 0.16003
..............\font<m-12.0> o
..............\penalty 10000
..............\glue 0.0 plus 0.04004 minus 0.16003
..............\font<m-12.0> u
..............\penalty 10000
..............\glue 0.0 plus 0.04004 minus 0.16003
..............\font<m-12.0> r
..............\penalty 10000
..............\glue 0.0 plus 0.04004 minus 0.16003
..............\font<m-12.0> n
..............\penalty 10000
..............\glue 0.0 plus 0.04004 minus 0.16003
..............\font<m-12.0> e
..............\penalty 10000
..............\glue 0.0 plus 0.04004 minus 0.16003
..............\font<m-12.0> y
..............\penalty 10000
..............\glue 0.0 plus 0.04004 minus 0.16003
..............\font<m-12.0> s
..............\penalty 10000
..............\glue 0.0 plus 0.04004 minus 0.16003
..............\font<m-12.0> :
..............\beginL
..............\pdfsavepos
..............\write0{\noexpand \@parend {0}{\the \pdflastxpos }{\the \pdflastypos }{\the \lastdepth }}
..............\endL
..............\penalty 10000
..............\glue(\parfillskip) 0.0 plus 1.0fil
..............\glue(\rightskip) 0.0 plus 42.47676
.............\write0{\@parlen{EXO40.36}{1}{4}{m}{EXO40.36}{1}}
.............\glue(\parskip) 0.0
.............\glue(\baselineskip) 1.63045
.............\hbox(9.27843+3.091)x169.90706, glue set 0.16953
..............\hbox(0.0+0.0)x0.0
..............\beginL
..............\pdfsavepos
..............\write0{\noexpand \@parstart {EXO40.37}{versetext}{m}{13.99988pt}{\the \pdflastxpos }{\the \pdflastypos }}
..............\endL
..............\special{pdf:dest (EXO.40:37) [@thispage /XYZ @xpos @ypos null]}
..............\hbox(5.98953+2.31825)x8.25005, shifted -3.2889
...............\font<v-12.0+m> 37
..............\kern 1.65001
..............\penalty 10000
..............\glue 0.0
..............\font<m-12.0> B
..............\penalty 10000
..............\glue 0.0 plus 0.04004 minus 0.16003
..............\font<m-12.0> u
..............\penalty 10000
..............\glue 0.0 plus 0.04004 minus 0.16003
..............\font<m-12.0> t
..............\glue 2.75002 plus 2.75002 minus 1.375
..............\font<m-12.0> i
..............\penalty 10000
..............\glue 0.0 plus 0.04004 minus 0.16003
..............\font<m-12.0> f
..............\glue 2.75002 plus 2.75002 minus 1.375
..............\font<m-12.0> t
..............\penalty 10000
..............\glue 0.0 plus 0.04004 minus 0.16003
..............\font<m-12.0> h
..............\penalty 10000
..............\glue 0.0 plus 0.04004 minus 0.16003
..............\font<m-12.0> e
..............\glue 2.75002 plus 2.75002 minus 1.375
..............\font<m-12.0> c
..............\penalty 10000
..............\glue 0.0 plus 0.04004 minus 0.16003
..............\font<m-12.0> l
..............\penalty 10000
..............\glue 0.0 plus 0.04004 minus 0.16003
..............\font<m-12.0> o
..............\penalty 10000
..............\glue 0.0 plus 0.04004 minus 0.16003
..............\font<m-12.0> u
..............\penalty 10000
..............\glue 0.0 plus 0.04004 minus 0.16003
..............\font<m-12.0> d
..............\glue 2.75002 plus 2.75002 minus 1.375
..............\font<m-12.0> w
..............\penalty 10000
..............\glue 0.0 plus 0.04004 minus 0.16003
..............\font<m-12.0> e
..............\penalty 10000
..............\glue 0.0 plus 0.04004 minus 0.16003
..............\font<m-12.0> r
..............\penalty 10000
..............\glue 0.0 plus 0.04004 minus 0.16003
..............\font<m-12.0> e
..............\glue 2.75002 plus 2.75002 minus 1.375
..............\font<m-12.0> n
..............\penalty 10000
..............\glue 0.0 plus 0.04004 minus 0.16003
..............\font<m-12.0> o
..............\penalty 10000
..............\glue 0.0 plus 0.04004 minus 0.16003
..............\font<m-12.0> t
..............\glue 2.75002 plus 2.75002 minus 1.375
..............\font<m-12.0> t
..............\penalty 10000
..............\glue 0.0 plus 0.04004 minus 0.16003
..............\font<m-12.0> a
..............\penalty 10000
..............\glue 0.0 plus 0.04004 minus 0.16003
..............\font<m-12.0> k
..............\penalty 10000
..............\glue 0.0 plus 0.04004 minus 0.16003
..............\font<m-12.0> e
..............\penalty 10000
..............\glue 0.0 plus 0.04004 minus 0.16003
..............\font<m-12.0> n
..............\glue(\rightskip) 0.0 plus 42.47676
.............\mark{Exodus:40:37}
.............\penalty 10000
.............\glue(\baselineskip) 2.92284
.............\hbox(7.98604+3.091)x169.90706, glue set 0.01083
..............\font<m-12.0> u
..............\penalty 10000
..............\glue 0.0 plus 0.04004 minus 0.16003
..............\font<m-12.0> p
..............\penalty 10000
..............\glue 0.0 plus 0.04004 minus 0.16003
..............\font<m-12.0> ,
..............\glue 2.75002 plus 2.75002 minus 1.375
..............\font<m-12.0> t
..............\penalty 10000
..............\glue 0.0 plus 0.04004 minus 0.16003
..............\font<m-12.0> h
..............\penalty 10000
..............\glue 0.0 plus 0.04004 minus 0.16003
..............\font<m-12.0> e
..............\penalty 10000
..............\glue 0.0 plus 0.04004 minus 0.16003
..............\font<m-12.0> n
..............\glue 2.75002 plus 2.75002 minus 1.375
..............\font<m-12.0> t
..............\penalty 10000
..............\glue 0.0 plus 0.04004 minus 0.16003
..............\font<m-12.0> h
..............\penalty 10000
..............\glue 0.0 plus 0.04004 minus 0.16003
..............\font<m-12.0> e
..............\penalty 10000
..............\glue 0.0 plus 0.04004 minus 0.16003
..............\font<m-12.0> y
..............\glue 2.75002 plus 2.75002 minus 1.375
..............\font<m-12.0> j
..............\penalty 10000
..............\glue 0.0 plus 0.04004 minus 0.16003
..............\font<m-12.0> o
..............\penalty 10000
..............\glue 0.0 plus 0.04004 minus 0.16003
..............\font<m-12.0> u
..............\penalty 10000
..............\glue 0.0 plus 0.04004 minus 0.16003
..............\font<m-12.0> r
..............\penalty 10000
..............\glue 0.0 plus 0.04004 minus 0.16003
..............\font<m-12.0> n
..............\penalty 10000
..............\glue 0.0 plus 0.04004 minus 0.16003
..............\font<m-12.0> e
..............\penalty 10000
..............\glue 0.0 plus 0.04004 minus 0.16003
..............\font<m-12.0> y
..............\penalty 10000
..............\glue 0.0 plus 0.04004 minus 0.16003
..............\font<m-12.0> e
..............\penalty 10000
..............\glue 0.0 plus 0.04004 minus 0.16003
..............\font<m-12.0> d
..............\glue 2.75002 plus 2.75002 minus 1.375
..............\font<m-12.0> n
..............\penalty 10000
..............\glue 0.0 plus 0.04004 minus 0.16003
..............\font<m-12.0> o
..............\penalty 10000
..............\glue 0.0 plus 0.04004 minus 0.16003
..............\font<m-12.0> t
..............\glue 2.75002 plus 2.75002 minus 1.375
..............\font<m-12.0> t
..............\penalty 10000
..............\glue 0.0 plus 0.04004 minus 0.16003
..............\font<m-12.0> i
..............\penalty 10000
..............\glue 0.0 plus 0.04004 minus 0.16003
..............\font<m-12.0> l
..............\penalty 10000
..............\glue 0.0 plus 0.04004 minus 0.16003
..............\font<m-12.0> l
..............\glue 2.75002 plus 2.75002 minus 1.375
..............\font<m-12.0> t
..............\penalty 10000
..............\glue 0.0 plus 0.04004 minus 0.16003
..............\font<m-12.0> h
..............\penalty 10000
..............\glue 0.0 plus 0.04004 minus 0.16003
..............\font<m-12.0> e
..............\glue(\rightskip) 0.0 plus 42.47676
.............\penalty 10000
.............\glue(\baselineskip) 2.92284
.............\hbox(7.98604+3.091)x169.90706, glue set 49.79741fil
..............\font<m-12.0> d
..............\penalty 10000
..............\glue 0.0 plus 0.04004 minus 0.16003
..............\font<m-12.0> a
..............\penalty 10000
..............\glue 0.0 plus 0.04004 minus 0.16003
..............\font<m-12.0> y
..............\glue 2.75002 plus 2.75002 minus 1.375
..............\font<m-12.0> t
..............\penalty 10000
..............\glue 0.0 plus 0.04004 minus 0.16003
..............\font<m-12.0> h
..............\penalty 10000
..............\glue 0.0 plus 0.04004 minus 0.16003
..............\font<m-12.0> a
..............\penalty 10000
..............\glue 0.0 plus 0.04004 minus 0.16003
..............\font<m-12.0> t
..............\glue 2.75002 plus 2.75002 minus 1.375
..............\font<m-12.0> i
..............\penalty 10000
..............\glue 0.0 plus 0.04004 minus 0.16003
..............\font<m-12.0> t
..............\glue 2.75002 plus 2.75002 minus 1.375
..............\font<m-12.0> w
..............\penalty 10000
..............\glue 0.0 plus 0.04004 minus 0.16003
..............\font<m-12.0> a
..............\penalty 10000
..............\glue 0.0 plus 0.04004 minus 0.16003
..............\font<m-12.0> s
..............\glue 2.75002 plus 2.75002 minus 1.375
..............\font<m-12.0> t
..............\penalty 10000
..............\glue 0.0 plus 0.04004 minus 0.16003
..............\font<m-12.0> a
..............\penalty 10000
..............\glue 0.0 plus 0.04004 minus 0.16003
..............\font<m-12.0> k
..............\penalty 10000
..............\glue 0.0 plus 0.04004 minus 0.16003
..............\font<m-12.0> e
..............\penalty 10000
..............\glue 0.0 plus 0.04004 minus 0.16003
..............\font<m-12.0> n
..............\glue 2.75002 plus 2.75002 minus 1.375
..............\font<m-12.0> u
..............\penalty 10000
..............\glue 0.0 plus 0.04004 minus 0.16003
..............\font<m-12.0> p
..............\penalty 10000
..............\glue 0.0 plus 0.04004 minus 0.16003
..............\font<m-12.0> .
..............\beginL
..............\pdfsavepos
..............\write0{\noexpand \@parend {0}{\the \pdflastxpos }{\the \pdflastypos }{\the \lastdepth }}
..............\endL
..............\penalty 10000
..............\glue(\parfillskip) 0.0 plus 1.0fil
..............\glue(\rightskip) 0.0 plus 42.47676
.............\write0{\@parlen{EXO40.37}{1}{3}{m}{EXO40.37}{1}}
.............\glue(\parskip) 0.0
.............\glue(\baselineskip) 1.63045
.............\hbox(9.27843+3.091)x169.90706, glue set 0.14836
..............\hbox(0.0+0.0)x0.0
..............\beginL
..............\pdfsavepos
..............\write0{\noexpand \@parstart {EXO40.38}{versetext}{m}{13.99988pt}{\the \pdflastxpos }{\the \pdflastypos }}
..............\endL
..............\special{pdf:dest (EXO.40:38) [@thispage /XYZ @xpos @ypos null]}
..............\hbox(5.98953+2.31825)x8.25005, shifted -3.2889
...............\font<v-12.0+m> 38
..............\kern 1.65001
..............\penalty 10000
..............\glue 0.0
..............\font<m-12.0> F
..............\penalty 10000
..............\glue 0.0 plus 0.04004 minus 0.16003
..............\font<m-12.0> o
..............\penalty 10000
..............\glue 0.0 plus 0.04004 minus 0.16003
..............\font<m-12.0> r
..............\glue 2.75002 plus 2.75002 minus 1.375
..............\font<m-12.0> t
..............\penalty 10000
..............\glue 0.0 plus 0.04004 minus 0.16003
..............\font<m-12.0> h
..............\penalty 10000
..............\glue 0.0 plus 0.04004 minus 0.16003
..............\font<m-12.0> e
..............\glue 2.75002 plus 2.75002 minus 1.375
..............\font<m-12.0> c
..............\penalty 10000
..............\glue 0.0 plus 0.04004 minus 0.16003
..............\font<m-12.0> l
..............\penalty 10000
..............\glue 0.0 plus 0.04004 minus 0.16003
..............\font<m-12.0> o
..............\penalty 10000
..............\glue 0.0 plus 0.04004 minus 0.16003
..............\font<m-12.0> u
..............\penalty 10000
..............\glue 0.0 plus 0.04004 minus 0.16003
..............\font<m-12.0> d
..............\glue 2.75002 plus 2.75002 minus 1.375
..............\font<m-12.0> o
..............\penalty 10000
..............\glue 0.0 plus 0.04004 minus 0.16003
..............\font<m-12.0> f
..............\glue 2.75002 plus 2.75002 minus 1.375
..............\font<m-12.0> t
..............\penalty 10000
..............\glue 0.0 plus 0.04004 minus 0.16003
..............\font<m-12.0> h
..............\penalty 10000
..............\glue 0.0 plus 0.04004 minus 0.16003
..............\font<m-12.0> e
..............\glue 2.75002 plus 2.75002 minus 1.375
..............\font<m-12.0> L
..............\penalty 10000
..............\glue 0.0 plus 0.04004 minus 0.16003
..............\font<m-12.0> O
..............\penalty 10000
..............\glue 0.0 plus 0.04004 minus 0.16003
..............\font<m-12.0> R
..............\penalty 10000
..............\glue 0.0 plus 0.04004 minus 0.16003
..............\font<m-12.0> D
..............\glue 2.75002 plus 2.74725 minus 1.37637
..............\font<m-12.0> w
..............\penalty 10000
..............\glue 0.0 plus 0.04004 minus 0.16003
..............\font<m-12.0> a
..............\penalty 10000
..............\glue 0.0 plus 0.04004 minus 0.16003
..............\font<m-12.0> s
..............\glue(\rightskip) 0.0 plus 42.47676
.............\mark{Exodus:40:38}
.............\penalty 10000
.............\glue(\baselineskip) 2.92284
.............\hbox(7.98604+3.091)x169.90706, glue set 0.12303
..............\font<m-12.0> o
..............\penalty 10000
..............\glue 0.0 plus 0.04004 minus 0.16003
..............\font<m-12.0> n
..............\glue 2.75002 plus 2.75002 minus 1.375
..............\font<m-12.0> t
..............\penalty 10000
..............\glue 0.0 plus 0.04004 minus 0.16003
..............\font<m-12.0> h
..............\penalty 10000
..............\glue 0.0 plus 0.04004 minus 0.16003
..............\font<m-12.0> e
..............\glue 2.75002 plus 2.75002 minus 1.375
..............\font<m-12.0> t
..............\penalty 10000
..............\glue 0.0 plus 0.04004 minus 0.16003
..............\font<m-12.0> a
..............\penalty 10000
..............\glue 0.0 plus 0.04004 minus 0.16003
..............\font<m-12.0> b
..............\penalty 10000
..............\glue 0.0 plus 0.04004 minus 0.16003
..............\font<m-12.0> e
..............\penalty 10000
..............\glue 0.0 plus 0.04004 minus 0.16003
..............\font<m-12.0> r
..............\penalty 10000
..............\glue 0.0 plus 0.04004 minus 0.16003
..............\font<m-12.0> n
..............\penalty 10000
..............\glue 0.0 plus 0.04004 minus 0.16003
..............\font<m-12.0> a
..............\penalty 10000
..............\glue 0.0 plus 0.04004 minus 0.16003
..............\font<m-12.0> c
..............\penalty 10000
..............\glue 0.0 plus 0.04004 minus 0.16003
..............\font<m-12.0> l
..............\penalty 10000
..............\glue 0.0 plus 0.04004 minus 0.16003
..............\font<m-12.0> e
..............\glue 2.75002 plus 2.75002 minus 1.375
..............\font<m-12.0> b
..............\penalty 10000
..............\glue 0.0 plus 0.04004 minus 0.16003
..............\font<m-12.0> y
..............\glue 2.75002 plus 2.75002 minus 1.375
..............\font<m-12.0> d
..............\penalty 10000
..............\glue 0.0 plus 0.04004 minus 0.16003
..............\font<m-12.0> a
..............\penalty 10000
..............\glue 0.0 plus 0.04004 minus 0.16003
..............\font<m-12.0> y
..............\penalty 10000
..............\glue 0.0 plus 0.04004 minus 0.16003
..............\font<m-12.0> ,
..............\glue 2.75002 plus 2.75002 minus 1.375
..............\font<m-12.0> a
..............\penalty 10000
..............\glue 0.0 plus 0.04004 minus 0.16003
..............\font<m-12.0> n
..............\penalty 10000
..............\glue 0.0 plus 0.04004 minus 0.16003
..............\font<m-12.0> d
..............\glue 2.75002 plus 2.75002 minus 1.375
..............\font<m-12.0> f
..............\penalty 10000
..............\glue 0.0 plus 0.04004 minus 0.16003
..............\font<m-12.0> i
..............\penalty 10000
..............\glue 0.0 plus 0.04004 minus 0.16003
..............\font<m-12.0> r
..............\penalty 10000
..............\glue 0.0 plus 0.04004 minus 0.16003
..............\font<m-12.0> e
..............\glue(\rightskip) 0.0 plus 42.47676
.............\glue(\baselineskip) 2.92284
.............\hbox(7.98604+3.091)x169.90706, glue set 0.15944
..............\font<m-12.0> w
..............\penalty 10000
..............\glue 0.0 plus 0.04004 minus 0.16003
..............\font<m-12.0> a
..............\penalty 10000
..............\glue 0.0 plus 0.04004 minus 0.16003
..............\font<m-12.0> s
..............\glue 2.75002 plus 2.75002 minus 1.375
..............\font<m-12.0> o
..............\penalty 10000
..............\glue 0.0 plus 0.04004 minus 0.16003
..............\font<m-12.0> n
..............\glue 2.75002 plus 2.75002 minus 1.375
..............\font<m-12.0> i
..............\penalty 10000
..............\glue 0.0 plus 0.04004 minus 0.16003
..............\font<m-12.0> t
..............\glue 2.75002 plus 2.75002 minus 1.375
..............\font<m-12.0> b
..............\penalty 10000
..............\glue 0.0 plus 0.04004 minus 0.16003
..............\font<m-12.0> y
..............\glue 2.75002 plus 2.75002 minus 1.375
..............\font<m-12.0> n
..............\penalty 10000
..............\glue 0.0 plus 0.04004 minus 0.16003
..............\font<m-12.0> i
..............\penalty 10000
..............\glue 0.0 plus 0.04004 minus 0.16003
..............\font<m-12.0> g
..............\penalty 10000
..............\glue 0.0 plus 0.04004 minus 0.16003
..............\font<m-12.0> h
..............\penalty 10000
..............\glue 0.0 plus 0.04004 minus 0.16003
..............\font<m-12.0> t
..............\penalty 10000
..............\glue 0.0 plus 0.04004 minus 0.16003
..............\font<m-12.0> ,
..............\glue 2.75002 plus 2.75002 minus 1.375
..............\font<m-12.0> i
..............\penalty 10000
..............\glue 0.0 plus 0.04004 minus 0.16003
..............\font<m-12.0> n
..............\glue 2.75002 plus 2.75002 minus 1.375
..............\font<m-12.0> t
..............\penalty 10000
..............\glue 0.0 plus 0.04004 minus 0.16003
..............\font<m-12.0> h
..............\penalty 10000
..............\glue 0.0 plus 0.04004 minus 0.16003
..............\font<m-12.0> e
..............\glue 2.75002 plus 2.75002 minus 1.375
..............\font<m-12.0> s
..............\penalty 10000
..............\glue 0.0 plus 0.04004 minus 0.16003
..............\font<m-12.0> i
..............\penalty 10000
..............\glue 0.0 plus 0.04004 minus 0.16003
..............\font<m-12.0> g
..............\penalty 10000
..............\glue 0.0 plus 0.04004 minus 0.16003
..............\font<m-12.0> h
..............\penalty 10000
..............\glue 0.0 plus 0.04004 minus 0.16003
..............\font<m-12.0> t
..............\glue 2.75002 plus 2.75002 minus 1.375
..............\font<m-12.0> o
..............\penalty 10000
..............\glue 0.0 plus 0.04004 minus 0.16003
..............\font<m-12.0> f
..............\glue(\rightskip) 0.0 plus 42.47676
.............\glue(\baselineskip) 2.92284
.............\hbox(7.98604+3.091)x169.90706, glue set 0.09099
..............\font<m-12.0> a
..............\penalty 10000
..............\glue 0.0 plus 0.04004 minus 0.16003
..............\font<m-12.0> l
..............\penalty 10000
..............\glue 0.0 plus 0.04004 minus 0.16003
..............\font<m-12.0> l
..............\glue 2.75002 plus 2.75002 minus 1.375
..............\font<m-12.0> t
..............\penalty 10000
..............\glue 0.0 plus 0.04004 minus 0.16003
..............\font<m-12.0> h
..............\penalty 10000
..............\glue 0.0 plus 0.04004 minus 0.16003
..............\font<m-12.0> e
..............\glue 2.75002 plus 2.75002 minus 1.375
..............\font<m-12.0> h
..............\penalty 10000
..............\glue 0.0 plus 0.04004 minus 0.16003
..............\font<m-12.0> o
..............\penalty 10000
..............\glue 0.0 plus 0.04004 minus 0.16003
..............\font<m-12.0> u
..............\penalty 10000
..............\glue 0.0 plus 0.04004 minus 0.16003
..............\font<m-12.0> s
..............\penalty 10000
..............\glue 0.0 plus 0.04004 minus 0.16003
..............\font<m-12.0> e
..............\glue 2.75002 plus 2.75002 minus 1.375
..............\font<m-12.0> o
..............\penalty 10000
..............\glue 0.0 plus 0.04004 minus 0.16003
..............\font<m-12.0> f
..............\glue 2.75002 plus 2.75002 minus 1.375
..............\font<m-12.0> I
..............\penalty 10000
..............\glue 0.0 plus 0.04004 minus 0.16003
..............\font<m-12.0> s
..............\penalty 10000
..............\glue 0.0 plus 0.04004 minus 0.16003
..............\font<m-12.0> r
..............\penalty 10000
..............\glue 0.0 plus 0.04004 minus 0.16003
..............\font<m-12.0> a
..............\penalty 10000
..............\glue 0.0 plus 0.04004 minus 0.16003
..............\font<m-12.0> e
..............\penalty 10000
..............\glue 0.0 plus 0.04004 minus 0.16003
..............\font<m-12.0> l
..............\penalty 10000
..............\glue 0.0 plus 0.04004 minus 0.16003
..............\font<m-12.0> ,
..............\glue 2.75002 plus 2.75002 minus 1.375
..............\font<m-12.0> t
..............\penalty 10000
..............\glue 0.0 plus 0.04004 minus 0.16003
..............\font<m-12.0> h
..............\penalty 10000
..............\glue 0.0 plus 0.04004 minus 0.16003
..............\font<m-12.0> r
..............\penalty 10000
..............\glue 0.0 plus 0.04004 minus 0.16003
..............\font<m-12.0> o
..............\penalty 10000
..............\glue 0.0 plus 0.04004 minus 0.16003
..............\font<m-12.0> u
..............\penalty 10000
..............\glue 0.0 plus 0.04004 minus 0.16003
..............\font<m-12.0> g
..............\penalty 10000
..............\glue 0.0 plus 0.04004 minus 0.16003
..............\font<m-12.0> h
..............\penalty 10000
..............\glue 0.0 plus 0.04004 minus 0.16003
..............\font<m-12.0> o
..............\penalty 10000
..............\glue 0.0 plus 0.04004 minus 0.16003
..............\font<m-12.0> u
..............\penalty 10000
..............\glue 0.0 plus 0.04004 minus 0.16003
..............\font<m-12.0> t
..............\glue(\rightskip) 0.0 plus 42.47676
.............\penalty 10000
.............\glue(\baselineskip) 2.92284
.............\hbox(7.98604+3.091)x169.90706, glue set 84.98657fil
..............\font<m-12.0> a
..............\penalty 10000
..............\glue 0.0 plus 0.04004 minus 0.16003
..............\font<m-12.0> l
..............\penalty 10000
..............\glue 0.0 plus 0.04004 minus 0.16003
..............\font<m-12.0> l
..............\glue 2.75002 plus 2.75002 minus 1.375
..............\font<m-12.0> t
..............\penalty 10000
..............\glue 0.0 plus 0.04004 minus 0.16003
..............\font<m-12.0> h
..............\penalty 10000
..............\glue 0.0 plus 0.04004 minus 0.16003
..............\font<m-12.0> e
..............\penalty 10000
..............\glue 0.0 plus 0.04004 minus 0.16003
..............\font<m-12.0> i
..............\penalty 10000
..............\glue 0.0 plus 0.04004 minus 0.16003
..............\font<m-12.0> r
..............\glue 2.75002 plus 2.75002 minus 1.375
..............\font<m-12.0> j
..............\penalty 10000
..............\glue 0.0 plus 0.04004 minus 0.16003
..............\font<m-12.0> o
..............\penalty 10000
..............\glue 0.0 plus 0.04004 minus 0.16003
..............\font<m-12.0> u
..............\penalty 10000
..............\glue 0.0 plus 0.04004 minus 0.16003
..............\font<m-12.0> r
..............\penalty 10000
..............\glue 0.0 plus 0.04004 minus 0.16003
..............\font<m-12.0> n
..............\penalty 10000
..............\glue 0.0 plus 0.04004 minus 0.16003
..............\font<m-12.0> e
..............\penalty 10000
..............\glue 0.0 plus 0.04004 minus 0.16003
..............\font<m-12.0> y
..............\penalty 10000
..............\glue 0.0 plus 0.04004 minus 0.16003
..............\font<m-12.0> s
..............\penalty 10000
..............\glue 0.0 plus 0.04004 minus 0.16003
..............\font<m-12.0> .
..............\beginL
..............\pdfsavepos
..............\write0{\noexpand \@parend {0}{\the \pdflastxpos }{\the \pdflastypos }{\the \lastdepth }}
..............\endL
..............\penalty 10000
..............\glue(\parfillskip) 0.0 plus 1.0fil
..............\glue(\rightskip) 0.0 plus 42.47676
.............\write0{\@parlen{EXO40.38}{1}{5}{m}{EXO40.38}{1}}
.............\pdfsavepos
.............\write0{\string \@colstop {\the \pdflastxpos }{\the \pdflastypos }}
.............\glue 0.0 plus 1.0fil
............\hbox(0.0+0.0)x0.0
...........\kern 3.091
.......\glue(\parskip) 0.0
.......\glue(\lineskip) 0.0
.......\hbox(0.0+0.0)x169.90706, glue set 169.90706fil
........\hbox(0.0+0.0)x0.0
........\beginL
........\pdfsavepos
........\write0{\noexpand \@parpageend {\the \pdflastxpos }{\the \pdflastypos }{pageend}}
........\endL
........\penalty 10000
........\glue(\parfillskip) 0.0 plus 1.0fil
........\glue(\rightskip) 0.0 plus 42.47676
.....\glue(\lineskip) 0.0
.....\vbox(18.50212+3.091)x352.8142
......\kern 10.51608
......\hbox(7.98604+3.091)x352.8142, glue set 168.15706fil
.......\special{color push rgb 0 0 0}
.......\hbox(0.0+0.0)x0.0
........\hbox(0.0+0.0)x0.0
........\glue 0.0 plus 1.0fil minus 1.0fil
.......\glue 0.0 plus 1.0fil
.......\font<m-12.0> 218
.......\glue 0.0 plus 1.0fil
.......\hbox(0.0+0.0)x0.0
........\glue 0.0 plus 1.0fil minus 1.0fil
........\hbox(0.0+0.0)x0.0
.......\special{color pop}
...\glue 0.0 plus 1.0fil minus 1.0fil
.\kern 29.87538

[218] ptxfile 03LEVakjv-three-Default.USFM monoglot,
(no adjustment list "../../../shared/ptxprint/Default/AdjLists/03LEVakjv-three-Default.USFM.adj" found)
(no picture list "03LEVakjv-three-Default.USFM.piclist" found)
 (./03LEVakjv-three-Default.USFM First chapter for LEV
Underfill[B]: [219] ht=419.99634pt, space=433.99815pt, baseline=13.99988pt
 [219] [220] [221] [222]
Underfill[A]: [223] ht=489.99573pt, space=503.99754pt, baseline=13.99988pt
 [223] [224]
Underfill[A]: [225] ht=489.99573pt, space=503.99754pt, baseline=13.99988pt
 [225] [226]
Underfill[A]: [227] ht=489.99573pt, space=503.99754pt, baseline=13.99988pt
 [227]
Underfill[A]: [228] ht=489.99573pt, space=503.99754pt, baseline=13.99988pt
Underfill[B]: [228] ht=489.99573pt, space=503.99754pt, baseline=13.99988pt
 [228] [229]
Underfill[A]: [230] ht=489.99573pt, space=503.99754pt, baseline=13.99988pt
 [230]
Underfill[B]: [231] ht=489.99573pt, space=503.99754pt, baseline=13.99988pt
 [231]
Underfill[A]: [232] ht=489.99573pt, space=503.99754pt, baseline=13.99988pt
 [232] [233]
Underfill[A]: [234] ht=489.99573pt, space=503.99754pt, baseline=13.99988pt
Underfill[B]: [234] ht=489.99573pt, space=503.99754pt, baseline=13.99988pt
 [234] [235] [236]
Underfill[B]: [237] ht=489.99573pt, space=503.99754pt, baseline=13.99988pt
 [237] [238] [239] [240]
Underfill[A]: [241] ht=489.99573pt, space=503.99754pt, baseline=13.99988pt
Underfill[B]: [241] ht=489.99573pt, space=503.99754pt, baseline=13.99988pt
 [241]
Underfill[A]: [242] ht=489.99573pt, space=503.99754pt, baseline=13.99988pt
 [242] [243]
Underfill[B]: [244] ht=489.99573pt, space=503.99754pt, baseline=13.99988pt
 [244]
Underfill[B]: [245] ht=489.99573pt, space=503.99754pt, baseline=13.99988pt
 [245] [246] [247]
Underfill[A]: [248] ht=489.99573pt, space=503.99754pt, baseline=13.99988pt
Underfill[B]: [248] ht=489.99573pt, space=503.99754pt, baseline=13.99988pt
 [248] [249] [250] [251] [252]
Underfill[B]: [253] ht=475.99585pt, space=503.99754pt, baseline=13.99988pt
 [253]
Underfill[B]: [254] ht=489.99573pt, space=503.99754pt, baseline=13.99988pt
 [254] [255] [256]
Underfill[A]: [257] ht=489.99573pt, space=503.99754pt, baseline=13.99988pt
 [257] [258]
Underfill[A]: [259] ht=489.99573pt, space=503.99754pt, baseline=13.99988pt
Underfill[B]: [259] ht=489.99573pt, space=503.99754pt, baseline=13.99988pt
 [259] [260]
Underfill[A]: [261] ht=489.99573pt, space=503.99754pt, baseline=13.99988pt
 [261]
Underfill[B]: [262] ht=489.99573pt, space=503.99754pt, baseline=13.99988pt
 [262]
Underfill[A]: [263] ht=475.99585pt, space=503.99754pt, baseline=13.99988pt
 [263]
Underfill[A]: [264] ht=489.99573pt, space=503.99754pt, baseline=13.99988pt
 [264]
Underfill[A]: [265] ht=489.99573pt, space=503.99754pt, baseline=13.99988pt
Underfill[B]: [265] ht=489.99573pt, space=503.99754pt, baseline=13.99988pt
 [265]
Underfill[A]: [266] ht=489.99573pt, space=503.99754pt, baseline=13.99988pt
 [266] [267]
Underfill[B]: [268] ht=489.99573pt, space=503.99754pt, baseline=13.99988pt
 [268]
Underfill[A]: [269] ht=489.99573pt, space=503.99754pt, baseline=13.99988pt
 [269] [270]
Underfill[A]: [271] ht=489.99573pt, space=503.99754pt, baseline=13.99988pt
 [271] [272]
Underfill[B]: [273] ht=489.99573pt, space=503.99754pt, baseline=13.99988pt
 [273] [274]
Underfill[A]: [275] ht=489.99573pt, space=503.99754pt, baseline=13.99988pt
 [275]) [276] ptxfile 04NUMakjv-three-Default.USFM monoglot,
(no adjustment list "../../../shared/ptxprint/Default/AdjLists/04NUMakjv-three-Default.USFM.adj" found)
(no picture list "04NUMakjv-three-Default.USFM.piclist" found)
 (./04NUMakjv-three-Default.USFM First chapter for NUM
Underfill[A]: [277] ht=419.99634pt, space=433.99815pt, baseline=13.99988pt
Underfill[B]: [277] ht=419.99634pt, space=433.99815pt, baseline=13.99988pt
 [277]
Underfill[B]: [278] ht=489.99573pt, space=503.99754pt, baseline=13.99988pt
 [278]
Underfill[B]: [279] ht=489.99573pt, space=503.99754pt, baseline=13.99988pt
 [279]
Underfill[B]: [280] ht=489.99573pt, space=503.99754pt, baseline=13.99988pt
 [280]
Underfill[B]: [281] ht=475.99585pt, space=503.99754pt, baseline=13.99988pt
 [281] [282]
Underfill[A]: [283] ht=489.99573pt, space=503.99754pt, baseline=13.99988pt
 [283]
Underfill[A]: [284] ht=489.99573pt, space=503.99754pt, baseline=13.99988pt
 [284]
Underfill[A]: [285] ht=489.99573pt, space=503.99754pt, baseline=13.99988pt
 [285]
Underfill[B]: [286] ht=489.99573pt, space=503.99754pt, baseline=13.99988pt
 [286]
Underfill[A]: [287] ht=489.99573pt, space=503.99754pt, baseline=13.99988pt
Underfill[B]: [287] ht=489.99573pt, space=503.99754pt, baseline=13.99988pt
 [287]
Underfill[A]: [288] ht=489.99573pt, space=503.99754pt, baseline=13.99988pt
Underfill[B]: [288] ht=489.99573pt, space=503.99754pt, baseline=13.99988pt
 [288] [289]
Underfill[A]: [290] ht=489.99573pt, space=503.99754pt, baseline=13.99988pt
 [290] [291]
Underfill[B]: [292] ht=489.99573pt, space=503.99754pt, baseline=13.99988pt
 [292]
Underfill[A]: [293] ht=475.99585pt, space=503.99754pt, baseline=13.99988pt
 [293]
Underfill[A]: [294] ht=489.99573pt, space=503.99754pt, baseline=13.99988pt
Underfill[B]: [294] ht=489.99573pt, space=503.99754pt, baseline=13.99988pt
 [294]
Underfill[B]: [295] ht=475.99585pt, space=503.99754pt, baseline=13.99988pt
 [295]
Underfill[A]: [296] ht=489.99573pt, space=503.99754pt, baseline=13.99988pt
 [296]
Underfill[A]: [297] ht=489.99573pt, space=503.99754pt, baseline=13.99988pt
 [297] [298]
Underfill[B]: [299] ht=489.99573pt, space=503.99754pt, baseline=13.99988pt
 [299]
Underfill[B]: [300] ht=489.99573pt, space=503.99754pt, baseline=13.99988pt
 [300]
Underfill[A]: [301] ht=489.99573pt, space=503.99754pt, baseline=13.99988pt
 [301] [302]
Underfill[B]: [303] ht=489.99573pt, space=503.99754pt, baseline=13.99988pt
 [303] [304]
Underfill[B]: [305] ht=489.99573pt, space=503.99754pt, baseline=13.99988pt
 [305]
Underfill[A]: [306] ht=489.99573pt, space=503.99754pt, baseline=13.99988pt
 [306]
Underfill[B]: [307] ht=489.99573pt, space=503.99754pt, baseline=13.99988pt
 [307]
Underfill[A]: [308] ht=489.99573pt, space=503.99754pt, baseline=13.99988pt
Underfill[B]: [308] ht=489.99573pt, space=503.99754pt, baseline=13.99988pt
 [308] [309]
Underfill[B]: [310] ht=489.99573pt, space=503.99754pt, baseline=13.99988pt
 [310]
Underfill[A]: [311] ht=489.99573pt, space=503.99754pt, baseline=13.99988pt
 [311] [312] [313]
Underfill[B]: [314] ht=489.99573pt, space=503.99754pt, baseline=13.99988pt
 [314]
Underfill[A]: [315] ht=489.99573pt, space=503.99754pt, baseline=13.99988pt
Underfill[B]: [315] ht=489.99573pt, space=503.99754pt, baseline=13.99988pt
 [315]
Underfill[A]: [316] ht=475.99585pt, space=503.99754pt, baseline=13.99988pt
 [316]
Underfill[B]: [317] ht=489.99573pt, space=503.99754pt, baseline=13.99988pt
 [317]
Underfill[A]: [318] ht=489.99573pt, space=503.99754pt, baseline=13.99988pt
 [318]
Underfill[A]: [319] ht=489.99573pt, space=503.99754pt, baseline=13.99988pt
 [319] [320]
Underfill[A]: [321] ht=489.99573pt, space=503.99754pt, baseline=13.99988pt
Underfill[B]: [321] ht=489.99573pt, space=503.99754pt, baseline=13.99988pt
 [321]
Underfill[A]: [322] ht=489.99573pt, space=503.99754pt, baseline=13.99988pt
Underfill[B]: [322] ht=489.99573pt, space=503.99754pt, baseline=13.99988pt
 [322]
Underfill[B]: [323] ht=489.99573pt, space=503.99754pt, baseline=13.99988pt
 [323] [324]
Underfill[A]: [325] ht=489.99573pt, space=503.99754pt, baseline=13.99988pt
Underfill[B]: [325] ht=489.99573pt, space=503.99754pt, baseline=13.99988pt
 [325]
Underfill[B]: [326] ht=475.99585pt, space=503.99754pt, baseline=13.99988pt
 [326]
Underfill[A]: [327] ht=489.99573pt, space=503.99754pt, baseline=13.99988pt
 [327] [328]
Underfill[A]: [329] ht=489.99573pt, space=503.99754pt, baseline=13.99988pt
 [329] [330]
Underfill[B]: [331] ht=489.99573pt, space=503.99754pt, baseline=13.99988pt
 [331] [332]
Underfill[A]: [333] ht=489.99573pt, space=503.99754pt, baseline=13.99988pt
 [333]
Underfill[A]: [334] ht=489.99573pt, space=503.99754pt, baseline=13.99988pt
Underfill[B]: [334] ht=489.99573pt, space=503.99754pt, baseline=13.99988pt
 [334]
Underfill[A]: [335] ht=489.99573pt, space=503.99754pt, baseline=13.99988pt
 [335]
Underfill[A]: [336] ht=489.99573pt, space=503.99754pt, baseline=13.99988pt
Underfill[B]: [336] ht=489.99573pt, space=503.99754pt, baseline=13.99988pt
 [336] [337]
Underfill[B]: [338] ht=489.99573pt, space=503.99754pt, baseline=13.99988pt
 [338]
Underfill[B]: [339] ht=489.99573pt, space=503.99754pt, baseline=13.99988pt
 [339] [340]
Underfill[A]: [341] ht=489.99573pt, space=503.99754pt, baseline=13.99988pt
Underfill[B]: [341] ht=489.99573pt, space=503.99754pt, baseline=13.99988pt
 [341]
Underfill[A]: [342] ht=489.99573pt, space=503.99754pt, baseline=13.99988pt
Underfill[B]: [342] ht=489.99573pt, space=503.99754pt, baseline=13.99988pt
 [342] [343] [344] [345]
Underfill[B]: [346] ht=489.99573pt, space=503.99754pt, baseline=13.99988pt
 [346]
Underfill[B]: [347] ht=489.99573pt, space=503.99754pt, baseline=13.99988pt
 [347]
Underfill[B]: [348] ht=489.99573pt, space=503.99754pt, baseline=13.99988pt
 [348]
Underfill[A]: [349] ht=489.99573pt, space=503.99754pt, baseline=13.99988pt
Underfill[B]: [349] ht=489.99573pt, space=503.99754pt, baseline=13.99988pt
 [349] [350]
Underfill[A]: [351] ht=489.99573pt, space=503.99754pt, baseline=13.99988pt
Underfill[B]: [351] ht=489.99573pt, space=503.99754pt, baseline=13.99988pt
 [351]
Underfill[B]: [352] ht=475.99585pt, space=503.99754pt, baseline=13.99988pt
 [352]
Underfill[A]: [353] ht=489.99573pt, space=503.99754pt, baseline=13.99988pt
 [353]
Underfill[A]: [354] ht=489.99573pt, space=503.99754pt, baseline=13.99988pt
 [354]
Underfill[A]: [355] ht=475.99585pt, space=503.99754pt, baseline=13.99988pt
 [355] [356]
Underfill[A]: [357] ht=489.99573pt, space=503.99754pt, baseline=13.99988pt
 [357])
Underfill[A]: [358] ht=489.99573pt, space=503.99754pt, baseline=13.99988pt
Underfill[B]: [358] ht=489.99573pt, space=503.99754pt, baseline=13.99988pt
 [358]
Underfill[B]: [359] ht=0.0pt, space=27.99976pt, baseline=13.99988pt
 [359] ptxfile 05DEUakjv-three-Default.USFM monoglot,
(no adjustment list "../../../shared/ptxprint/Default/AdjLists/05DEUakjv-three-Default.USFM.adj" found)
(no picture list "05DEUakjv-three-Default.USFM.piclist" found)
 (./05DEUakjv-three-Default.USFM First chapter for DEU [360] [361]
Underfill[A]: [362] ht=489.99573pt, space=503.99754pt, baseline=13.99988pt
 [362]
Underfill[A]: [363] ht=489.99573pt, space=503.99754pt, baseline=13.99988pt
Underfill[B]: [363] ht=475.99585pt, space=503.99754pt, baseline=13.99988pt
 [363] [364] [365]
Underfill[A]: [366] ht=489.99573pt, space=503.99754pt, baseline=13.99988pt
 [366]
Underfill[A]: [367] ht=489.99573pt, space=503.99754pt, baseline=13.99988pt
 [367]
Underfill[A]: [368] ht=489.99573pt, space=503.99754pt, baseline=13.99988pt
 [368] [369]
Underfill[A]: [370] ht=489.99573pt, space=503.99754pt, baseline=13.99988pt
 [370] [371] [372]
Underfill[B]: [373] ht=489.99573pt, space=503.99754pt, baseline=13.99988pt
 [373]
Underfill[A]: [374] ht=489.99573pt, space=503.99754pt, baseline=13.99988pt
 [374]
Underfill[A]: [375] ht=489.99573pt, space=503.99754pt, baseline=13.99988pt
Underfill[B]: [375] ht=489.99573pt, space=503.99754pt, baseline=13.99988pt
 [375] [376] [377]
Underfill[B]: [378] ht=489.99573pt, space=503.99754pt, baseline=13.99988pt
 [378]
Underfill[A]: [379] ht=489.99573pt, space=503.99754pt, baseline=13.99988pt
 [379]
Underfill[A]: [380] ht=489.99573pt, space=503.99754pt, baseline=13.99988pt
Underfill[B]: [380] ht=489.99573pt, space=503.99754pt, baseline=13.99988pt
 [380]
Underfill[B]: [381] ht=489.99573pt, space=503.99754pt, baseline=13.99988pt
 [381]
Underfill[A]: [382] ht=475.99585pt, space=503.99754pt, baseline=13.99988pt
 [382]
Underfill[B]: [383] ht=489.99573pt, space=503.99754pt, baseline=13.99988pt
 [383] [384] [385] [386]
Underfill[A]: [387] ht=489.99573pt, space=503.99754pt, baseline=13.99988pt
 [387]
Underfill[A]: [388] ht=489.99573pt, space=503.99754pt, baseline=13.99988pt
Underfill[B]: [388] ht=489.99573pt, space=503.99754pt, baseline=13.99988pt
 [388] [389]
Underfill[A]: [390] ht=489.99573pt, space=503.99754pt, baseline=13.99988pt
Underfill[B]: [390] ht=489.99573pt, space=503.99754pt, baseline=13.99988pt
 [390] [391]
Underfill[A]: [392] ht=489.99573pt, space=503.99754pt, baseline=13.99988pt
 [392] [393]
Underfill[A]: [394] ht=489.99573pt, space=503.99754pt, baseline=13.99988pt
Underfill[B]: [394] ht=489.99573pt, space=503.99754pt, baseline=13.99988pt
 [394]
Underfill[A]: [395] ht=489.99573pt, space=503.99754pt, baseline=13.99988pt
Underfill[B]: [395] ht=475.99585pt, space=503.99754pt, baseline=13.99988pt
 [395] [396]
Underfill[A]: [397] ht=475.99585pt, space=503.99754pt, baseline=13.99988pt
 [397]
Underfill[B]: [398] ht=489.99573pt, space=503.99754pt, baseline=13.99988pt
 [398]
Underfill[A]: [399] ht=489.99573pt, space=503.99754pt, baseline=13.99988pt
 [399]
Underfill[A]: [400] ht=489.99573pt, space=503.99754pt, baseline=13.99988pt
 [400]
Underfill[B]: [401] ht=489.99573pt, space=503.99754pt, baseline=13.99988pt
 [401]
Underfill[B]: [402] ht=489.99573pt, space=503.99754pt, baseline=13.99988pt
 [402]
Underfill[A]: [403] ht=489.99573pt, space=503.99754pt, baseline=13.99988pt
 [403] [404]
Underfill[A]: [405] ht=489.99573pt, space=503.99754pt, baseline=13.99988pt
 [405] [406] [407] [408] [409]
Underfill[A]: [410] ht=489.99573pt, space=503.99754pt, baseline=13.99988pt
 [410] [411]
Underfill[B]: [412] ht=489.99573pt, space=503.99754pt, baseline=13.99988pt
 [412]
Underfill[A]: [413] ht=489.99573pt, space=503.99754pt, baseline=13.99988pt
 [413]
Underfill[B]: [414] ht=489.99573pt, space=503.99754pt, baseline=13.99988pt
 [414] [415]
Underfill[B]: [416] ht=489.99573pt, space=503.99754pt, baseline=13.99988pt
 [416]
Underfill[B]: [417] ht=489.99573pt, space=503.99754pt, baseline=13.99988pt
 [417]
Underfill[A]: [418] ht=489.99573pt, space=503.99754pt, baseline=13.99988pt
 [418] [419] [420]
Underfill[A]: [421] ht=489.99573pt, space=503.99754pt, baseline=13.99988pt
Underfill[B]: [421] ht=489.99573pt, space=503.99754pt, baseline=13.99988pt
 [421]
Underfill[A]: [422] ht=489.99573pt, space=503.99754pt, baseline=13.99988pt
Underfill[B]: [422] ht=489.99573pt, space=503.99754pt, baseline=13.99988pt
 [422]
Underfill[A]: [423] ht=489.99573pt, space=503.99754pt, baseline=13.99988pt
 [423]
Underfill[A]: [424] ht=489.99573pt, space=503.99754pt, baseline=13.99988pt
 [424]
Underfill[B]: [425] ht=489.99573pt, space=503.99754pt, baseline=13.99988pt
 [425] [426])
Underfill[B]: [427] ht=83.99927pt, space=111.99902pt, baseline=13.99988pt
 [427] r=> 0/ 1 coverback: 75.06995pt+0.0pt* 0.0pt coverfront: 488.84189pt+0.0pt* 331.10078pt coverwhole: 597.50787pt+0.0pt* 842.20157pt [428]
\openout0 = `akjv-three_Default_GEN-DEU_ptxp.delayed'.

 (/work/projects/_PTXprint/akjv-three/local/ptxprint/Default/akjv-three_Default_GEN-DEU_ptxp.parlocs)
\openout3 = `akjv-three_Default_GEN-DEU_ptxp.lot'.

\openout2 = `.tex'.

 Elapsed time: 11.54053s (/work/projects/_PTXprint/akjv-three/local/ptxprint/Default/akjv-three_Default_GEN-DEU_ptxp.notepages) (/work/projects/_PTXprint/akjv-three/local/ptxprint/Default/akjv-three_Default_GEN-DEU_ptxp.picpages) ) 
Here is how much of TeX's memory you used:
 18879 strings out of 495016
 257907 string characters out of 12441608
 500389 words of memory out of 5000000
 22641 multiletter control sequences out of 15000+600000
 4850 words of font info for 29 fonts, out of 8000000 for 9000
 14 hyphenation exceptions out of 65521
 74i,15n,139p,705b,1336s stack positions out of 30000i,1000n,20000p,200000b,200000s

Output written on akjv-three_Default_GEN-DEU_ptxp.xdv (432 pages, 14461424 bytes).

XeTeX Log Summary: Info: 0   Warn: 1   Error: 0
134 underfilled pages: 219, 223, 225, 227-228, 230-232, 234, 237, 241-242, 244-245, 248, 253-254, 257, 259, 261-266, 268-269, 271, 273, 275, 277-281, 283-288, 290, 292-297, 299-301, 303, 305-308, 310-311, 314-319, 321-323, 325-327, 329, 331, 333-336, 338-339, 341-342, 346-349, 351-355, 357-359, 362-363, 366-368, 370, 373-375, 378-383, 387-388, 390, 392, 394-395, 397-403, 405, 410, 412-414, 416-418, 421-425, 427